Ff_Number,So_Number,Order_Reference,Channel,Order_Created_Date,Warehouse,Planned_Date,Carrier,Sku,Sku_Name,Quantity
FF4578606,SO5152437,AUS325533,Shopify AUS,2026-04-01 04:42:08.141693+00:00,UKAB (Airbox 18),2026-04-01,UKAB (Airbox 18),WCBWR549,Cherry Blossom 300ml Body Wash Refill,1.0
FF4580500,SO5154329,2728998,Shopify EU,2026-04-01 10:26:09.333785+00:00,UKAB (Airbox 18),2026-04-01,UKAB (Airbox 18),WCBWR507,Thunderstorm 300ml Body Wash Refill,1.0
FF4585610,SO5159438,#5752748,Shopify UK,2026-04-02 01:18:14.837708+00:00,UKAB (Airbox 18),2026-04-02,UKAB (Airbox 18),WCLR02,Coconut & Vanilla Lip Balm Refill,1.0
FF4590400,SO5164230,2732175,Shopify EU,2026-04-02 20:21:26.115445+00:00,UKAB (Airbox 18),2026-04-02,UKAB (Airbox 18),WCLR1072,Watermelon Lip Balm Refill,1.0
FF4595512,SO5169347,2733314,Shopify EU,2026-04-03 13:19:42.717191+00:00,UKAB (Airbox 18),2026-04-03,UKAB (Airbox 18),WCLR1072,Watermelon Lip Balm Refill,1.0
FF4596235,SO5170069,#5755916,Shopify UK,2026-04-03 16:21:27.446175+00:00,UKAB (Airbox 18),2026-04-03,UKAB (Airbox 18),WCLR02,Coconut & Vanilla Lip Balm Refill,2.0
FF4598206,SO5172042,#5756552,Shopify UK,2026-04-04 01:13:17.836689+00:00,UKAB (Airbox 18),2026-04-04,UKAB (Airbox 18),WCLR02,Coconut & Vanilla Lip Balm Refill,1.0
FF4598412,SO5172245,#5756744,Shopify UK,2026-04-04 01:15:03.889231+00:00,UKAB (Airbox 18),2026-04-04,UKAB (Airbox 18),WCLR02,Coconut & Vanilla Lip Balm Refill,1.0
FF4603851,SO5177685,#5758647,Shopify UK,2026-04-05 01:13:54.697909+00:00,UKAB (Airbox 18),2026-04-05,UKAB (Airbox 18),WCLR02,Coconut & Vanilla Lip Balm Refill,1.0
FF4608136,SO5182028,2736711,Shopify EU,2026-04-05 21:54:36.613871+00:00,UKAB (Airbox 18),2026-04-05,UKAB (Airbox 18),WCLR1072,Watermelon Lip Balm Refill,1.0
FF4608807,SO5182700,#5760279,Shopify UK,2026-04-06 01:12:27.977846+00:00,UKAB (Airbox 18),2026-04-06,UKAB (Airbox 18),WCLR02,Coconut & Vanilla Lip Balm Refill,1.0
FF4608854,SO5182748,#5760316,Shopify UK,2026-04-06 01:12:57.508244+00:00,UKAB (Airbox 18),2026-04-06,UKAB (Airbox 18),WCLR02,Coconut & Vanilla Lip Balm Refill,1.0
FF4609193,SO5183083,#5760659,Shopify UK,2026-04-06 01:14:58.636314+00:00,UKAB (Airbox 18),2026-04-06,UKAB (Airbox 18),WCLR02,Coconut & Vanilla Lip Balm Refill,1.0
FF4610564,SO5184454,US770537,Shopify USA,2026-04-06 04:32:57.883471+00:00,UKAB (Airbox 18),2026-04-06,UKAB (Airbox 18),WCR745,Lemon & Basil,1.0
FF4611159,SO5185046,2737291,Shopify EU,2026-04-06 05:47:02.604313+00:00,UKAB (Airbox 18),2026-04-06,UKAB (Airbox 18),WCLR1072,Watermelon Lip Balm Refill,1.0
FF4615019,SO5188854,#5762303,Shopify UK,2026-04-07 01:11:01.960586+00:00,UKAB (Airbox 18),2026-04-07,UKAB (Airbox 18),WCLR02,Coconut & Vanilla Lip Balm Refill,1.0
FF4623372,SO5197201,#5765181,Shopify UK,2026-04-08 01:15:40.877190+00:00,UKAB (Airbox 18),2026-04-08,UKAB (Airbox 18),WCLR02,Coconut & Vanilla Lip Balm Refill,1.0
FF4628545,SO5202367,#5766335,Shopify UK,2026-04-08 17:51:22.632946+00:00,Stord (US),2026-04-08,Stord,WCLRSPF619,Original SPF Lip Balm Refill,1.0
FF4628545,SO5202367,#5766335,Shopify UK,2026-04-08 17:51:22.632946+00:00,Stord (US),2026-04-08,Stord,WCLRSPF620,Peach & Mango SPF Lip Balm Refill,1.0
FF4630726,SO5204548,#5767101,Shopify UK,2026-04-09 01:13:34.716917+00:00,UKAB (Airbox 18),2026-04-09,UKAB (Airbox 18),WCLR02,Coconut & Vanilla Lip Balm Refill,1.0
FF4634320,SO5208143,2743716,Shopify EU,2026-04-09 11:09:57.599686+00:00,UKAB (Airbox 18),2026-04-09,UKAB (Airbox 18),WCLR1072,Watermelon Lip Balm Refill,1.0
FF4636880,SO5210703,#5768715,Shopify UK,2026-04-09 20:38:12.702068+00:00,Stord (US),2026-04-09,Stord,WCLRSPF02,Coconut & Vanilla SPF Lip Balm Refill,1.0
FF4636880,SO5210703,#5768715,Shopify UK,2026-04-09 20:38:12.702068+00:00,Stord (US),2026-04-09,Stord,WCLRSPF619,Original SPF Lip Balm Refill,1.0
FF4636880,SO5210703,#5768715,Shopify UK,2026-04-09 20:38:12.702068+00:00,Stord (US),2026-04-09,Stord,WCLRSPF620,Peach & Mango SPF Lip Balm Refill,1.0
FF4640471,SO5214291,2745365,Shopify EU,2026-04-10 05:10:57.391349+00:00,UKAB (Airbox 18),2026-04-10,UKAB (Airbox 18),WCLR1072,Watermelon Lip Balm Refill,1.0
FF4641037,SO5214857,2745541,Shopify EU,2026-04-10 08:50:15.698467+00:00,UKAB (Airbox 18),2026-04-10,UKAB (Airbox 18),WCLR1072,Watermelon Lip Balm Refill,1.0
FF4648314,SO5222093,#5772563,Shopify UK,2026-04-11 16:19:29.048608+00:00,UKAB (Airbox 18),2026-04-11,UKAB (Airbox 18),WCLR966,Honey Lip Balm Refill,3.0
FF4652381,SO5226158,2748562,Shopify EU,2026-04-12 07:29:55.217610+00:00,UKAB (Airbox 18),2026-04-12,UKAB (Airbox 18),WCLR1072,Watermelon Lip Balm Refill,1.0
FF4653614,SO5227432,#5774240,Shopify UK,2026-04-12 13:17:59.684342+00:00,Stord (US),2026-04-12,Stord,WCLRSPF02,Coconut & Vanilla SPF Lip Balm Refill,1.0
FF4656980,SO5230793,#5775464,Shopify UK,2026-04-13 01:14:36.174230+00:00,UKAB (Airbox 18),2026-04-13,UKAB (Airbox 18),WCLR966,Honey Lip Balm Refill,1.0
FF4658087,SO5231899,AUS329962,Shopify AUS,2026-04-13 04:22:04.134999+00:00,UKAB (Airbox 18),2026-04-13,UKAB (Airbox 18),WCBWR507,Thunderstorm 300ml Body Wash Refill,3.0
FF4866645,SO5440212,#5841481,Shopify UK,2026-05-12 01:17:14.608074+00:00,UKAB (Airbox 18),2026-05-12,UKAB (Airbox 18),WCSGR1751,Summer Breeze Body Wash Refill,1.0
FF4933306,SO5506856,#5861551,Shopify UK,2026-05-21 01:12:07.314475+00:00,UKAB (Airbox 18),2026-05-21,UKAB (Airbox 18),WCR610,PumpkinSp & Vanilla - initial_delivery,1.0
FF4945442,SO5518939,US840669,Shopify USA,2026-05-22 16:49:45.224813+00:00,Stord (US),2026-05-22,Stord,WBU6455,Miffy Body Wash & Deo Bundle,2.0
FF4945442,SO5518939,US840669,Shopify USA,2026-05-22 16:49:45.224813+00:00,Stord (US),2026-05-22,Stord,WBU6457US,Miffy Deo & Lip Bundle (US),2.0
FF4945442,SO5518939,US840669,Shopify USA,2026-05-22 16:49:45.224813+00:00,Stord (US),2026-05-22,Stord,WBU7210US,US memorial sale	Stick Deo bundle 4,1.0
FF4945442,SO5518939,US840669,Shopify USA,2026-05-22 16:49:45.224813+00:00,Stord (US),2026-05-22,Stord,WBURO7211US,US memorial sale	Roll on deo bundle,1.0
FF5028811,SO5602125,US855956,Shopify USA,2026-06-02 13:55:47.189522+00:00,Stord (US),2026-06-02,Stord,WCR1687,Mad Hatter's Tea Party Deodorant Refill,6.0
FF5028816,SO5602129,US855858,Shopify USA,2026-06-02 13:55:56.636433+00:00,Stord (US),2026-06-02,Stord,WCR1687,Mad Hatter's Tea Party Deodorant Refill,1.0
FF5028963,SO5602278,US855873,Shopify USA,2026-06-02 14:05:59.509345+00:00,Stord (US),2026-06-02,Stord,WCR1687,Mad Hatter's Tea Party Deodorant Refill,2.0
FF5029334,SO5602633,US855901,Shopify USA,2026-06-02 14:25:08.052795+00:00,Stord (US),2026-06-02,Stord,WCR1687,Mad Hatter's Tea Party Deodorant Refill,1.0
FF5029893,SO5603179,2846194,Shopify EU,2026-06-02 14:57:25.748377+00:00,UKAB (Airbox 18),2026-06-02,UKAB (Airbox 18),WBU6452,Miffy Ultimate Protection Bundle,1.0
FF5029893,SO5603179,2846194,Shopify EU,2026-06-02 14:57:25.748377+00:00,UKAB (Airbox 18),2026-06-02,UKAB (Airbox 18),WCR2554,Deo Refill: Winter Breeze,1.0
FF5029893,SO5603179,2846194,Shopify EU,2026-06-02 14:57:25.748377+00:00,UKAB (Airbox 18),2026-06-02,UKAB (Airbox 18),WCRO1969,Roll On Refill: Drumsticks,1.0
FF5030057,SO5603339,2846268,Shopify EU,2026-06-02 15:07:59.428637+00:00,UKAB (Airbox 18),2026-06-02,UKAB (Airbox 18),WCC2472,Deo Case: Red Christmas Snoopy,1.0
FF5030080,SO5603362,2846279,Shopify EU,2026-06-02 15:09:28.489945+00:00,UKAB (Airbox 18),2026-06-02,UKAB (Airbox 18),WCR1947,Caramel Latte Deo Refill,1.0
FF5030080,SO5603362,2846279,Shopify EU,2026-06-02 15:09:28.489945+00:00,UKAB (Airbox 18),2026-06-02,UKAB (Airbox 18),WCRS1104,Vanilla Cream Sens Deo Refill,1.0
FF5033552,SO5606746,2847406,Shopify EU,2026-06-02 18:43:15.943674+00:00,UKAB (Airbox 18),2026-06-02,UKAB (Airbox 18),WCC2472,Deo Case: Red Christmas Snoopy,1.0
FF5033552,SO5606746,2847406,Shopify EU,2026-06-02 18:43:15.943674+00:00,UKAB (Airbox 18),2026-06-02,UKAB (Airbox 18),WCRO1969,Roll On Refill: Drumsticks,2.0
FF5033552,SO5606746,2847406,Shopify EU,2026-06-02 18:43:15.943674+00:00,UKAB (Airbox 18),2026-06-02,UKAB (Airbox 18),WCRS1104,Vanilla Cream Sens Deo Refill,1.0
FF5033650,SO5606843,2847443,Shopify EU,2026-06-02 18:49:45.090974+00:00,UKAB (Airbox 18),2026-06-02,UKAB (Airbox 18),WCRS1104,Vanilla Cream Sens Deo Refill,2.0
FF5036459,SO5609608,AUS349108,Shopify AUS,2026-06-02 23:24:33.944866+00:00,UKAB (Airbox 18),2026-06-03,UKAB (Airbox 18),WCSGR1689,Sunkissed Shower Gel,1.0
FF5038249,SO5611393,AUS349411,Shopify AUS,2026-06-03 01:33:42.495083+00:00,UKAB (Airbox 18),2026-06-03,UKAB (Airbox 18),WCSGR1689,Sunkissed Shower Gel,1.0
FF5038409,SO5611551,AUS349467,Shopify AUS,2026-06-03 02:08:24.131083+00:00,UKAB (Airbox 18),2026-06-03,UKAB (Airbox 18),WCHWR24,Cotton Hand Wash Refill,3.0
FF5038409,SO5611551,AUS349467,Shopify AUS,2026-06-03 02:08:24.131083+00:00,UKAB (Airbox 18),2026-06-03,UKAB (Airbox 18),WCSGR1689,Sunkissed Shower Gel,1.0
FF5038918,SO5612060,AUS349613,Shopify AUS,2026-06-03 04:22:50.659696+00:00,UKAB (Airbox 18),2026-06-03,UKAB (Airbox 18),WCSGR1689,Sunkissed Shower Gel,1.0
FF5038952,SO5612094,AUS349644,Shopify AUS,2026-06-03 04:23:53.304189+00:00,UKAB (Airbox 18),2026-06-03,UKAB (Airbox 18),WCBWR1968,Squashies Body Wash Refill,1.0
FF5038990,SO5612133,AUS349691,Shopify AUS,2026-06-03 04:24:40.505971+00:00,UKAB (Airbox 18),2026-06-03,UKAB (Airbox 18),WCHWR1967,Refresher Handwash Refill,1.0
FF5040992,SO5614129,AUS349775,Shopify AUS,2026-06-03 06:25:53.379703+00:00,UKAB (Airbox 18),2026-06-03,UKAB (Airbox 18),WCSGR1689,Sunkissed Shower Gel,1.0
FF5042739,SO5615862,2849555,Shopify EU,2026-06-03 11:04:55.206933+00:00,Airbox (EU),2026-06-03,UKAB (Airbox 18),WCLC866,Sage Lip Balm Case,2.0
FF5042739,SO5615862,2849555,Shopify EU,2026-06-03 11:04:55.206933+00:00,Airbox (EU),2026-06-03,UKAB (Airbox 18),WCROC3333,Roll On Case: Miffy,1.0
FF5043091,SO5616212,2849767,Shopify EU,2026-06-03 12:16:34.040226+00:00,Airbox (EU),2026-06-03,Airbox,WCR1919,Vanilla Butterscotch Deo Refill,1.0
FF5058866,SO5631715,US862044,Shopify USA,2026-06-05 04:36:19.677751+00:00,Stord (US),2026-06-05,Stord,WCR1282,Love Potion Deo Refill,1.0
FF5063117,SO5635906,2854821,Shopify EU,2026-06-05 17:53:05.590303+00:00,UKAB (Airbox 18),2026-06-05,UKAB (Airbox 18),WCLR1072,Watermelon Lip Balm Refill,1.0
FF5063117,SO5635906,2854821,Shopify EU,2026-06-05 17:53:05.590303+00:00,UKAB (Airbox 18),2026-06-05,UKAB (Airbox 18),WCSGC25,Black Shower Gel Case,1.0
FF5063973,SO5636761,US862837,Shopify USA,2026-06-05 20:40:40.817863+00:00,Stord (US),2026-06-05,Stord,WCR1282,Love Potion Deo Refill,1.0
FF5067221,SO5640009,US863596,Shopify USA,2026-06-06 04:29:33.272182+00:00,Stord (US),2026-06-06,Stord,WCR1893,Watermelon Deodorant Refill,1.0
FF5068416,SO5641201,2856014,Shopify EU,2026-06-06 10:29:54.662588+00:00,UKAB (Airbox 18),2026-06-06,UKAB (Airbox 18),WCSGC1110,Stars Body Wash Case,1.0
FF5069988,SO5642767,#5906117,Shopify UK,2026-06-06 16:50:55.858298+00:00,UKAB (Airbox 18),2026-06-06,UKAB (Airbox 18),WCR2554,Deo Refill: Winter Breeze,1.0
FF5072157,SO5644934,#5907132,Shopify UK,2026-06-07 01:15:21.806280+00:00,UKAB (Airbox 18),2026-06-07,UKAB (Airbox 18),WCR610,PumpkinSp & Vanilla - initial_delivery,1.0
FF5075377,SO5648184,#5907824,Shopify UK,2026-06-07 13:34:30.405338+00:00,UKAB (Airbox 18),2026-06-07,UKAB (Airbox 18),WCR2554,Deo Refill: Winter Breeze,1.0
FF5081021,SO5653825,AUS352358,Shopify AUS,2026-06-08 05:37:31.605205+00:00,UKAB (Airbox 18),2026-06-08,UKAB (Airbox 18),WCSGC1110,Stars Body Wash Case,1.0
FF5088226,SO5660983,#5912528,Shopify UK,2026-06-09 01:17:20.455061+00:00,UKAB (Airbox 18),2026-06-09,UKAB (Airbox 18),WCR2554,Deo Refill: Winter Breeze,1.0
FF5088393,SO5661154,#5912587,Shopify UK,2026-06-09 01:58:36.281625+00:00,Stord (US),2026-06-09,Stord,WCBWMIN1012,Santorini Sunset Body Wash Mini,1.0
FF5088449,SO5661210,US867678,Shopify USA,2026-06-09 02:12:47.060489+00:00,Stord (US),2026-06-09,Stord,WCR1282,Love Potion Deo Refill,1.0
FF5095979,SO5668715,2847393R,Shopify EU,2026-06-09 17:24:39.563401+00:00,Airbox (EU),2026-06-09,UKAB (Airbox 18),WBU6447,Miffy Ultimate Bathroom Bundle ,1.0
FF5095979,SO5668715,2847393R,Shopify EU,2026-06-09 17:24:39.563401+00:00,Airbox (EU),2026-06-09,UKAB (Airbox 18),WCLC866,Sage Lip Balm Case,1.0
FF5095979,SO5668715,2847393R,Shopify EU,2026-06-09 17:24:39.563401+00:00,Airbox (EU),2026-06-09,UKAB (Airbox 18),WCRS2557,Deo Refill: Vanilla Butterscotch Sens,1.0
FF5096341,SO5669078,#5914210,Shopify UK,2026-06-09 17:57:43.461916+00:00,Airbox (EU),2026-06-09,Airbox,WCR1689,Sunkissed Deodorant Refill,1.0
FF5097851,SO5670581,#5914560,Shopify UK,2026-06-09 20:42:23.403037+00:00,Airbox (EU),2026-06-09,Airbox,WCLC1053V2,Lip Balm Case: Ombre,1.0
FF5101819,SO5674548,US870869,Shopify USA,2026-06-10 04:38:07.200517+00:00,Stord (US),2026-06-10,Stord,WCC2331,Deo Case: Pastel Pink,1.0
FF5103895,SO5676621,#5916249,Shopify UK,2026-06-10 10:57:25.561949+00:00,UKAB (Airbox 18),2026-06-10,UKAB (Airbox 18),WCR1687,Mad Hatter's Tea Party Deodorant Refill,2.0
FF5103954,SO5676680,#5916266,Shopify UK,2026-06-10 11:10:28.297904+00:00,UKAB (Airbox 18),2026-06-10,UKAB (Airbox 18),WCR1687,Mad Hatter's Tea Party Deodorant Refill,1.0
FF5103967,SO5676693,#5916269,Shopify UK,2026-06-10 11:12:08.659534+00:00,UKAB (Airbox 18),2026-06-10,UKAB (Airbox 18),WCR1687,Mad Hatter's Tea Party Deodorant Refill,1.0
FF5103987,SO5676713,#5916276,Shopify UK,2026-06-10 11:14:54.795920+00:00,UKAB (Airbox 18),2026-06-10,UKAB (Airbox 18),WCR1687,Mad Hatter's Tea Party Deodorant Refill,1.0
FF5104053,SO5676779,#5916300,Shopify UK,2026-06-10 11:26:28.046287+00:00,UKAB (Airbox 18),2026-06-10,UKAB (Airbox 18),WCR1687,Mad Hatter's Tea Party Deodorant Refill,1.0
FF5104074,SO5676800,#5916308,Shopify UK,2026-06-10 11:30:58.587619+00:00,UKAB (Airbox 18),2026-06-10,UKAB (Airbox 18),WCR1687,Mad Hatter's Tea Party Deodorant Refill,1.0
FF5104100,SO5676826,#5916323,Shopify UK,2026-06-10 11:34:49.696361+00:00,UKAB (Airbox 18),2026-06-10,UKAB (Airbox 18),WCR1687,Mad Hatter's Tea Party Deodorant Refill,2.0
FF5104106,SO5676832,#5916324,Shopify UK,2026-06-10 11:36:07.296968+00:00,UKAB (Airbox 18),2026-06-10,UKAB (Airbox 18),WCR1687,Mad Hatter's Tea Party Deodorant Refill,1.0
FF5104207,SO5676933,#5916352,Shopify UK,2026-06-10 11:56:21.450946+00:00,UKAB (Airbox 18),2026-06-10,UKAB (Airbox 18),WCR1687,Mad Hatter's Tea Party Deodorant Refill,1.0
FF5104894,SO5677629,2867430,Shopify EU,2026-06-10 12:40:52.683803+00:00,Airbox (EU),2026-06-10,UKAB (Airbox 18),WBU6455,Miffy Body Wash & Deo Bundle,1.0
FF5104894,SO5677629,2867430,Shopify EU,2026-06-10 12:40:52.683803+00:00,Airbox (EU),2026-06-10,UKAB (Airbox 18),WCLC866,Sage Lip Balm Case,1.0
FF5105203,SO5677929,#5916465,Shopify UK,2026-06-10 13:43:11.501215+00:00,UKAB (Airbox 18),2026-06-10,UKAB (Airbox 18),WCR1687,Mad Hatter's Tea Party Deodorant Refill,1.0
FF5105246,SO5677972,#5916481,Shopify UK,2026-06-10 13:52:02.643881+00:00,UKAB (Airbox 18),2026-06-10,UKAB (Airbox 18),WCR1687,Mad Hatter's Tea Party Deodorant Refill,1.0
FF5105306,SO5678032,#5916501,Shopify UK,2026-06-10 14:03:20.920764+00:00,UKAB (Airbox 18),2026-06-10,UKAB (Airbox 18),WCR1687,Mad Hatter's Tea Party Deodorant Refill,2.0
FF5105329,SO5678055,#5916508,Shopify UK,2026-06-10 14:07:47.057468+00:00,UKAB (Airbox 18),2026-06-10,UKAB (Airbox 18),WCR1687,Mad Hatter's Tea Party Deodorant Refill,1.0
FF5105444,SO5678169,#5916535,Shopify UK,2026-06-10 14:31:00.763599+00:00,UKAB (Airbox 18),2026-06-10,UKAB (Airbox 18),WCR1687,Mad Hatter's Tea Party Deodorant Refill,1.0
FF5107862,SO5680584,2868473,Shopify EU,2026-06-10 20:20:17.208645+00:00,Airbox (EU),2026-06-10,Airbox,WCSGR1751,Summer Breeze Body Wash Refill,1.0
FF5109957,SO5682678,#5917955,Shopify UK,2026-06-11 01:14:46.666835+00:00,UKAB (Airbox 18),2026-06-11,UKAB (Airbox 18),WCSGR1751,Summer Breeze Body Wash Refill,1.0
FF5111897,SO5684618,US872943,Shopify USA,2026-06-11 04:32:31.218547+00:00,Stord (US),2026-06-11,Stord,WCC2332,Deo Case: Pastel Blue,1.0
FF5111929,SO5684649,US872966,Shopify USA,2026-06-11 04:32:51.933534+00:00,Stord (US),2026-06-11,Stord,WCC2331,Deo Case: Pastel Pink,1.0
FF5120283,SO5692981,2871584,Shopify EU,2026-06-12 04:29:05.349537+00:00,Airbox (EU),2026-06-12,Airbox,WCSGR1751,Summer Breeze Body Wash Refill,1.0
FF5120832,SO5693530,US874785,Shopify USA,2026-06-12 04:32:40.402860+00:00,Stord (US),2026-06-12,Stord,WCC2332,Deo Case: Pastel Blue,1.0
FF5123553,SO5696253,#5921833,Shopify UK,2026-06-12 15:41:45.378220+00:00,UKAB (Airbox 18),2026-06-12,UKAB (Airbox 18),WCRS1754,Queen of Heart's Cherry Tarts Sensitive Deo Refill,1.0
FF5123685,SO5696476,#5921865,Shopify UK,2026-06-12 16:06:45.864130+00:00,Stord (US),2026-06-12,Stord,WCBWMIN1012,Santorini Sunset Body Wash Mini,1.0
FF5123920,SO5696624,#5921951,Shopify UK,2026-06-12 16:27:08.516000+00:00,Stord (US),2026-06-12,Stord,WCLR966V2,Honey Lip Balm Refill V2,3.0
FF5123950,SO5696654,#5921863,Shopify UK,2026-06-12 16:34:07.693274+00:00,Airbox (EU),2026-06-12,Airbox,WCC2556,Deo Case: Chrome ,1.0
FF5124550,SO5697251,US875591,Shopify USA,2026-06-12 18:43:06.247211+00:00,Stord (US),2026-06-12,Stord,WCR2554,Deo Refill: Winter Breeze,1.0
FF5124588,SO5697289,#5922125,Shopify UK,2026-06-12 18:49:51.378343+00:00,Stord (US),2026-06-12,Stord,WCRS3206,Deo Refill: Black Rose and Velvet Sens,1.0
FF5124827,SO5697528,US875672,Shopify USA,2026-06-12 19:41:35.775317+00:00,Stord (US),2026-06-12,Stord,WCR2554,Deo Refill: Winter Breeze,1.0
FF5125594,SO5698294,#5922360,Shopify UK,2026-06-12 22:14:43.957534+00:00,Stord (US),2026-06-12,Stord,WCROA608,Roll On AP: Amber & Oud,1.0
FF5125962,SO5698662,US876046,Shopify USA,2026-06-13 00:10:11.662152+00:00,Stord (US),2026-06-13,Stord,WCLC1250,Ghost Lip Balm case,1.0
FF5126154,SO5698859,#5922437,Shopify UK,2026-06-13 01:08:26.262563+00:00,UKAB (Airbox 18),2026-06-13,UKAB (Airbox 18),WCRS1754,Queen of Heart's Cherry Tarts Sensitive Deo Refill,1.0
FF5126506,SO5699212,#5922780,Shopify UK,2026-06-13 01:13:58.137248+00:00,UKAB (Airbox 18),2026-06-13,UKAB (Airbox 18),WCRS1754,Queen of Heart's Cherry Tarts Sensitive Deo Refill,1.0
FF5126561,SO5699266,#5922830,Shopify UK,2026-06-13 01:14:21.922378+00:00,Stord (US),2026-06-13,Stord,WCR3205,Deo Refill: Black Rose and Velvet,1.0
FF5126988,SO5699693,#5923256,Shopify UK,2026-06-13 01:17:48.753150+00:00,UKAB (Airbox 18),2026-06-13,UKAB (Airbox 18),WCRS1754,Queen of Heart's Cherry Tarts Sensitive Deo Refill,1.0
FF5127139,SO5699842,US876215,Shopify USA,2026-06-13 02:05:35.315340+00:00,Stord (US),2026-06-13,Stord,WCR2554,Deo Refill: Winter Breeze,1.0
FF5127200,SO5699903,#5923265,Shopify UK,2026-06-13 02:27:00.438291+00:00,Stord (US),2026-06-13,Stord,WCR3205,Deo Refill: Black Rose and Velvet,1.0
FF5127214,SO5699917,#5923268,Shopify UK,2026-06-13 02:32:07.321648+00:00,Stord (US),2026-06-13,Stord,WCBWR1963,Spa Daydreams Body Wash Refill 300ml,1.0
FF5127354,SO5700057,US876291,Shopify USA,2026-06-13 03:36:46.621983+00:00,Stord (US),2026-06-13,Stord,WCR2554,Deo Refill: Winter Breeze,2.0
FF5127403,SO5700106,#5923273,Shopify UK,2026-06-13 03:57:25.253223+00:00,Stord (US),2026-06-13,Stord,WCR3205,Deo Refill: Black Rose and Velvet,1.0
FF5127723,SO5700422,2873499,Shopify EU,2026-06-13 04:25:09.831575+00:00,UKAB (Airbox 18),2026-06-13,UKAB (Airbox 18),WCRS1117,Arctic Ice Q Sens Deo Refill,1.0
FF5127811,SO5700514,2873588,Shopify EU,2026-06-13 04:25:51.731272+00:00,UKAB (Airbox 18),2026-06-13,UKAB (Airbox 18),WCR1947,Caramel Latte Deo Refill,1.0
FF5128527,SO5701230,AUS354459,Shopify AUS,2026-06-13 05:15:07.436740+00:00,UKAB (Airbox 18),2026-06-13,UKAB (Airbox 18),WCBWR3278,Body Wash Refill: Peachy Kiss,1.0
FF5128590,SO5701293,#5923296,Shopify UK,2026-06-13 05:48:55.987171+00:00,Stord (US),2026-06-13,Stord,WCR3205,Deo Refill: Black Rose and Velvet,1.0
FF5129734,SO5702434,AUS354641,Shopify AUS,2026-06-13 11:30:02.735158+00:00,UKAB (Airbox 18),2026-06-13,UKAB (Airbox 18),WCBWR3278,Body Wash Refill: Peachy Kiss,1.0
FF5130249,SO5702946,#5923903,Shopify UK,2026-06-13 13:41:20.816740+00:00,Stord (US),2026-06-13,Stord,WCC1981,EBW Pink Heart Deo Case,1.0
FF5130512,SO5703204,US877206,Shopify USA,2026-06-13 14:37:32.171465+00:00,Stord (US),2026-06-13,Stord,WCR2554,Deo Refill: Winter Breeze,1.0
FF5130650,SO5703342,#5924014,Shopify UK,2026-06-13 15:08:24.138491+00:00,Stord (US),2026-06-13,Stord,WCLR1071,Passionfruit Swirl Lip Balm Refill,1.0
FF5130707,SO5703399,#5924032,Shopify UK,2026-06-13 15:21:16.339096+00:00,Stord (US),2026-06-13,Stord,WCR3205,Deo Refill: Black Rose and Velvet,1.0
FF5131077,SO5703769,US877421,Shopify USA,2026-06-13 16:39:14.302348+00:00,Stord (US),2026-06-13,Stord,WCR2554,Deo Refill: Winter Breeze,1.0
FF5131621,SO5704313,#5924256,Shopify UK,2026-06-13 18:48:15.712633+00:00,Stord (US),2026-06-13,Stord,WCLR1071,Passionfruit Swirl Lip Balm Refill,1.0
FF5132158,SO5704850,US877777,Shopify USA,2026-06-13 20:34:53.902825+00:00,Stord (US),2026-06-13,Stord,WCR2554,Deo Refill: Winter Breeze,1.0
FF5132231,SO5704922,2874777,Shopify EU,2026-06-13 20:50:57.542513+00:00,UKAB (Airbox 18),2026-06-13,UKAB (Airbox 18),WCLR1072,Watermelon Lip Balm Refill,1.0
FF5132231,SO5704922,2874777,Shopify EU,2026-06-13 20:50:57.542513+00:00,UKAB (Airbox 18),2026-06-13,UKAB (Airbox 18),WCLR1245,Lip Balm Refill: Vanilla Frost,1.0
FF5132340,SO5705030,US877821,Shopify USA,2026-06-13 21:15:29.380714+00:00,Stord (US),2026-06-13,Stord,WCR2554,Deo Refill: Winter Breeze,1.0
FF5132388,SO5705079,2874813,Shopify EU,2026-06-13 21:30:54.537653+00:00,UKAB (Airbox 18),2026-06-13,UKAB (Airbox 18),WCLR1072,Watermelon Lip Balm Refill,1.0
FF5132393,SO5705084,AUS354682,Shopify AUS,2026-06-13 21:33:30.656647+00:00,UKAB (Airbox 18),2026-06-13,UKAB (Airbox 18),WCBWR3278,Body Wash Refill: Peachy Kiss,1.0
FF5132526,SO5705217,#5924554,Shopify UK,2026-06-13 22:06:21.837765+00:00,UKAB (Airbox 18),2026-06-13,UKAB (Airbox 18),WCRS1754,Queen of Heart's Cherry Tarts Sensitive Deo Refill,1.0
FF5133013,SO5705704,#5924625,Shopify UK,2026-06-14 01:07:56.356431+00:00,UKAB (Airbox 18),2026-06-14,UKAB (Airbox 18),WCRS1754,Queen of Heart's Cherry Tarts Sensitive Deo Refill,1.0
FF5133033,SO5705724,#5924643,Shopify UK,2026-06-14 01:08:44.914895+00:00,UKAB (Airbox 18),2026-06-14,UKAB (Airbox 18),WCR2554,Deo Refill: Winter Breeze,1.0
FF5133090,SO5705779,#5924698,Shopify UK,2026-06-14 01:10:08.363367+00:00,Stord (US),2026-06-14,Stord,WCBWR1963,Spa Daydreams Body Wash Refill 300ml,1.0
FF5133113,SO5705805,#5924717,Shopify UK,2026-06-14 01:10:27.693634+00:00,UKAB (Airbox 18),2026-06-14,UKAB (Airbox 18),WCLRSPF02,Coconut & Vanilla SPF Lip Balm Refill,3.0
FF5133144,SO5705835,#5924755,Shopify UK,2026-06-14 01:10:47.459590+00:00,UKAB (Airbox 18),2026-06-14,UKAB (Airbox 18),WCLRSPF02,Coconut & Vanilla SPF Lip Balm Refill,2.0
FF5133163,SO5705854,#5924785,Shopify UK,2026-06-14 01:10:58.860845+00:00,UKAB (Airbox 18),2026-06-14,UKAB (Airbox 18),WCLRSPF02,Coconut & Vanilla SPF Lip Balm Refill,3.0
FF5133202,SO5705893,#5924830,Shopify UK,2026-06-14 01:11:15.888745+00:00,UKAB (Airbox 18),2026-06-14,UKAB (Airbox 18),WCLRSPF02,Coconut & Vanilla SPF Lip Balm Refill,1.0
FF5133281,SO5705972,#5924891,Shopify UK,2026-06-14 01:11:47.564184+00:00,UKAB (Airbox 18),2026-06-14,UKAB (Airbox 18),WCRS32,Jasmine & Mandarin Blossom - Sensitive - initial_delivery,1.0
FF5133281,SO5705972,#5924891,Shopify UK,2026-06-14 01:11:47.564184+00:00,UKAB (Airbox 18),2026-06-14,UKAB (Airbox 18),WCRS996,Pink Grapefruit & Lime - Sensitive Deo Refill,1.0
FF5133536,SO5706229,#5925144,Shopify UK,2026-06-14 01:13:15.269486+00:00,UKAB (Airbox 18),2026-06-14,UKAB (Airbox 18),WCLRSPF02,Coconut & Vanilla SPF Lip Balm Refill,2.0
FF5133538,SO5706227,#5925131,Shopify UK,2026-06-14 01:13:15.146439+00:00,UKAB (Airbox 18),2026-06-14,UKAB (Airbox 18),WCRS1754,Queen of Heart's Cherry Tarts Sensitive Deo Refill,2.0
FF5133683,SO5706372,#5925291,Shopify UK,2026-06-14 01:14:11.694744+00:00,UKAB (Airbox 18),2026-06-14,UKAB (Airbox 18),WCRS1754,Queen of Heart's Cherry Tarts Sensitive Deo Refill,1.0
FF5133702,SO5706393,#5925313,Shopify UK,2026-06-14 01:14:20.914899+00:00,UKAB (Airbox 18),2026-06-14,UKAB (Airbox 18),WCC2472,Deo Case: Red Christmas Snoopy,1.0
FF5133721,SO5706413,#5925342,Shopify UK,2026-06-14 01:14:27.613204+00:00,UKAB (Airbox 18),2026-06-14,UKAB (Airbox 18),WCLRSPF02,Coconut & Vanilla SPF Lip Balm Refill,1.0
FF5133727,SO5706418,#5925334,Shopify UK,2026-06-14 01:14:30.497579+00:00,UKAB (Airbox 18),2026-06-14,UKAB (Airbox 18),WCLRSPF02,Coconut & Vanilla SPF Lip Balm Refill,1.0
FF5133760,SO5706449,#5925351,Shopify UK,2026-06-14 01:14:43.065459+00:00,UKAB (Airbox 18),2026-06-14,UKAB (Airbox 18),WCLRSPF02,Coconut & Vanilla SPF Lip Balm Refill,1.0
FF5133767,SO5706458,#5925379,Shopify UK,2026-06-14 01:14:45.668673+00:00,UKAB (Airbox 18),2026-06-14,UKAB (Airbox 18),WCLRSPF02,Coconut & Vanilla SPF Lip Balm Refill,1.0
FF5133969,SO5706658,#5925459,Shopify UK,2026-06-14 02:05:39.508246+00:00,Stord (US),2026-06-14,Stord,WCLC747V2,Lip Balm Case: Bee,1.0
FF5133969,SO5706658,#5925459,Shopify UK,2026-06-14 02:05:39.508246+00:00,Stord (US),2026-06-14,Stord,WCLR1071,Passionfruit Swirl Lip Balm Refill,1.0
FF5133969,SO5706658,#5925459,Shopify UK,2026-06-14 02:05:39.508246+00:00,Stord (US),2026-06-14,Stord,WCLR1113,Plum & FP Lip Balm Refill,1.0
FF5134360,SO5707049,2874943,Shopify EU,2026-06-14 04:25:54.006767+00:00,UKAB (Airbox 18),2026-06-14,UKAB (Airbox 18),WCLR1072,Watermelon Lip Balm Refill,3.0
FF5134453,SO5707144,2875039,Shopify EU,2026-06-14 04:26:23.768679+00:00,UKAB (Airbox 18),2026-06-14,UKAB (Airbox 18),WCRS1117,Arctic Ice Q Sens Deo Refill,1.0
FF5134517,SO5707200,2875092,Shopify EU,2026-06-14 04:26:47.761518+00:00,UKAB (Airbox 18),2026-06-14,UKAB (Airbox 18),WCLR1072,Watermelon Lip Balm Refill,3.0
FF5134784,SO5707473,US878346,Shopify USA,2026-06-14 04:28:23.835051+00:00,Stord (US),2026-06-14,Stord,WCSGR24,Cotton Shower Gel Refill - initial_delivery,1.0
FF5135308,SO5707997,2875251,Shopify EU,2026-06-14 05:58:04.941944+00:00,UKAB (Airbox 18),2026-06-14,UKAB (Airbox 18),WCLR1072,Watermelon Lip Balm Refill,1.0
FF5135308,SO5707997,2875251,Shopify EU,2026-06-14 05:58:04.941944+00:00,UKAB (Airbox 18),2026-06-14,UKAB (Airbox 18),WCLR1245,Lip Balm Refill: Vanilla Frost,1.0
FF5136915,SO5709605,2875806,Shopify EU,2026-06-14 14:45:22.400930+00:00,UKAB (Airbox 18),2026-06-14,UKAB (Airbox 18),WCSGC1110,Stars Body Wash Case,1.0
FF5137366,SO5710055,#5926174,Shopify UK,2026-06-14 16:23:27.174841+00:00,UKAB (Airbox 18),2026-06-14,UKAB (Airbox 18),WCLRSPF02,Coconut & Vanilla SPF Lip Balm Refill,3.0
FF5137380,SO5710069,#5926187,Shopify UK,2026-06-14 16:24:56.327155+00:00,UKAB (Airbox 18),2026-06-14,UKAB (Airbox 18),WCLRSPF02,Coconut & Vanilla SPF Lip Balm Refill,2.0
FF5138089,SO5710777,#5926395,Shopify UK,2026-06-14 19:04:17.786069+00:00,UKAB (Airbox 18),2026-06-14,UKAB (Airbox 18),WCRS1754,Queen of Heart's Cherry Tarts Sensitive Deo Refill,1.0
FF5138124,SO5710812,#5926405,Shopify UK,2026-06-14 19:10:38.672708+00:00,UKAB (Airbox 18),2026-06-14,UKAB (Airbox 18),WCR01,Orange Zest - initial_delivery,1.0
FF5138225,SO5710913,#5926439,Shopify UK,2026-06-14 19:29:04.744707+00:00,Stord (US),2026-06-14,Stord,WCR3205,Deo Refill: Black Rose and Velvet,3.0
FF5138436,SO5711124,2876256,Shopify EU,2026-06-14 20:06:21.493743+00:00,UKAB (Airbox 18),2026-06-14,UKAB (Airbox 18),WCLR1245,Lip Balm Refill: Vanilla Frost,1.0
FF5138814,SO5711502,2876355,Shopify EU,2026-06-14 21:05:23.208335+00:00,UKAB (Airbox 18),2026-06-14,UKAB (Airbox 18),WCROL1905,Roll On Roller: Pink,1.0
FF5139594,SO5712282,#5926735,Shopify UK,2026-06-15 01:08:26.326237+00:00,UKAB (Airbox 18),2026-06-15,UKAB (Airbox 18),WCLRSPF02,Coconut & Vanilla SPF Lip Balm Refill,1.0
FF5139644,SO5712332,#5926793,Shopify UK,2026-06-15 01:10:07.411625+00:00,UKAB (Airbox 18),2026-06-15,UKAB (Airbox 18),WCRS1754,Queen of Heart's Cherry Tarts Sensitive Deo Refill,1.0
FF5139649,SO5712335,#5926780,Shopify UK,2026-06-15 01:10:10.007442+00:00,UKAB (Airbox 18),2026-06-15,UKAB (Airbox 18),WCRS1754,Queen of Heart's Cherry Tarts Sensitive Deo Refill,1.0
FF5139702,SO5712390,#5926839,Shopify UK,2026-06-15 01:10:52.132807+00:00,UKAB (Airbox 18),2026-06-15,UKAB (Airbox 18),WCRS1754,Queen of Heart's Cherry Tarts Sensitive Deo Refill,1.0
FF5139712,SO5712401,#5926856,Shopify UK,2026-06-15 01:10:59.599053+00:00,UKAB (Airbox 18),2026-06-15,UKAB (Airbox 18),WCR1687,Mad Hatter's Tea Party Deodorant Refill,1.0
FF5139763,SO5712450,#5926897,Shopify UK,2026-06-15 01:11:20.639810+00:00,UKAB (Airbox 18),2026-06-15,UKAB (Airbox 18),WCSGR1751,Summer Breeze Body Wash Refill,1.0
FF5139781,SO5712469,#5926910,Shopify UK,2026-06-15 01:11:28.122118+00:00,UKAB (Airbox 18),2026-06-15,UKAB (Airbox 18),WCRS1754,Queen of Heart's Cherry Tarts Sensitive Deo Refill,1.0
FF5139911,SO5712594,#5927026,Shopify UK,2026-06-15 01:12:17.369311+00:00,UKAB (Airbox 18),2026-06-15,UKAB (Airbox 18),WCLRSPF02,Coconut & Vanilla SPF Lip Balm Refill,3.0
FF5140028,SO5712718,#5927164,Shopify UK,2026-06-15 01:12:56.285963+00:00,UKAB (Airbox 18),2026-06-15,UKAB (Airbox 18),WCRS1754,Queen of Heart's Cherry Tarts Sensitive Deo Refill,1.0
FF5140055,SO5712743,#5927196,Shopify UK,2026-06-15 01:13:06.164758+00:00,UKAB (Airbox 18),2026-06-15,UKAB (Airbox 18),WCLRSPF02,Coconut & Vanilla SPF Lip Balm Refill,3.0
FF5140085,SO5712775,#5927236,Shopify UK,2026-06-15 01:13:15.313734+00:00,UKAB (Airbox 18),2026-06-15,UKAB (Airbox 18),WCLRSPF02,Coconut & Vanilla SPF Lip Balm Refill,3.0
FF5140094,SO5712783,#5927237,Shopify UK,2026-06-15 01:13:18.087062+00:00,UKAB (Airbox 18),2026-06-15,UKAB (Airbox 18),WCRS1754,Queen of Heart's Cherry Tarts Sensitive Deo Refill,1.0
FF5140148,SO5712836,#5927296,Shopify UK,2026-06-15 01:13:34.695918+00:00,UKAB (Airbox 18),2026-06-15,UKAB (Airbox 18),WCLRSPF02,Coconut & Vanilla SPF Lip Balm Refill,2.0
FF5140193,SO5712881,#5927313,Shopify UK,2026-06-15 01:13:47.192686+00:00,UKAB (Airbox 18),2026-06-15,UKAB (Airbox 18),WCLRSPF02,Coconut & Vanilla SPF Lip Balm Refill,3.0
FF5140233,SO5712921,#5927360,Shopify UK,2026-06-15 01:14:02.642146+00:00,UKAB (Airbox 18),2026-06-15,UKAB (Airbox 18),WCRS1754,Queen of Heart's Cherry Tarts Sensitive Deo Refill,1.0
FF5140257,SO5712945,#5927372,Shopify UK,2026-06-15 01:14:10.832763+00:00,Stord (US),2026-06-15,Stord,WCLR1071,Passionfruit Swirl Lip Balm Refill,1.0
FF5140257,SO5712945,#5927372,Shopify UK,2026-06-15 01:14:10.832763+00:00,Stord (US),2026-06-15,Stord,WCLR966V2,Honey Lip Balm Refill V2,1.0
FF5140304,SO5712990,#5927425,Shopify UK,2026-06-15 01:14:28.608183+00:00,UKAB (Airbox 18),2026-06-15,UKAB (Airbox 18),WCRS1754,Queen of Heart's Cherry Tarts Sensitive Deo Refill,1.0
FF5140311,SO5713003,#5927445,Shopify UK,2026-06-15 01:14:31.624683+00:00,UKAB (Airbox 18),2026-06-15,UKAB (Airbox 18),WCR1106,Arctic Ice Queen Deo Refill,1.0
FF5140316,SO5713000,#5927454,Shopify UK,2026-06-15 01:14:30.962212+00:00,UKAB (Airbox 18),2026-06-15,UKAB (Airbox 18),WCR2554,Deo Refill: Winter Breeze,1.0
FF5140405,SO5713093,#5927540,Shopify UK,2026-06-15 01:15:06.108489+00:00,UKAB (Airbox 18),2026-06-15,UKAB (Airbox 18),WCR1106,Arctic Ice Queen Deo Refill,1.0
FF5140415,SO5713103,#5927558,Shopify UK,2026-06-15 01:15:11.540352+00:00,UKAB (Airbox 18),2026-06-15,UKAB (Airbox 18),WCLRSPF02,Coconut & Vanilla SPF Lip Balm Refill,1.0
FF5140427,SO5713116,#5927562,Shopify UK,2026-06-15 01:15:14.785801+00:00,UKAB (Airbox 18),2026-06-15,UKAB (Airbox 18),WCRS1754,Queen of Heart's Cherry Tarts Sensitive Deo Refill,1.0
FF5140467,SO5713155,#5927595,Shopify UK,2026-06-15 01:15:33.863708+00:00,UKAB (Airbox 18),2026-06-15,UKAB (Airbox 18),WCRS1754,Queen of Heart's Cherry Tarts Sensitive Deo Refill,2.0
FF5140567,SO5713254,#5927703,Shopify UK,2026-06-15 01:16:11.469184+00:00,UKAB (Airbox 18),2026-06-15,UKAB (Airbox 18),WCRS1754,Queen of Heart's Cherry Tarts Sensitive Deo Refill,1.0
FF5140605,SO5713291,#5927737,Shopify UK,2026-06-15 01:16:26.637587+00:00,UKAB (Airbox 18),2026-06-15,UKAB (Airbox 18),WCRS1896,Watermelon sens. Deodorant Refill,1.0
FF5140615,SO5713302,#5927733,Shopify UK,2026-06-15 01:16:28.153773+00:00,UKAB (Airbox 18),2026-06-15,UKAB (Airbox 18),WCRS1896,Watermelon sens. Deodorant Refill,1.0
FF5140655,SO5713344,#5927767,Shopify UK,2026-06-15 01:16:41.561534+00:00,UKAB (Airbox 18),2026-06-15,UKAB (Airbox 18),WCRS1896,Watermelon sens. Deodorant Refill,1.0
FF5140704,SO5713392,#5927835,Shopify UK,2026-06-15 01:16:56.232247+00:00,UKAB (Airbox 18),2026-06-15,UKAB (Airbox 18),WCRS1896,Watermelon sens. Deodorant Refill,1.0
FF5140732,SO5713423,#5927854,Shopify UK,2026-06-15 01:17:06.565456+00:00,Stord (US),2026-06-15,Stord,WCR3205,Deo Refill: Black Rose and Velvet,1.0
FF5140748,SO5713436,#5927881,Shopify UK,2026-06-15 01:17:11.905309+00:00,Stord (US),2026-06-15,Stord,WCR3205,Deo Refill: Black Rose and Velvet,1.0
FF5140784,SO5713472,#5927915,Shopify UK,2026-06-15 01:18:03.960399+00:00,UKAB (Airbox 18),2026-06-15,UKAB (Airbox 18),WCR03,Jasmine & Mandarin Blossom - initial_delivery,1.0
FF5141068,SO5713756,AUS355015,Shopify AUS,2026-06-15 02:56:24.546361+00:00,UKAB (Airbox 18),2026-06-15,UKAB (Airbox 18),WCBWR3278,Body Wash Refill: Peachy Kiss,1.0
FF5141068,SO5713756,AUS355015,Shopify AUS,2026-06-15 02:56:24.546361+00:00,UKAB (Airbox 18),2026-06-15,UKAB (Airbox 18),WCLR1245,Lip Balm Refill: Vanilla Frost,2.0
FF5141120,SO5713808,AUS355025,Shopify AUS,2026-06-15 03:24:18.968996+00:00,UKAB (Airbox 18),2026-06-15,UKAB (Airbox 18),WCRS1896,Watermelon sens. Deodorant Refill,1.0
FF5141179,SO5713867,#5927948,Shopify UK,2026-06-15 03:46:38.631534+00:00,Stord (US),2026-06-15,Stord,WCBWMIN966,Honey & Almond Body Wash Mini,1.0
FF5141302,SO5713990,AUS355099,Shopify AUS,2026-06-15 04:23:20.603264+00:00,UKAB (Airbox 18),2026-06-15,UKAB (Airbox 18),WCLR1245,Lip Balm Refill: Vanilla Frost,1.0
FF5141327,SO5714014,AUS355134,Shopify AUS,2026-06-15 04:24:33.047731+00:00,UKAB (Airbox 18),2026-06-15,UKAB (Airbox 18),WCLRSPF02,Coconut & Vanilla SPF Lip Balm Refill,3.0
FF5141820,SO5714508,2876858,Shopify EU,2026-06-15 04:37:42.986725+00:00,Airbox (EU),2026-06-15,UKAB (Airbox 18),WCLRSPF02,Coconut & Vanilla SPF Lip Balm Refill,1.0
FF5141954,SO5714640,US879949,Shopify USA,2026-06-15 04:39:00.674790+00:00,Stord (US),2026-06-15,Stord,WCR2554,Deo Refill: Winter Breeze,1.0
FF5141998,SO5714688,US879992,Shopify USA,2026-06-15 04:39:21.054119+00:00,Stord (US),2026-06-15,Stord,WCR2554,Deo Refill: Winter Breeze,1.0
FF5142168,SO5714853,US880155,Shopify USA,2026-06-15 04:40:27.780183+00:00,Stord (US),2026-06-15,Stord,WCR2554,Deo Refill: Winter Breeze,1.0
FF5142353,SO5715045,US880327,Shopify USA,2026-06-15 04:41:35.573364+00:00,Stord (US),2026-06-15,Stord,WCRS2552,Deo Refill: Black Cherry Sens,1.0
FF5142368,SO5715054,US880343,Shopify USA,2026-06-15 04:41:37.775459+00:00,Stord (US),2026-06-15,Stord,WCR22,Toffee Apple - initial_delivery,1.0
FF5142597,SO5715285,2876954,Shopify EU,2026-06-15 04:51:09.951013+00:00,UKAB (Airbox 18),2026-06-15,UKAB (Airbox 18),WCLR1072,Watermelon Lip Balm Refill,1.0
FF5142951,SO5715637,AUS355275,Shopify AUS,2026-06-15 06:50:24.431557+00:00,Stord (US),2026-06-15,Stord,WMIN02,Coconut Dreams Mini Deodorant,1.0
FF5143048,SO5715735,2877051,Shopify EU,2026-06-15 07:25:41.526986+00:00,UKAB (Airbox 18),2026-06-15,UKAB (Airbox 18),WCLR1245,Lip Balm Refill: Vanilla Frost,1.0
FF5143495,SO5716211,2877183,Shopify EU,2026-06-15 09:36:15.015553+00:00,UKAB (Airbox 18),2026-06-15,UKAB (Airbox 18),WCLR1245,Lip Balm Refill: Vanilla Frost,2.0
FF5143659,SO5716374,AUS355361,Shopify AUS,2026-06-15 10:17:20.203644+00:00,UKAB (Airbox 18),2026-06-15,UKAB (Airbox 18),WCBWR3278,Body Wash Refill: Peachy Kiss,1.0
FF5143746,SO5716462,#5928260,Shopify UK,2026-06-15 10:36:52.937317+00:00,UKAB (Airbox 18),2026-06-15,UKAB (Airbox 18),WCROL1905,Roll On Roller: Pink,1.0
FF5144201,SO5716915,#5928354,Shopify UK,2026-06-15 12:31:18.866981+00:00,Stord (US),2026-06-15,Stord,WCLR966V2,Honey Lip Balm Refill V2,2.0
FF5144420,SO5717134,AUS355468,Shopify AUS,2026-06-15 13:22:21.711753+00:00,UKAB (Airbox 18),2026-06-15,UKAB (Airbox 18),WCBWR3278,Body Wash Refill: Peachy Kiss,2.0
FF5144420,SO5717134,AUS355468,Shopify AUS,2026-06-15 13:22:21.711753+00:00,UKAB (Airbox 18),2026-06-15,UKAB (Airbox 18),WMIN1013,Peach Iced Tea Mini,1.0
FF5144617,SO5717330,#5928480,Shopify UK,2026-06-15 13:55:40.908484+00:00,UKAB (Airbox 18),2026-06-15,UKAB (Airbox 18),WCROL1905,Roll On Roller: Pink,1.0
FF5144637,SO5717350,#5928458,Shopify UK,2026-06-15 14:00:24.233863+00:00,Stord (US),2026-06-15,Stord,WCRS3206,Deo Refill: Black Rose and Velvet Sens,1.0
FF5144744,SO5717456,US880844,Shopify USA,2026-06-15 14:27:39.708882+00:00,Stord (US),2026-06-15,Stord,WCR2554,Deo Refill: Winter Breeze,1.0
FF5145255,SO5717965,#5928663,Shopify UK,2026-06-15 16:20:29.136601+00:00,UKAB (Airbox 18),2026-06-15,UKAB (Airbox 18),WCLR619V2,Original Lip Balm Refill V2,1.0
FF5145266,SO5717976,#5928669,Shopify UK,2026-06-15 16:21:26.910821+00:00,UKAB (Airbox 18),2026-06-15,UKAB (Airbox 18),WCRS1896,Watermelon sens. Deodorant Refill,1.0
FF5145388,SO5718098,2877673,Shopify EU,2026-06-15 16:41:33.200094+00:00,UKAB (Airbox 18),2026-06-15,UKAB (Airbox 18),WCC59,Pink Deodorant Case,1.0
FF5145388,SO5718098,2877673,Shopify EU,2026-06-15 16:41:33.200094+00:00,UKAB (Airbox 18),2026-06-15,UKAB (Airbox 18),WCLR619V2,Original Lip Balm Refill V2,1.0
FF5145445,SO5718155,2843851RR,Shopify EU,2026-06-15 16:49:00.803803+00:00,Airbox (EU),2026-06-15,UKAB (Airbox 18),WCLC866,Sage Lip Balm Case,1.0
FF5145463,SO5718173,2846672RR,Shopify EU,2026-06-15 16:49:17.795197+00:00,Airbox (EU),2026-06-15,UKAB (Airbox 18),WCLC866,Sage Lip Balm Case,1.0
FF5145463,SO5718173,2846672RR,Shopify EU,2026-06-15 16:49:17.795197+00:00,Airbox (EU),2026-06-15,UKAB (Airbox 18),WCRS2557,Deo Refill: Vanilla Butterscotch Sens,2.0
FF5145472,SO5718180,2843991RR,Shopify EU,2026-06-15 16:49:25.329425+00:00,Airbox (EU),2026-06-15,UKAB (Airbox 18),WCLC866,Sage Lip Balm Case,1.0
FF5145501,SO5718210,2847556RR,Shopify EU,2026-06-15 16:49:45.274245+00:00,Airbox (EU),2026-06-15,UKAB (Airbox 18),WCLC866,Sage Lip Balm Case,1.0
FF5145501,SO5718210,2847556RR,Shopify EU,2026-06-15 16:49:45.274245+00:00,Airbox (EU),2026-06-15,UKAB (Airbox 18),WCROC3333,Roll On Case: Miffy,1.0
FF5145501,SO5718210,2847556RR,Shopify EU,2026-06-15 16:49:45.274245+00:00,Airbox (EU),2026-06-15,UKAB (Airbox 18),WCRS2557,Deo Refill: Vanilla Butterscotch Sens,1.0
FF5145547,SO5718258,2844259RR,Shopify EU,2026-06-15 16:50:07.515701+00:00,Airbox (EU),2026-06-15,UKAB (Airbox 18),WCLC866,Sage Lip Balm Case,1.0
FF5145547,SO5718258,2844259RR,Shopify EU,2026-06-15 16:50:07.515701+00:00,Airbox (EU),2026-06-15,UKAB (Airbox 18),WCRS2557,Deo Refill: Vanilla Butterscotch Sens,2.0
FF5145557,SO5718265,2844346RR,Shopify EU,2026-06-15 16:50:11.547393+00:00,Airbox (EU),2026-06-15,UKAB (Airbox 18),WCLC866,Sage Lip Balm Case,1.0
FF5145557,SO5718265,2844346RR,Shopify EU,2026-06-15 16:50:11.547393+00:00,Airbox (EU),2026-06-15,UKAB (Airbox 18),WCRS2557,Deo Refill: Vanilla Butterscotch Sens,1.0
FF5145670,SO5718378,2877869,Shopify EU,2026-06-15 17:03:18.091524+00:00,UKAB (Airbox 18),2026-06-15,UKAB (Airbox 18),WCLR619V2,Original Lip Balm Refill V2,1.0
FF5145885,SO5718593,#5928801,Shopify UK,2026-06-15 17:50:13.301334+00:00,UKAB (Airbox 18),2026-06-15,UKAB (Airbox 18),WCROL1905,Roll On Roller: Pink,1.0
FF5145942,SO5718650,#5928819,Shopify UK,2026-06-15 18:03:14.712593+00:00,UKAB (Airbox 18),2026-06-15,UKAB (Airbox 18),WCROL1905,Roll On Roller: Pink,1.0
FF5145976,SO5718684,2877985,Shopify EU,2026-06-15 18:10:50.167299+00:00,UKAB (Airbox 18),2026-06-15,UKAB (Airbox 18),WCLR619V2,Original Lip Balm Refill V2,1.0
FF5145976,SO5718684,2877985,Shopify EU,2026-06-15 18:10:50.167299+00:00,UKAB (Airbox 18),2026-06-15,UKAB (Airbox 18),WCSGC984,Bee Body Wash Case,2.0
FF5145999,SO5718707,#5928833,Shopify UK,2026-06-15 18:16:25.312416+00:00,UKAB (Airbox 18),2026-06-15,UKAB (Airbox 18),WCROL1905,Roll On Roller: Pink,1.0
FF5146667,SO5719345,2878238,Shopify EU,2026-06-15 20:12:55.720769+00:00,UKAB (Airbox 18),2026-06-15,UKAB (Airbox 18),WCLR619V2,Original Lip Balm Refill V2,1.0
FF5146721,SO5719400,2878254,Shopify EU,2026-06-15 20:20:24.921942+00:00,UKAB (Airbox 18),2026-06-15,UKAB (Airbox 18),WCRS1117,Arctic Ice Q Sens Deo Refill,1.0
FF5146839,SO5719518,2878300,Shopify EU,2026-06-15 20:32:59.733638+00:00,UKAB (Airbox 18),2026-06-15,UKAB (Airbox 18),WCLR619V2,Original Lip Balm Refill V2,1.0
FF5146930,SO5719608,2878323,Shopify EU,2026-06-15 20:44:03.348960+00:00,UKAB (Airbox 18),2026-06-15,UKAB (Airbox 18),WCLR619V2,Original Lip Balm Refill V2,1.0
FF5147067,SO5719745,2878351,Shopify EU,2026-06-15 21:07:36.244986+00:00,UKAB (Airbox 18),2026-06-15,UKAB (Airbox 18),WCLR619V2,Original Lip Balm Refill V2,1.0
FF5147198,SO5719876,2878383,Shopify EU,2026-06-15 21:29:33.128181+00:00,UKAB (Airbox 18),2026-06-15,UKAB (Airbox 18),WCLR619V2,Original Lip Balm Refill V2,1.0
FF5147240,SO5719918,#5929144,Shopify UK,2026-06-15 21:37:46.579415+00:00,Stord (US),2026-06-15,Stord,WCC2331,Deo Case: Pastel Pink,1.0
FF5147240,SO5719918,#5929144,Shopify UK,2026-06-15 21:37:46.579415+00:00,Stord (US),2026-06-15,Stord,WCLC1053V2,Lip Balm Case: Ombre,1.0
FF5147240,SO5719918,#5929144,Shopify UK,2026-06-15 21:37:46.579415+00:00,Stord (US),2026-06-15,Stord,WCLR1071,Passionfruit Swirl Lip Balm Refill,1.0
FF5147240,SO5719918,#5929144,Shopify UK,2026-06-15 21:37:46.579415+00:00,Stord (US),2026-06-15,Stord,WCLRSPF620,Peach & Mango SPF Lip Balm Refill,1.0
FF5147240,SO5719918,#5929144,Shopify UK,2026-06-15 21:37:46.579415+00:00,Stord (US),2026-06-15,Stord,WMIN3111,Mini Deo: Peachy Kisses,1.0
FF5147283,SO5719961,#5929149,Shopify UK,2026-06-15 21:44:30.982597+00:00,Stord (US),2026-06-15,Stord,WCBWR1963,Spa Daydreams Body Wash Refill 300ml,1.0
FF5147514,SO5720192,#5929194,Shopify UK,2026-06-15 22:36:14.152463+00:00,Stord (US),2026-06-15,Stord,WCBWMIN1012,Santorini Sunset Body Wash Mini,1.0
FF5148046,SO5720723,#5929251,Shopify UK,2026-06-16 01:07:39.078245+00:00,UKAB (Airbox 18),2026-06-16,UKAB (Airbox 18),WCLR619V2,Original Lip Balm Refill V2,1.0
FF5148070,SO5720747,#5929269,Shopify UK,2026-06-16 01:08:47.052231+00:00,UKAB (Airbox 18),2026-06-16,UKAB (Airbox 18),WCLR619V2,Original Lip Balm Refill V2,2.0
FF5148178,SO5720855,#5929378,Shopify UK,2026-06-16 01:10:42.033475+00:00,UKAB (Airbox 18),2026-06-16,UKAB (Airbox 18),WCLR619V2,Original Lip Balm Refill V2,1.0
FF5148255,SO5720932,#5929442,Shopify UK,2026-06-16 01:11:18.130944+00:00,UKAB (Airbox 18),2026-06-16,UKAB (Airbox 18),WCLR619V2,Original Lip Balm Refill V2,1.0
FF5148268,SO5720942,#5929456,Shopify UK,2026-06-16 01:11:21.437452+00:00,UKAB (Airbox 18),2026-06-16,UKAB (Airbox 18),WCRS1896,Watermelon sens. Deodorant Refill,1.0
FF5148276,SO5720951,#5929477,Shopify UK,2026-06-16 01:11:24.482983+00:00,UKAB (Airbox 18),2026-06-16,UKAB (Airbox 18),WCRS762,Rainforest Oasis - Sensitive Deo Refill,1.0
FF5148286,SO5720963,#5929496,Shopify UK,2026-06-16 01:11:30.213801+00:00,Airbox (EU),2026-06-16,Airbox,WCRO24,Roll On Refill: Fresh Cotton & Sea Salt,1.0
FF5148322,SO5721003,#5929512,Shopify UK,2026-06-16 01:11:41.848120+00:00,UKAB (Airbox 18),2026-06-16,UKAB (Airbox 18),WCLR619V2,Original Lip Balm Refill V2,1.0
FF5148327,SO5721005,#5929504,Shopify UK,2026-06-16 01:11:42.731790+00:00,UKAB (Airbox 18),2026-06-16,UKAB (Airbox 18),WCLR619V2,Original Lip Balm Refill V2,1.0
FF5148340,SO5721017,#5929531,Shopify UK,2026-06-16 01:11:48.261124+00:00,UKAB (Airbox 18),2026-06-16,UKAB (Airbox 18),WCLR619V2,Original Lip Balm Refill V2,1.0
FF5148347,SO5721024,#5929562,Shopify UK,2026-06-16 01:11:51.082393+00:00,UKAB (Airbox 18),2026-06-16,UKAB (Airbox 18),WCLR619V2,Original Lip Balm Refill V2,1.0
FF5148448,SO5721125,#5929643,Shopify UK,2026-06-16 01:12:27.624553+00:00,UKAB (Airbox 18),2026-06-16,UKAB (Airbox 18),WCRS1754,Queen of Heart's Cherry Tarts Sensitive Deo Refill,1.0
FF5148451,SO5721129,#5929655,Shopify UK,2026-06-16 01:12:28.197091+00:00,UKAB (Airbox 18),2026-06-16,UKAB (Airbox 18),WCLR619V2,Original Lip Balm Refill V2,1.0
FF5148476,SO5721154,#5929671,Shopify UK,2026-06-16 01:12:36.269977+00:00,UKAB (Airbox 18),2026-06-16,UKAB (Airbox 18),WCRS1896,Watermelon sens. Deodorant Refill,1.0
FF5148483,SO5721160,#5929670,Shopify UK,2026-06-16 01:12:39.821618+00:00,UKAB (Airbox 18),2026-06-16,UKAB (Airbox 18),WCLR619V2,Original Lip Balm Refill V2,3.0
FF5148546,SO5721224,#5929754,Shopify UK,2026-06-16 01:12:59.511579+00:00,UKAB (Airbox 18),2026-06-16,UKAB (Airbox 18),WCRS1896,Watermelon sens. Deodorant Refill,3.0
FF5148575,SO5721251,#5929745,Shopify UK,2026-06-16 01:13:10.255553+00:00,UKAB (Airbox 18),2026-06-16,UKAB (Airbox 18),WCRS1896,Watermelon sens. Deodorant Refill,1.0
FF5148638,SO5721315,#5929824,Shopify UK,2026-06-16 01:13:33.693490+00:00,UKAB (Airbox 18),2026-06-16,UKAB (Airbox 18),WCLR619V2,Original Lip Balm Refill V2,3.0
FF5148663,SO5721340,#5929852,Shopify UK,2026-06-16 01:13:39.766814+00:00,UKAB (Airbox 18),2026-06-16,UKAB (Airbox 18),WCLR619V2,Original Lip Balm Refill V2,1.0
FF5148717,SO5721394,#5929921,Shopify UK,2026-06-16 01:13:59.908928+00:00,UKAB (Airbox 18),2026-06-16,UKAB (Airbox 18),WCR2554,Deo Refill: Winter Breeze,1.0
FF5148776,SO5721453,#5929969,Shopify UK,2026-06-16 01:14:29.175274+00:00,UKAB (Airbox 18),2026-06-16,UKAB (Airbox 18),WCRS1754,Queen of Heart's Cherry Tarts Sensitive Deo Refill,1.0
FF5148865,SO5721541,#5930061,Shopify UK,2026-06-16 01:15:03.190098+00:00,UKAB (Airbox 18),2026-06-16,UKAB (Airbox 18),WCLR619V2,Original Lip Balm Refill V2,1.0
FF5148888,SO5721565,#5930089,Shopify UK,2026-06-16 01:15:12.760077+00:00,UKAB (Airbox 18),2026-06-16,UKAB (Airbox 18),WCLR619V2,Original Lip Balm Refill V2,1.0
FF5149026,SO5721702,#5930223,Shopify UK,2026-06-16 01:16:24.447716+00:00,Stord (US),2026-06-16,Stord,WMIN03,Jasmine & Mandarin Blossom Mini Deodorant,1.0
FF5149067,SO5721744,#5930247,Shopify UK,2026-06-16 01:16:44.919859+00:00,UKAB (Airbox 18),2026-06-16,UKAB (Airbox 18),WCRS1896,Watermelon sens. Deodorant Refill,1.0
FF5149129,SO5721804,#5930253,Shopify UK,2026-06-16 01:34:53.612996+00:00,Stord (US),2026-06-16,Stord,WCBWMIN1012,Santorini Sunset Body Wash Mini,1.0
FF5149129,SO5721804,#5930253,Shopify UK,2026-06-16 01:34:53.612996+00:00,Stord (US),2026-06-16,Stord,WMIN02,Coconut Dreams Mini Deodorant,1.0
FF5149446,SO5722119,#5930260,Shopify UK,2026-06-16 03:25:50.657514+00:00,Stord (US),2026-06-16,Stord,WCRS3206,Deo Refill: Black Rose and Velvet Sens,1.0
FF5149614,SO5722287,AUS355693,Shopify AUS,2026-06-16 04:21:36.674805+00:00,UKAB (Airbox 18),2026-06-16,UKAB (Airbox 18),WCBWR3278,Body Wash Refill: Peachy Kiss,1.0
FF5149624,SO5722297,AUS355703,Shopify AUS,2026-06-16 04:22:09.745266+00:00,UKAB (Airbox 18),2026-06-16,UKAB (Airbox 18),WCBWR3278,Body Wash Refill: Peachy Kiss,1.0
FF5149627,SO5722300,AUS355712,Shopify AUS,2026-06-16 04:22:16.603375+00:00,Next (AU),2026-06-16,Next3PL,WCR1947,Caramel Latte Deo Refill,1.0
FF5149808,SO5722481,2878607,Shopify EU,2026-06-16 04:28:26.851581+00:00,Airbox (EU),2026-06-16,Airbox,WCR251,Elderflower & Cucumber - initial_delivery,1.0
FF5149895,SO5722569,2878692,Shopify EU,2026-06-16 04:29:08.794352+00:00,Airbox (EU),2026-06-16,Airbox,WCR251,Elderflower & Cucumber - initial_delivery,1.0
FF5149956,SO5722627,2878742,Shopify EU,2026-06-16 04:30:05.529285+00:00,Airbox (EU),2026-06-16,Airbox,WCHWR2512,Black Cherry Handwash,1.0
FF5149997,SO5722669,2878781,Shopify EU,2026-06-16 04:30:30.169549+00:00,Airbox (EU),2026-06-16,Airbox,WCR251,Elderflower & Cucumber - initial_delivery,1.0
FF5150016,SO5722688,2878804,Shopify EU,2026-06-16 04:30:40.128628+00:00,Airbox (EU),2026-06-16,Airbox,WCR251,Elderflower & Cucumber - initial_delivery,1.0
FF5150053,SO5722726,2878845,Shopify EU,2026-06-16 04:31:00.784831+00:00,Airbox (EU),2026-06-16,Airbox,WCR251,Elderflower & Cucumber - initial_delivery,1.0
FF5150092,SO5722760,2878874,Shopify EU,2026-06-16 04:31:15.038573+00:00,Airbox (EU),2026-06-16,Airbox,WCSGR524,Ocean Mist Shower Gel,1.0
FF5150141,SO5722814,2878901,Shopify EU,2026-06-16 04:31:34.452701+00:00,Airbox (EU),2026-06-16,Airbox,WCHWR2512,Black Cherry Handwash,2.0
FF5150174,SO5722846,US881886,Shopify USA,2026-06-16 04:31:47.087571+00:00,Stord (US),2026-06-16,Stord,WCR2554,Deo Refill: Winter Breeze,1.0
FF5150445,SO5723118,US882218,Shopify USA,2026-06-16 04:33:30.180369+00:00,Stord (US),2026-06-16,Stord,WCR2554,Deo Refill: Winter Breeze,1.0
FF5150623,SO5723298,US882320,Shopify USA,2026-06-16 04:34:42.622037+00:00,Stord (US),2026-06-16,Stord,WCR2554,Deo Refill: Winter Breeze,1.0
FF5150681,SO5723354,US882392,Shopify USA,2026-06-16 04:35:12.893603+00:00,Stord (US),2026-06-16,Stord,WCR2554,Deo Refill: Winter Breeze,1.0
FF5150744,SO5723416,US882459,Shopify USA,2026-06-16 04:35:39.154334+00:00,Stord (US),2026-06-16,Stord,WCR2554,Deo Refill: Winter Breeze,2.0
FF5151100,SO5723771,#5930322,Shopify UK,2026-06-16 06:18:38.737111+00:00,Airbox (EU),2026-06-16,Airbox,WCR251,Elderflower & Cucumber - initial_delivery,1.0
FF5151134,SO5723805,AUS355809,Shopify AUS,2026-06-16 06:28:23.982644+00:00,UKAB (Airbox 18),2026-06-16,UKAB (Airbox 18),WCBWR3278,Body Wash Refill: Peachy Kiss,1.0
FF5151134,SO5723805,AUS355809,Shopify AUS,2026-06-16 06:28:23.982644+00:00,UKAB (Airbox 18),2026-06-16,UKAB (Airbox 18),WCLR1245,Lip Balm Refill: Vanilla Frost,1.0
FF5151134,SO5723805,AUS355809,Shopify AUS,2026-06-16 06:28:23.982644+00:00,UKAB (Airbox 18),2026-06-16,UKAB (Airbox 18),WCLR966,Honey Lip Balm Refill,1.0
FF5151183,SO5723853,#5930318,Shopify UK,2026-06-16 06:45:02.446314+00:00,Airbox (EU),2026-06-16,Airbox,WCC1981,EBW Pink Heart Deo Case,1.0
FF5151427,SO5724096,#5930411,Shopify UK,2026-06-16 07:57:33.663078+00:00,Next (AU),2026-06-16,Next3PL,WCBWMIN1012,Santorini Sunset Body Wash Mini,1.0
FF5151844,SO5724513,#5930426,Shopify UK,2026-06-16 08:18:27.294351+00:00,Next (AU),2026-06-16,Next3PL,WCC1981,EBW Pink Heart Deo Case,1.0
FF5151858,SO5724527,2879171,Shopify EU,2026-06-16 08:22:56.495519+00:00,UKAB (Airbox 18),2026-06-16,UKAB (Airbox 18),WCLR619V2,Original Lip Balm Refill V2,1.0
FF5151875,SO5724544,#5930436,Shopify UK,2026-06-16 08:26:39.139562+00:00,UKAB (Airbox 18),2026-06-16,UKAB (Airbox 18),WCLR619V2,Original Lip Balm Refill V2,1.0
FF5152192,SO5724861,AUS355871,Shopify AUS,2026-06-16 09:53:59.638079+00:00,UKAB (Airbox 18),2026-06-16,UKAB (Airbox 18),WCBWR3278,Body Wash Refill: Peachy Kiss,1.0
FF5152195,SO5724864,#5930538,Shopify UK,2026-06-16 09:54:53.858105+00:00,Airbox (EU),2026-06-16,Airbox,WCLC1053V2,Lip Balm Case: Ombre,1.0
FF5152195,SO5724864,#5930538,Shopify UK,2026-06-16 09:54:53.858105+00:00,Airbox (EU),2026-06-16,Airbox,WCRO24,Roll On Refill: Fresh Cotton & Sea Salt,2.0
FF5152239,SO5724908,2879314,Shopify EU,2026-06-16 10:04:30.965666+00:00,UKAB (Airbox 18),2026-06-16,UKAB (Airbox 18),WCLR619V2,Original Lip Balm Refill V2,2.0
FF5152239,SO5724908,2879314,Shopify EU,2026-06-16 10:04:30.965666+00:00,UKAB (Airbox 18),2026-06-16,UKAB (Airbox 18),WCR1947,Caramel Latte Deo Refill,1.0
FF5152272,SO5724940,2879337,Shopify EU,2026-06-16 10:10:21.968481+00:00,UKAB (Airbox 18),2026-06-16,UKAB (Airbox 18),WCLR619V2,Original Lip Balm Refill V2,1.0
FF5152426,SO5725094,#5930635,Shopify UK,2026-06-16 10:29:19.890158+00:00,Airbox (EU),2026-06-16,Airbox,WCLC1053V2,Lip Balm Case: Ombre,1.0
FF5152566,SO5725232,2879355,Shopify EU,2026-06-16 10:45:25.401279+00:00,UKAB (Airbox 18),2026-06-16,UKAB (Airbox 18),WCLR619V2,Original Lip Balm Refill V2,1.0
FF5152662,SO5725328,2879539,Shopify EU,2026-06-16 10:55:23.147762+00:00,UKAB (Airbox 18),2026-06-16,UKAB (Airbox 18),WCLR1072,Watermelon Lip Balm Refill,1.0
FF5152662,SO5725328,2879539,Shopify EU,2026-06-16 10:55:23.147762+00:00,UKAB (Airbox 18),2026-06-16,UKAB (Airbox 18),WCLR1245,Lip Balm Refill: Vanilla Frost,1.0
FF5152662,SO5725328,2879539,Shopify EU,2026-06-16 10:55:23.147762+00:00,UKAB (Airbox 18),2026-06-16,UKAB (Airbox 18),WCLR619V2,Original Lip Balm Refill V2,1.0
FF5152699,SO5725365,AUS355906,Shopify AUS,2026-06-16 11:00:14.488060+00:00,Airbox (EU),2026-06-16,Airbox,WCROC2894,Roll On Case: Midnight Bloom ,1.0
FF5152802,SO5725468,#5930773,Shopify UK,2026-06-16 11:12:58.290224+00:00,Stord (US),2026-06-16,Stord,WMIN02,Coconut Dreams Mini Deodorant,1.0
FF5152802,SO5725468,#5930773,Shopify UK,2026-06-16 11:12:58.290224+00:00,Stord (US),2026-06-16,Stord,WMIN03,Jasmine & Mandarin Blossom Mini Deodorant,1.0
FF5152802,SO5725468,#5930773,Shopify UK,2026-06-16 11:12:58.290224+00:00,Stord (US),2026-06-16,Stord,WMIN3111,Mini Deo: Peachy Kisses,1.0
FF5152921,SO5725586,2879650,Shopify EU,2026-06-16 11:30:39.774439+00:00,Airbox (EU),2026-06-16,Airbox,WCR251,Elderflower & Cucumber - initial_delivery,1.0
FF5152926,SO5725592,2879654,Shopify EU,2026-06-16 11:31:16.801878+00:00,UKAB (Airbox 18),2026-06-16,UKAB (Airbox 18),WCLR619V2,Original Lip Balm Refill V2,1.0
FF5152951,SO5725617,2879664,Shopify EU,2026-06-16 11:35:30.054048+00:00,UKAB (Airbox 18),2026-06-16,UKAB (Airbox 18),WCLR1072,Watermelon Lip Balm Refill,1.0
FF5152951,SO5725617,2879664,Shopify EU,2026-06-16 11:35:30.054048+00:00,UKAB (Airbox 18),2026-06-16,UKAB (Airbox 18),WCLR619V2,Original Lip Balm Refill V2,1.0
FF5153268,SO5725934,#5930906,Shopify UK,2026-06-16 12:28:15.648433+00:00,UKAB (Airbox 18),2026-06-16,UKAB (Airbox 18),WCC20,Purple Deodorant Case,1.0
FF5153373,SO5726039,#5930885,Shopify UK,2026-06-16 12:46:11.430125+00:00,Airbox (EU),2026-06-16,Airbox,WCR251,Elderflower & Cucumber - initial_delivery,1.0
FF5153383,SO5726049,#5930935,Shopify UK,2026-06-16 12:47:42.285509+00:00,Stord (US),2026-06-16,Stord,WCBWMIN24,Fresh Cotton and Sea Salt Body Wash Mini,1.0
FF5153496,SO5726163,#5930960,Shopify UK,2026-06-16 13:07:25.744059+00:00,UKAB (Airbox 18),2026-06-16,UKAB (Airbox 18),WCC20,Purple Deodorant Case,1.0
FF5154481,SO5727150,US848209R,Shopify USA,2026-06-16 13:51:45.848041+00:00,Stord (US),2026-06-16,Stord,WCR1282,Love Potion Deo Refill,1.0
FF5154490,SO5727156,US846797R,Shopify USA,2026-06-16 13:51:47.053465+00:00,Stord (US),2026-06-16,Stord,WBU7209US,US memorial sale	Stick Deo bundle 3,1.0
FF5154767,SO5727430,#5931078,Shopify UK,2026-06-16 14:37:46.156928+00:00,Airbox (EU),2026-06-16,Airbox,WCROC3129,Roll on Case: Valentine's Day Hearts,1.0
FF5154949,SO5727612,2880106,Shopify EU,2026-06-16 15:11:44.806911+00:00,UKAB (Airbox 18),2026-06-16,UKAB (Airbox 18),WCLR619V2,Original Lip Balm Refill V2,1.0
FF5154963,SO5727626,#5931145,Shopify UK,2026-06-16 15:13:56.768858+00:00,Airbox (EU),2026-06-16,Airbox,WCR251,Elderflower & Cucumber - initial_delivery,1.0
FF5155008,SO5727671,2880125,Shopify EU,2026-06-16 15:22:53.396818+00:00,Stord (US),2026-06-16,Stord,WCRS3206,Deo Refill: Black Rose and Velvet Sens,1.0
FF5155063,SO5727726,2880087,Shopify EU,2026-06-16 15:33:29.068199+00:00,UKAB (Airbox 18),2026-06-16,UKAB (Airbox 18),WCLR619V2,Original Lip Balm Refill V2,1.0
FF5155076,SO5727739,#5907791R,Shopify UK,2026-06-16 15:34:27.548868+00:00,Airbox (EU),2026-06-16,Airbox,WCR251,Elderflower & Cucumber - initial_delivery,2.0
FF5155083,SO5727746,#5904904R,Shopify UK,2026-06-16 15:34:36.561834+00:00,Airbox (EU),2026-06-16,Airbox,WCR251,Elderflower & Cucumber - initial_delivery,1.0
FF5155202,SO5727938,AUS355955,Shopify AUS,2026-06-16 15:59:44.796401+00:00,UKAB (Airbox 18),2026-06-16,UKAB (Airbox 18),WCBWR3278,Body Wash Refill: Peachy Kiss,1.0
FF5155202,SO5727938,AUS355955,Shopify AUS,2026-06-16 15:59:44.796401+00:00,UKAB (Airbox 18),2026-06-16,UKAB (Airbox 18),WCR01,Orange Zest - initial_delivery,1.0
FF5155217,SO5727953,#5931147,Shopify UK,2026-06-16 16:00:48.436837+00:00,Airbox (EU),2026-06-16,Airbox,WCRO24,Roll On Refill: Fresh Cotton & Sea Salt,2.0
FF5155353,SO5728086,#5931259,Shopify UK,2026-06-16 16:19:37.646438+00:00,Stord (US),2026-06-16,Stord,WCROC2738,Roll On Case: Love Heart,1.0
FF5155410,SO5728143,#5931285,Shopify UK,2026-06-16 16:25:10.206302+00:00,Stord (US),2026-06-16,Stord,WCR3205,Deo Refill: Black Rose and Velvet,2.0
FF5155888,SO5728545,#5931392,Shopify UK,2026-06-16 17:13:16.405914+00:00,UKAB (Airbox 18),2026-06-16,UKAB (Airbox 18),WCC2472,Deo Case: Red Christmas Snoopy,1.0
FF5156498,SO5729152,US870548R,Shopify USA,2026-06-16 17:24:58.835583+00:00,Stord (US),2026-06-16,Stord,WMIN748,Rainforest Oasis Mini,1.0
FF5156508,SO5729162,US865912R,Shopify USA,2026-06-16 17:25:07.208600+00:00,Stord (US),2026-06-16,Stord,WCR1282,Love Potion Deo Refill,1.0
FF5156668,SO5729320,#5895626RR,Shopify UK,2026-06-16 17:50:11.404503+00:00,UKAB (Airbox 18),2026-06-16,UKAB (Airbox 18),WCRS1754,Queen of Heart's Cherry Tarts Sensitive Deo Refill,2.0
FF5156672,SO5729326,#5895569RR,Shopify UK,2026-06-16 17:50:13.288421+00:00,UKAB (Airbox 18),2026-06-16,UKAB (Airbox 18),WCRS1754,Queen of Heart's Cherry Tarts Sensitive Deo Refill,1.0
FF5156682,SO5729335,#5895441RR,Shopify UK,2026-06-16 17:50:19.549899+00:00,UKAB (Airbox 18),2026-06-16,UKAB (Airbox 18),WCRS1754,Queen of Heart's Cherry Tarts Sensitive Deo Refill,1.0
FF5156688,SO5729343,#5894828RR,Shopify UK,2026-06-16 17:50:25.514389+00:00,UKAB (Airbox 18),2026-06-16,UKAB (Airbox 18),WCRS1754,Queen of Heart's Cherry Tarts Sensitive Deo Refill,1.0
FF5156700,SO5729353,#5891184RR,Shopify UK,2026-06-16 17:50:31.794649+00:00,UKAB (Airbox 18),2026-06-16,UKAB (Airbox 18),WCRS1754,Queen of Heart's Cherry Tarts Sensitive Deo Refill,2.0
FF5156706,SO5729359,#5896686RR,Shopify UK,2026-06-16 17:50:33.084898+00:00,UKAB (Airbox 18),2026-06-16,UKAB (Airbox 18),WCRS1754,Queen of Heart's Cherry Tarts Sensitive Deo Refill,2.0
FF5156706,SO5729359,#5896686RR,Shopify UK,2026-06-16 17:50:33.084898+00:00,UKAB (Airbox 18),2026-06-16,UKAB (Airbox 18),WCRS762,Rainforest Oasis - Sensitive Deo Refill,1.0
FF5156746,SO5729399,#5894952RR,Shopify UK,2026-06-16 17:52:34.790815+00:00,UKAB (Airbox 18),2026-06-16,UKAB (Airbox 18),WCRS1754,Queen of Heart's Cherry Tarts Sensitive Deo Refill,1.0
FF5156753,SO5729406,#5894824RR,Shopify UK,2026-06-16 17:53:05.358789+00:00,UKAB (Airbox 18),2026-06-16,UKAB (Airbox 18),WCRS1754,Queen of Heart's Cherry Tarts Sensitive Deo Refill,2.0
FF5156757,SO5729410,#5894865RR,Shopify UK,2026-06-16 17:53:11.240638+00:00,UKAB (Airbox 18),2026-06-16,UKAB (Airbox 18),WCR1101,Autumn Leaves Deo Refill,1.0
FF5156762,SO5729415,#5893604RR,Shopify UK,2026-06-16 17:53:19.883783+00:00,UKAB (Airbox 18),2026-06-16,UKAB (Airbox 18),WCR1101,Autumn Leaves Deo Refill,1.0
FF5156762,SO5729415,#5893604RR,Shopify UK,2026-06-16 17:53:19.883783+00:00,UKAB (Airbox 18),2026-06-16,UKAB (Airbox 18),WCRS1754,Queen of Heart's Cherry Tarts Sensitive Deo Refill,1.0
FF5156763,SO5729416,#5893848RR,Shopify UK,2026-06-16 17:53:20.275509+00:00,UKAB (Airbox 18),2026-06-16,UKAB (Airbox 18),WCR1101,Autumn Leaves Deo Refill,1.0
FF5156764,SO5729417,#5893726RR,Shopify UK,2026-06-16 17:53:24.281406+00:00,UKAB (Airbox 18),2026-06-16,UKAB (Airbox 18),WCR1101,Autumn Leaves Deo Refill,1.0
FF5156767,SO5729421,#5893532RR,Shopify UK,2026-06-16 17:53:26.594972+00:00,UKAB (Airbox 18),2026-06-16,UKAB (Airbox 18),WCR1101,Autumn Leaves Deo Refill,1.0
FF5156769,SO5729422,#5893601RR,Shopify UK,2026-06-16 17:53:29.285680+00:00,UKAB (Airbox 18),2026-06-16,UKAB (Airbox 18),WCR1101,Autumn Leaves Deo Refill,1.0
FF5156770,SO5729423,#5893004RR,Shopify UK,2026-06-16 17:53:30.804423+00:00,UKAB (Airbox 18),2026-06-16,UKAB (Airbox 18),WCRS1754,Queen of Heart's Cherry Tarts Sensitive Deo Refill,1.0
FF5156771,SO5729424,#5893318RR,Shopify UK,2026-06-16 17:53:31.961163+00:00,UKAB (Airbox 18),2026-06-16,UKAB (Airbox 18),WCR1101,Autumn Leaves Deo Refill,1.0
FF5156772,SO5729425,#5893221RR,Shopify UK,2026-06-16 17:53:32.866694+00:00,UKAB (Airbox 18),2026-06-16,UKAB (Airbox 18),WCRS1754,Queen of Heart's Cherry Tarts Sensitive Deo Refill,1.0
FF5156784,SO5729437,#5892380RR,Shopify UK,2026-06-16 17:53:42.655456+00:00,UKAB (Airbox 18),2026-06-16,UKAB (Airbox 18),WCLRSPF02,Coconut & Vanilla SPF Lip Balm Refill,1.0
FF5156785,SO5729438,#5891575RR,Shopify UK,2026-06-16 17:53:45.675396+00:00,UKAB (Airbox 18),2026-06-16,UKAB (Airbox 18),WCLRSPF02,Coconut & Vanilla SPF Lip Balm Refill,1.0
FF5156789,SO5729444,#5891140RR,Shopify UK,2026-06-16 17:53:51.413488+00:00,UKAB (Airbox 18),2026-06-16,UKAB (Airbox 18),WCLRSPF02,Coconut & Vanilla SPF Lip Balm Refill,1.0
FF5156818,SO5729471,#5897297RR,Shopify UK,2026-06-16 17:54:12.048286+00:00,UKAB (Airbox 18),2026-06-16,UKAB (Airbox 18),WCRS1754,Queen of Heart's Cherry Tarts Sensitive Deo Refill,2.0
FF5156822,SO5729478,#5897404RR,Shopify UK,2026-06-16 17:54:14.248494+00:00,UKAB (Airbox 18),2026-06-16,UKAB (Airbox 18),WCR1101,Autumn Leaves Deo Refill,1.0
FF5156827,SO5729480,#5875806RR,Shopify UK,2026-06-16 17:54:15.131888+00:00,UKAB (Airbox 18),2026-06-16,UKAB (Airbox 18),WCRS1754,Queen of Heart's Cherry Tarts Sensitive Deo Refill,1.0
FF5156828,SO5729481,#5875220RR,Shopify UK,2026-06-16 17:54:15.187492+00:00,UKAB (Airbox 18),2026-06-16,UKAB (Airbox 18),WCRS1754,Queen of Heart's Cherry Tarts Sensitive Deo Refill,1.0
FF5156834,SO5729487,#5897386RR,Shopify UK,2026-06-16 17:54:19.541616+00:00,UKAB (Airbox 18),2026-06-16,UKAB (Airbox 18),WCR1101,Autumn Leaves Deo Refill,2.0
FF5156835,SO5729488,#5897206RR,Shopify UK,2026-06-16 17:54:19.534812+00:00,UKAB (Airbox 18),2026-06-16,UKAB (Airbox 18),WCR1101,Autumn Leaves Deo Refill,1.0
FF5156839,SO5729493,#5897061RR,Shopify UK,2026-06-16 17:54:22.609245+00:00,UKAB (Airbox 18),2026-06-16,UKAB (Airbox 18),WCR1101,Autumn Leaves Deo Refill,1.0
FF5156840,SO5729492,#5897130RR,Shopify UK,2026-06-16 17:54:22.402752+00:00,UKAB (Airbox 18),2026-06-16,UKAB (Airbox 18),WCR1101,Autumn Leaves Deo Refill,1.0
FF5156844,SO5729497,#5897003RR,Shopify UK,2026-06-16 17:54:24.146662+00:00,UKAB (Airbox 18),2026-06-16,UKAB (Airbox 18),WCR1101,Autumn Leaves Deo Refill,1.0
FF5156845,SO5729498,#5897125RR,Shopify UK,2026-06-16 17:54:24.211564+00:00,UKAB (Airbox 18),2026-06-16,UKAB (Airbox 18),WCRS1754,Queen of Heart's Cherry Tarts Sensitive Deo Refill,1.0
FF5156849,SO5729503,#5910067RR,Shopify UK,2026-06-16 17:54:27.193826+00:00,UKAB (Airbox 18),2026-06-16,UKAB (Airbox 18),WCRS1754,Queen of Heart's Cherry Tarts Sensitive Deo Refill,1.0
FF5156852,SO5729502,#5897019RR,Shopify UK,2026-06-16 17:54:26.676629+00:00,UKAB (Airbox 18),2026-06-16,UKAB (Airbox 18),WCRS1754,Queen of Heart's Cherry Tarts Sensitive Deo Refill,1.0
FF5156855,SO5729504,#5897068RR,Shopify UK,2026-06-16 17:54:27.465780+00:00,UKAB (Airbox 18),2026-06-16,UKAB (Airbox 18),WCR1101,Autumn Leaves Deo Refill,1.0
FF5156855,SO5729504,#5897068RR,Shopify UK,2026-06-16 17:54:27.465780+00:00,UKAB (Airbox 18),2026-06-16,UKAB (Airbox 18),WCRS1754,Queen of Heart's Cherry Tarts Sensitive Deo Refill,1.0
FF5156864,SO5729517,#5908035RR,Shopify UK,2026-06-16 17:54:34.649759+00:00,UKAB (Airbox 18),2026-06-16,UKAB (Airbox 18),WCRS1754,Queen of Heart's Cherry Tarts Sensitive Deo Refill,1.0
FF5156869,SO5729523,#5905313RR,Shopify UK,2026-06-16 17:54:36.736919+00:00,UKAB (Airbox 18),2026-06-16,UKAB (Airbox 18),WCRS1754,Queen of Heart's Cherry Tarts Sensitive Deo Refill,1.0
FF5157324,SO5729974,US861289RR,Shopify USA,2026-06-16 18:25:54.332643+00:00,Stord (US),2026-06-16,Stord,WRREF1246,US Coconut Refill,1.0
FF5157326,SO5729975,US862429RR,Shopify USA,2026-06-16 18:25:54.348960+00:00,Stord (US),2026-06-16,Stord,WMIN2512,Mini Deo: Black Cherry,1.0
FF5157397,SO5730046,US884532,Shopify USA,2026-06-16 18:32:45.197631+00:00,Stord (US),2026-06-16,Stord,WCR1105,Enchanted Forest Deo Refill,1.0
FF5157401,SO5730050,2880454,Shopify EU,2026-06-16 18:33:08.989473+00:00,UKAB (Airbox 18),2026-06-16,UKAB (Airbox 18),WCLR619V2,Original Lip Balm Refill V2,1.0
FF5157468,SO5730117,US884246,Shopify USA,2026-06-16 18:45:09.071188+00:00,Stord (US),2026-06-16,Stord,WCR1105,Enchanted Forest Deo Refill,1.0
FF5157469,SO5730118,US884248,Shopify USA,2026-06-16 18:45:11.202208+00:00,Stord (US),2026-06-16,Stord,WCR1105,Enchanted Forest Deo Refill,1.0
FF5157499,SO5730148,#5932086,Shopify UK,2026-06-16 18:49:49.906719+00:00,Airbox (EU),2026-06-16,Airbox,WCC1981,EBW Pink Heart Deo Case,1.0
FF5157576,SO5730224,2880560,Shopify EU,2026-06-16 19:00:15.128087+00:00,UKAB (Airbox 18),2026-06-16,UKAB (Airbox 18),WCLR619V2,Original Lip Balm Refill V2,1.0
FF5157693,SO5730336,US884277,Shopify USA,2026-06-16 19:17:05.201954+00:00,Stord (US),2026-06-16,Stord,WCR1105,Enchanted Forest Deo Refill,1.0
FF5157822,SO5730466,#5932154,Shopify UK,2026-06-16 19:32:06.272727+00:00,Airbox (EU),2026-06-16,Airbox,WCLC1053V2,Lip Balm Case: Ombre,1.0
FF5158052,SO5730695,#5932207,Shopify UK,2026-06-16 20:04:22.399276+00:00,Airbox (EU),2026-06-16,Airbox,WCR251,Elderflower & Cucumber - initial_delivery,1.0
FF5158279,SO5730920,AUS355967,Shopify AUS,2026-06-16 20:33:34.431526+00:00,UKAB (Airbox 18),2026-06-16,UKAB (Airbox 18),WCBWR3278,Body Wash Refill: Peachy Kiss,1.0
FF5158355,SO5730996,#5932266,Shopify UK,2026-06-16 20:35:30.748186+00:00,Airbox (EU),2026-06-16,Airbox,WCROC2556,Roll On Case: Chrome,1.0
FF5158382,SO5731023,#5932218,Shopify UK,2026-06-16 20:40:59.533891+00:00,Airbox (EU),2026-06-16,Airbox,WCC2556,Deo Case: Chrome ,1.0
FF5158800,SO5731437,2881021,Shopify EU,2026-06-16 21:45:13.538997+00:00,UKAB (Airbox 18),2026-06-16,UKAB (Airbox 18),WCLR619V2,Original Lip Balm Refill V2,1.0
FF5159025,SO5731662,#5932402,Shopify UK,2026-06-16 22:35:23.095588+00:00,Airbox (EU),2026-06-16,Airbox,WCRO24,Roll On Refill: Fresh Cotton & Sea Salt,2.0
FF5159069,SO5731706,US884873,Shopify USA,2026-06-16 22:48:29.098827+00:00,Stord (US),2026-06-16,Stord,WCR1282,Love Potion Deo Refill,1.0
FF5159470,SO5732107,US885029,Shopify USA,2026-06-17 00:45:54.547016+00:00,Stord (US),2026-06-17,Stord,WCR2554,Deo Refill: Winter Breeze,2.0
FF5159605,SO5732241,#5932520,Shopify UK,2026-06-17 01:08:40.654853+00:00,UKAB (Airbox 18),2026-06-17,UKAB (Airbox 18),WCRS1896,Watermelon sens. Deodorant Refill,1.0
FF5159714,SO5732353,#5932661,Shopify UK,2026-06-17 01:09:48.311339+00:00,Stord (US),2026-06-17,Stord,WMIN3111,Mini Deo: Peachy Kisses,1.0
FF5159755,SO5732389,#5932704,Shopify UK,2026-06-17 01:10:04.550540+00:00,UKAB (Airbox 18),2026-06-17,UKAB (Airbox 18),WCRS1896,Watermelon sens. Deodorant Refill,1.0
FF5159842,SO5732478,#5932773,Shopify UK,2026-06-17 01:10:41.111196+00:00,Next (AU),2026-06-17,Next3PL,WCLRSPF02V2,Coconut & Vanilla SPF Lip Balm Refill V2,3.0
FF5160203,SO5732837,#5933136,Shopify UK,2026-06-17 01:13:00.549762+00:00,UKAB (Airbox 18),2026-06-17,UKAB (Airbox 18),WCRS1754,Queen of Heart's Cherry Tarts Sensitive Deo Refill,1.0
FF5160253,SO5732892,#5933191,Shopify UK,2026-06-17 01:13:18.019258+00:00,Airbox (EU),2026-06-17,Airbox,WCR251,Elderflower & Cucumber - initial_delivery,2.0
FF5160438,SO5733073,#5933321,Shopify UK,2026-06-17 01:26:56.483275+00:00,Next (AU),2026-06-17,Next3PL,WCR251,Elderflower & Cucumber - initial_delivery,1.0
FF5160877,SO5733511,AUS356054,Shopify AUS,2026-06-17 03:55:13.835698+00:00,UKAB (Airbox 18),2026-06-17,UKAB (Airbox 18),WCBWR3278,Body Wash Refill: Peachy Kiss,2.0
FF5160961,SO5733595,AUS356089,Shopify AUS,2026-06-17 04:27:16.209077+00:00,UKAB (Airbox 18),2026-06-17,UKAB (Airbox 18),WCHWR1967,Refresher Handwash Refill,1.0
FF5161004,SO5733634,AUS356131,Shopify AUS,2026-06-17 04:28:51.158535+00:00,UKAB (Airbox 18),2026-06-17,UKAB (Airbox 18),WCBWR3278,Body Wash Refill: Peachy Kiss,1.0
FF5161080,SO5733714,AUS356193,Shopify AUS,2026-06-17 04:29:51.421822+00:00,UKAB (Airbox 18),2026-06-17,UKAB (Airbox 18),WCBWR3278,Body Wash Refill: Peachy Kiss,1.0
FF5161116,SO5733748,AUS356220,Shopify AUS,2026-06-17 04:30:09.409873+00:00,UKAB (Airbox 18),2026-06-17,UKAB (Airbox 18),WCLR1245,Lip Balm Refill: Vanilla Frost,1.0
FF5161126,SO5733760,AUS356233,Shopify AUS,2026-06-17 04:30:15.320801+00:00,UKAB (Airbox 18),2026-06-17,UKAB (Airbox 18),WCBWR3278,Body Wash Refill: Peachy Kiss,2.0
FF5161126,SO5733760,AUS356233,Shopify AUS,2026-06-17 04:30:15.320801+00:00,UKAB (Airbox 18),2026-06-17,UKAB (Airbox 18),WCRS1896,Watermelon sens. Deodorant Refill,1.0
FF5161204,SO5733838,2881167,Shopify EU,2026-06-17 04:30:58.279620+00:00,Airbox (EU),2026-06-17,Airbox,WCR251,Elderflower & Cucumber - initial_delivery,1.0
FF5161218,SO5733852,2881177,Shopify EU,2026-06-17 04:31:03.471442+00:00,Airbox (EU),2026-06-17,Airbox,WCR251,Elderflower & Cucumber - initial_delivery,1.0
FF5161245,SO5733878,2881200,Shopify EU,2026-06-17 04:31:11.097970+00:00,Airbox (EU),2026-06-17,Airbox,WCR251,Elderflower & Cucumber - initial_delivery,1.0
FF5161379,SO5734015,2881331,Shopify EU,2026-06-17 04:32:01.427998+00:00,Airbox (EU),2026-06-17,Airbox,WCR251,Elderflower & Cucumber - initial_delivery,1.0
FF5161385,SO5734020,2881349,Shopify EU,2026-06-17 04:32:03.076951+00:00,Airbox (EU),2026-06-17,Airbox,WCR251,Elderflower & Cucumber - initial_delivery,1.0
FF5161487,SO5734122,2881432,Shopify EU,2026-06-17 04:32:48.685410+00:00,UKAB (Airbox 18),2026-06-17,UKAB (Airbox 18),WCRS1117,Arctic Ice Q Sens Deo Refill,1.0
FF5161607,SO5734240,US885329,Shopify USA,2026-06-17 04:33:49.039024+00:00,Stord (US),2026-06-17,Stord,WCR2554,Deo Refill: Winter Breeze,1.0
FF5161703,SO5734337,US885437,Shopify USA,2026-06-17 04:34:23.299109+00:00,Stord (US),2026-06-17,Stord,WCR2554,Deo Refill: Winter Breeze,1.0
FF5161853,SO5734488,US885574,Shopify USA,2026-06-17 04:35:26.647421+00:00,Stord (US),2026-06-17,Stord,WCR1105,Enchanted Forest Deo Refill,1.0
FF5161856,SO5734489,US885581,Shopify USA,2026-06-17 04:35:27.378537+00:00,Stord (US),2026-06-17,Stord,WCR2554,Deo Refill: Winter Breeze,1.0
FF5161905,SO5734539,US885633,Shopify USA,2026-06-17 04:35:48.286369+00:00,Stord (US),2026-06-17,Stord,WCR2554,Deo Refill: Winter Breeze,1.0
FF5162072,SO5734707,US885790,Shopify USA,2026-06-17 04:36:53.235651+00:00,Stord (US),2026-06-17,Stord,WCR1105,Enchanted Forest Deo Refill,1.0
FF5162109,SO5734741,US885841,Shopify USA,2026-06-17 04:37:08.260426+00:00,Stord (US),2026-06-17,Stord,WCR1105,Enchanted Forest Deo Refill,1.0
FF5162259,SO5734893,US885973,Shopify USA,2026-06-17 04:40:03.233473+00:00,Stord (US),2026-06-17,Stord,WCR1105,Enchanted Forest Deo Refill,1.0
FF5162401,SO5735035,#5933367,Shopify UK,2026-06-17 05:30:12.644482+00:00,UKAB (Airbox 18),2026-06-17,UKAB (Airbox 18),WCR1687,Mad Hatter's Tea Party Deodorant Refill,1.0
FF5162438,SO5735072,#5933375,Shopify UK,2026-06-17 05:40:48.474683+00:00,UKAB (Airbox 18),2026-06-17,UKAB (Airbox 18),WCRS1754,Queen of Heart's Cherry Tarts Sensitive Deo Refill,1.0
FF5162499,SO5735133,#5933391,Shopify UK,2026-06-17 05:57:00.909112+00:00,Airbox (EU),2026-06-17,Airbox,WCROC3130,Roll On Case: Leopard,1.0
FF5162522,SO5735156,#5933401,Shopify UK,2026-06-17 06:03:08.958659+00:00,UKAB (Airbox 18),2026-06-17,UKAB (Airbox 18),WCR1687,Mad Hatter's Tea Party Deodorant Refill,1.0
FF5162522,SO5735156,#5933401,Shopify UK,2026-06-17 06:03:08.958659+00:00,UKAB (Airbox 18),2026-06-17,UKAB (Airbox 18),WCRS1754,Queen of Heart's Cherry Tarts Sensitive Deo Refill,1.0
FF5162548,SO5735182,2881650,Shopify EU,2026-06-17 06:09:05.760300+00:00,UKAB (Airbox 18),2026-06-17,UKAB (Airbox 18),WCLR619V2,Original Lip Balm Refill V2,1.0
FF5162681,SO5735315,#5933452,Shopify UK,2026-06-17 06:42:01.060007+00:00,Airbox (EU),2026-06-17,Airbox,WCROC2556,Roll On Case: Chrome,1.0
FF5162747,SO5735381,US886045,Shopify USA,2026-06-17 06:56:57.290783+00:00,Stord (US),2026-06-17,Stord,WCR1687,Mad Hatter's Tea Party Deodorant Refill,1.0
FF5162790,SO5735424,#5933487,Shopify UK,2026-06-17 07:05:09.712428+00:00,Airbox (EU),2026-06-17,Airbox,WCROC3129,Roll on Case: Valentine's Day Hearts,1.0
FF5162824,SO5735458,2881755,Shopify EU,2026-06-17 07:15:49.118701+00:00,UKAB (Airbox 18),2026-06-17,UKAB (Airbox 18),WCLR619V2,Original Lip Balm Refill V2,1.0
FF5162880,SO5735514,2881773,Shopify EU,2026-06-17 07:25:48.632898+00:00,Airbox (EU),2026-06-17,Airbox,WCBWR507,Thunderstorm 300ml Body Wash Refill,1.0
FF5162889,SO5735523,AUS356348,Shopify AUS,2026-06-17 07:29:34.656845+00:00,UKAB (Airbox 18),2026-06-17,UKAB (Airbox 18),WCBWR3278,Body Wash Refill: Peachy Kiss,2.0
FF5162891,SO5735525,AUS356349,Shopify AUS,2026-06-17 07:29:56.453669+00:00,UKAB (Airbox 18),2026-06-17,UKAB (Airbox 18),WCBWR3278,Body Wash Refill: Peachy Kiss,1.0
FF5162891,SO5735525,AUS356349,Shopify AUS,2026-06-17 07:29:56.453669+00:00,UKAB (Airbox 18),2026-06-17,UKAB (Airbox 18),WCLC863,Powder Blue Lip Balm Case,1.0
FF5162914,SO5735549,#5933531,Shopify UK,2026-06-17 07:34:28.458393+00:00,Stord (US),2026-06-17,Stord,WCBWMIN1283,Juicy Mango Body Wash Mini,1.0
FF5162914,SO5735549,#5933531,Shopify UK,2026-06-17 07:34:28.458393+00:00,Stord (US),2026-06-17,Stord,WMIN1014,Cucumber Cooler Mini,1.0
FF5162936,SO5735571,#5933537,Shopify UK,2026-06-17 07:39:06.152211+00:00,Stord (US),2026-06-17,Stord,WCROA608,Roll On AP: Amber & Oud,1.0
FF5163046,SO5735677,US886066,Shopify USA,2026-06-17 08:09:48.320166+00:00,Stord (US),2026-06-17,Stord,WCR1282,Love Potion Deo Refill,1.0
FF5163077,SO5735707,2881859,Shopify EU,2026-06-17 08:16:18.974529+00:00,UKAB (Airbox 18),2026-06-17,UKAB (Airbox 18),WCROL1905,Roll On Roller: Pink,1.0
FF5163129,SO5735759,#5933589,Shopify UK,2026-06-17 08:26:56.490343+00:00,Stord (US),2026-06-17,Stord,WCRS3206,Deo Refill: Black Rose and Velvet Sens,1.0
FF5163139,SO5735769,US886072,Shopify USA,2026-06-17 08:27:58.162701+00:00,Stord (US),2026-06-17,Stord,WCR1105,Enchanted Forest Deo Refill,1.0
FF5163234,SO5735864,#5933624,Shopify UK,2026-06-17 08:53:19.882217+00:00,Next (AU),2026-06-17,Next3PL,WCRS1262,Renew Sensitive Deo Refill,1.0
FF5163259,SO5735889,2881925,Shopify EU,2026-06-17 09:00:39.966079+00:00,Airbox (EU),2026-06-17,Airbox,WCR251,Elderflower & Cucumber - initial_delivery,1.0
FF5163283,SO5735913,2881935,Shopify EU,2026-06-17 09:07:10.273581+00:00,UKAB (Airbox 18),2026-06-17,UKAB (Airbox 18),WCLR619V2,Original Lip Balm Refill V2,1.0
FF5163401,SO5736031,2881928,Shopify EU,2026-06-17 09:34:42.774219+00:00,UKAB (Airbox 18),2026-06-17,UKAB (Airbox 18),WCLR619V2,Original Lip Balm Refill V2,1.0
FF5163772,SO5736403,US886142,Shopify USA,2026-06-17 10:57:33.184345+00:00,Stord (US),2026-06-17,Stord,WCR1105,Enchanted Forest Deo Refill,1.0
FF5163962,SO5736591,2882191,Shopify EU,2026-06-17 11:42:50.800552+00:00,UKAB (Airbox 18),2026-06-17,UKAB (Airbox 18),WCLR619V2,Original Lip Balm Refill V2,1.0
FF5164243,SO5736872,2882288,Shopify EU,2026-06-17 12:40:19.603911+00:00,UKAB (Airbox 18),2026-06-17,UKAB (Airbox 18),WCLR619V2,Original Lip Balm Refill V2,1.0
FF5164362,SO5736989,2882333,Shopify EU,2026-06-17 13:08:18.343386+00:00,UKAB (Airbox 18),2026-06-17,UKAB (Airbox 18),WCC59,Pink Deodorant Case,1.0
FF5164366,SO5736993,2882335,Shopify EU,2026-06-17 13:08:49.474323+00:00,UKAB (Airbox 18),2026-06-17,UKAB (Airbox 18),WCLR619V2,Original Lip Balm Refill V2,1.0
FF5164508,SO5737135,#5933989,Shopify UK,2026-06-17 13:34:41.979869+00:00,Airbox (EU),2026-06-17,Airbox,WCRO24,Roll On Refill: Fresh Cotton & Sea Salt,2.0
FF5164518,SO5737145,2882392,Shopify EU,2026-06-17 13:37:00.865658+00:00,Airbox (EU),2026-06-17,Airbox,WCR1919,Vanilla Butterscotch Deo Refill,1.0
FF5164577,SO5737204,AUS356455,Shopify AUS,2026-06-17 13:48:21.342358+00:00,UKAB (Airbox 18),2026-06-17,UKAB (Airbox 18),WCR1947,Caramel Latte Deo Refill,5.0
FF5164669,SO5737295,AUS356457,Shopify AUS,2026-06-17 14:03:36.668557+00:00,UKAB (Airbox 18),2026-06-17,UKAB (Airbox 18),WCBWR3278,Body Wash Refill: Peachy Kiss,1.0
FF5164717,SO5737343,2882340,Shopify EU,2026-06-17 14:15:09.005586+00:00,UKAB (Airbox 18),2026-06-17,UKAB (Airbox 18),WCLR619V2,Original Lip Balm Refill V2,1.0
FF5164727,SO5737353,2882455,Shopify EU,2026-06-17 14:17:10.930541+00:00,UKAB (Airbox 18),2026-06-17,UKAB (Airbox 18),WCLR1072,Watermelon Lip Balm Refill,1.0
FF5164727,SO5737353,2882455,Shopify EU,2026-06-17 14:17:10.930541+00:00,UKAB (Airbox 18),2026-06-17,UKAB (Airbox 18),WCLR1245,Lip Balm Refill: Vanilla Frost,1.0
FF5164735,SO5737361,#5934050,Shopify UK,2026-06-17 14:18:29.710217+00:00,UKAB (Airbox 18),2026-06-17,UKAB (Airbox 18),WCRS1754,Queen of Heart's Cherry Tarts Sensitive Deo Refill,1.0
FF5164775,SO5737401,#5934055,Shopify UK,2026-06-17 14:25:28.404556+00:00,Stord (US),2026-06-17,Stord,WCBWMIN1012,Santorini Sunset Body Wash Mini,1.0
FF5164775,SO5737401,#5934055,Shopify UK,2026-06-17 14:25:28.404556+00:00,Stord (US),2026-06-17,Stord,WCC2331,Deo Case: Pastel Pink,1.0
FF5164835,SO5737461,US886398,Shopify USA,2026-06-17 14:37:22.817786+00:00,Stord (US),2026-06-17,Stord,WCR2554,Deo Refill: Winter Breeze,6.0
FF5164886,SO5737512,2882459,Shopify EU,2026-06-17 14:50:05.159581+00:00,UKAB (Airbox 18),2026-06-17,UKAB (Airbox 18),WCLR619V2,Original Lip Balm Refill V2,1.0
FF5164929,SO5737555,#5934105,Shopify UK,2026-06-17 14:59:08.839491+00:00,Next (AU),2026-06-17,Next3PL,WCC2331,Deo Case: Pastel Pink,1.0
FF5164929,SO5737555,#5934105,Shopify UK,2026-06-17 14:59:08.839491+00:00,Next (AU),2026-06-17,Next3PL,WCR251,Elderflower & Cucumber - initial_delivery,1.0
FF5164950,SO5737576,2882535,Shopify EU,2026-06-17 15:02:45.205199+00:00,UKAB (Airbox 18),2026-06-17,UKAB (Airbox 18),WCROL747,Roll On Roller: Blue,1.0
FF5164979,SO5737605,#5934112,Shopify UK,2026-06-17 15:09:07.488609+00:00,Stord (US),2026-06-17,Stord,WCBWMIN1963,Spa Daydreams Body Wash Mini,1.0
FF5164979,SO5737605,#5934112,Shopify UK,2026-06-17 15:09:07.488609+00:00,Stord (US),2026-06-17,Stord,WCR3205,Deo Refill: Black Rose and Velvet,5.0
FF5165246,SO5737871,#5934172,Shopify UK,2026-06-17 15:45:57.030113+00:00,Airbox (EU),2026-06-17,Airbox,WCROC2556,Roll On Case: Chrome,1.0
FF5165472,SO5738096,#5934236,Shopify UK,2026-06-17 16:25:42.713550+00:00,UKAB (Airbox 18),2026-06-17,UKAB (Airbox 18),WCRS1896,Watermelon sens. Deodorant Refill,1.0
FF5165502,SO5738125,#5934255,Shopify UK,2026-06-17 16:27:11.328556+00:00,UKAB (Airbox 18),2026-06-17,UKAB (Airbox 18),WCRS1896,Watermelon sens. Deodorant Refill,1.0
FF5165553,SO5738176,2882694,Shopify EU,2026-06-17 16:30:07.062641+00:00,Airbox (EU),2026-06-17,Airbox,WCROC3333,Roll On Case: Miffy,1.0
FF5165571,SO5738194,#5934297,Shopify UK,2026-06-17 16:31:59.267285+00:00,UKAB (Airbox 18),2026-06-17,UKAB (Airbox 18),WCRS1896,Watermelon sens. Deodorant Refill,1.0
FF5165735,SO5738358,#5934339,Shopify UK,2026-06-17 17:02:54.281221+00:00,Stord (US),2026-06-17,Stord,WCLR1071,Passionfruit Swirl Lip Balm Refill,1.0
FF5165735,SO5738358,#5934339,Shopify UK,2026-06-17 17:02:54.281221+00:00,Stord (US),2026-06-17,Stord,WMIN3111,Mini Deo: Peachy Kisses,1.0
FF5165957,SO5738579,2882849,Shopify EU,2026-06-17 17:47:56.693893+00:00,UKAB (Airbox 18),2026-06-17,UKAB (Airbox 18),WCLR619V2,Original Lip Balm Refill V2,1.0
FF5166142,SO5738764,#5934432,Shopify UK,2026-06-17 18:21:51.686053+00:00,Airbox (EU),2026-06-17,Airbox,WCR251,Elderflower & Cucumber - initial_delivery,1.0
FF5166191,SO5738813,#5934454,Shopify UK,2026-06-17 18:30:09.296272+00:00,UKAB (Airbox 18),2026-06-17,UKAB (Airbox 18),WCROL747,Roll On Roller: Blue,1.0
FF5166230,SO5738852,#5934464,Shopify UK,2026-06-17 18:35:27.907784+00:00,Stord (US),2026-06-17,Stord,WCBWMIN1012,Santorini Sunset Body Wash Mini,1.0
FF5166230,SO5738852,#5934464,Shopify UK,2026-06-17 18:35:27.907784+00:00,Stord (US),2026-06-17,Stord,WCLRSPF620,Peach & Mango SPF Lip Balm Refill,1.0
FF5166230,SO5738852,#5934464,Shopify UK,2026-06-17 18:35:27.907784+00:00,Stord (US),2026-06-17,Stord,WCROC2738,Roll On Case: Love Heart,1.0
FF5166383,SO5739004,2882934,Shopify EU,2026-06-17 18:59:14.560302+00:00,UKAB (Airbox 18),2026-06-17,UKAB (Airbox 18),WCLR619V2,Original Lip Balm Refill V2,1.0
FF5166397,SO5739018,#5934510,Shopify UK,2026-06-17 19:01:27.531575+00:00,Stord (US),2026-06-17,Stord,WCBWMIN1012,Santorini Sunset Body Wash Mini,1.0
FF5166580,SO5739197,2883065,Shopify EU,2026-06-17 19:33:10.919532+00:00,UKAB (Airbox 18),2026-06-17,UKAB (Airbox 18),WCLR619V2,Original Lip Balm Refill V2,1.0
FF5166623,SO5739240,#5934576,Shopify UK,2026-06-17 19:48:28.138405+00:00,Airbox (EU),2026-06-17,Airbox,WCC1981,EBW Pink Heart Deo Case,1.0
FF5166623,SO5739240,#5934576,Shopify UK,2026-06-17 19:48:28.138405+00:00,Airbox (EU),2026-06-17,Airbox,WCLC864,Rose Lip Balm Case,1.0
FF5166695,SO5739310,#5934583,Shopify UK,2026-06-17 19:52:21.817157+00:00,Airbox (EU),2026-06-17,Airbox,WCR251,Elderflower & Cucumber - initial_delivery,1.0
FF5166868,SO5739483,2883187,Shopify EU,2026-06-17 20:19:37.298881+00:00,Airbox (EU),2026-06-17,Airbox,WCR1919,Vanilla Butterscotch Deo Refill,1.0
FF5167026,SO5739728,US886903,Shopify USA,2026-06-17 20:36:29.847228+00:00,Stord (US),2026-06-17,Stord,WCR2554,Deo Refill: Winter Breeze,1.0
FF5167174,SO5739875,2883236,Shopify EU,2026-06-17 20:43:09.589665+00:00,UKAB (Airbox 18),2026-06-17,UKAB (Airbox 18),WCLR619V2,Original Lip Balm Refill V2,1.0
FF5167360,SO5739974,#5934672,Shopify UK,2026-06-17 20:51:36.321694+00:00,Stord (US),2026-06-17,Stord,WMIN02,Coconut Dreams Mini Deodorant,1.0
FF5167476,SO5740088,#5934650,Shopify UK,2026-06-17 21:09:00.668601+00:00,Stord (US),2026-06-17,Stord,WCR3205,Deo Refill: Black Rose and Velvet,1.0
FF5167682,SO5740294,2883303,Shopify EU,2026-06-17 21:47:25.818535+00:00,UKAB (Airbox 18),2026-06-17,UKAB (Airbox 18),WCLR619V2,Original Lip Balm Refill V2,1.0
FF5167692,SO5740304,#5934759,Shopify UK,2026-06-17 21:50:12.750663+00:00,UKAB (Airbox 18),2026-06-17,UKAB (Airbox 18),WCROL1905,Roll On Roller: Pink,1.0
FF5167813,SO5740425,2883372,Shopify EU,2026-06-17 22:20:23.628799+00:00,Airbox (EU),2026-06-17,Airbox,WMIN2513,Mini Deo: Warm Cinnamon Bun,1.0
FF5167857,SO5740469,2883378,Shopify EU,2026-06-17 22:29:37.383250+00:00,Airbox (EU),2026-06-17,Airbox,WBU6455,Miffy Body Wash & Deo Bundle,1.0
FF5167930,SO5740542,#5934790,Shopify UK,2026-06-17 22:50:31.750483+00:00,Stord (US),2026-06-17,Stord,WCC1989,Sunflower Deo Case,1.0
FF5167930,SO5740542,#5934790,Shopify UK,2026-06-17 22:50:31.750483+00:00,Stord (US),2026-06-17,Stord,WCCDR549,CherryB Nourishing Conditioner,2.0
FF5167930,SO5740542,#5934790,Shopify UK,2026-06-17 22:50:31.750483+00:00,Stord (US),2026-06-17,Stord,WCLR1113,Plum & FP Lip Balm Refill,1.0
FF5167930,SO5740542,#5934790,Shopify UK,2026-06-17 22:50:31.750483+00:00,Stord (US),2026-06-17,Stord,WCLRSPF02V2,Coconut & Vanilla SPF Lip Balm Refill V2,1.0
FF5167930,SO5740542,#5934790,Shopify UK,2026-06-17 22:50:31.750483+00:00,Stord (US),2026-06-17,Stord,WCLRSPF620,Peach & Mango SPF Lip Balm Refill,1.0
FF5167930,SO5740542,#5934790,Shopify UK,2026-06-17 22:50:31.750483+00:00,Stord (US),2026-06-17,Stord,WCROA3776,AP Roll On Enchanted Bloom,1.0
FF5167930,SO5740542,#5934790,Shopify UK,2026-06-17 22:50:31.750483+00:00,Stord (US),2026-06-17,Stord,WCROA3777,AP Roll On Island Paradise,1.0
FF5167930,SO5740542,#5934790,Shopify UK,2026-06-17 22:50:31.750483+00:00,Stord (US),2026-06-17,Stord,WCSHR549,CherryB Nourishing Shampoo,2.0
FF5167930,SO5740542,#5934790,Shopify UK,2026-06-17 22:50:31.750483+00:00,Stord (US),2026-06-17,Stord,WCSHR868,Coco Strengthening Shampoo,2.0
FF5167945,SO5740557,2883393,Shopify EU,2026-06-17 22:55:38.461510+00:00,UKAB (Airbox 18),2026-06-17,UKAB (Airbox 18),WCLR619V2,Original Lip Balm Refill V2,1.0
FF5167955,SO5740567,#5934799,Shopify UK,2026-06-17 23:00:07.551899+00:00,Stord (US),2026-06-18,Stord,WCC2112,Forest Green Deo Case,1.0
FF5168064,SO5740676,#5934831,Shopify UK,2026-06-17 23:31:37.930162+00:00,Stord (US),2026-06-18,Stord,WCROA3777,AP Roll On Island Paradise,1.0
FF5168064,SO5740676,#5934831,Shopify UK,2026-06-17 23:31:37.930162+00:00,Stord (US),2026-06-18,Stord,WCROA507,Roll On AP: Thunderstorm,1.0
FF5168252,SO5740864,#5934847,Shopify UK,2026-06-18 00:22:22.191773+00:00,UKAB (Airbox 18),2026-06-18,UKAB (Airbox 18),WCROL1905,Roll On Roller: Pink,1.0
FF5168289,SO5740901,#5934849,Shopify UK,2026-06-18 00:30:54.610973+00:00,Airbox (EU),2026-06-18,Airbox,WCBWR3207,Body Wash Refill: Cotton Cloud,2.0
FF5168401,SO5741013,#5934866,Shopify UK,2026-06-18 01:07:56.409771+00:00,UKAB (Airbox 18),2026-06-18,UKAB (Airbox 18),WCRS1754,Queen of Heart's Cherry Tarts Sensitive Deo Refill,1.0
FF5168408,SO5741020,#5934872,Shopify UK,2026-06-18 01:08:14.213048+00:00,Airbox (EU),2026-06-18,Airbox,WCR251,Elderflower & Cucumber - initial_delivery,1.0
FF5168506,SO5741117,#5934959,Shopify UK,2026-06-18 01:10:54.640304+00:00,UKAB (Airbox 18),2026-06-18,UKAB (Airbox 18),WCRS1754,Queen of Heart's Cherry Tarts Sensitive Deo Refill,1.0
FF5168645,SO5741256,#5935100,Shopify UK,2026-06-18 01:11:59.841488+00:00,Stord (US),2026-06-18,Stord,WCLR1113,Plum & FP Lip Balm Refill,1.0
FF5168645,SO5741256,#5935100,Shopify UK,2026-06-18 01:11:59.841488+00:00,Stord (US),2026-06-18,Stord,WCLRSPF02V2,Coconut & Vanilla SPF Lip Balm Refill V2,2.0
FF5168695,SO5741308,#5935143,Shopify UK,2026-06-18 01:12:16.537778+00:00,UKAB (Airbox 18),2026-06-18,UKAB (Airbox 18),WCR1923,Coconut Cream Deo Refill,1.0
FF5168747,SO5741356,#5935203,Shopify UK,2026-06-18 01:12:32.977567+00:00,UKAB (Airbox 18),2026-06-18,UKAB (Airbox 18),WCRS1754,Queen of Heart's Cherry Tarts Sensitive Deo Refill,1.0
FF5168914,SO5741523,#5935340,Shopify UK,2026-06-18 01:13:26.111633+00:00,UKAB (Airbox 18),2026-06-18,UKAB (Airbox 18),WCRS1896,Watermelon sens. Deodorant Refill,1.0
FF5168951,SO5741563,#5935398,Shopify UK,2026-06-18 01:13:42.386674+00:00,UKAB (Airbox 18),2026-06-18,UKAB (Airbox 18),WCRS1754,Queen of Heart's Cherry Tarts Sensitive Deo Refill,1.0
FF5169041,SO5741654,#5935503,Shopify UK,2026-06-18 01:14:15.052613+00:00,UKAB (Airbox 18),2026-06-18,UKAB (Airbox 18),WCRS1754,Queen of Heart's Cherry Tarts Sensitive Deo Refill,1.0
FF5169104,SO5741716,#5935561,Shopify UK,2026-06-18 01:14:35.342684+00:00,UKAB (Airbox 18),2026-06-18,UKAB (Airbox 18),WCRS1896,Watermelon sens. Deodorant Refill,1.0
FF5169135,SO5741747,#5935577,Shopify UK,2026-06-18 01:14:47.696037+00:00,Stord (US),2026-06-18,Stord,WCR3205,Deo Refill: Black Rose and Velvet,1.0
FF5169198,SO5741808,#5935641,Shopify UK,2026-06-18 01:15:06.914563+00:00,Airbox (EU),2026-06-18,Airbox,WCR251,Elderflower & Cucumber - initial_delivery,1.0
FF5169211,SO5741824,#5935667,Shopify UK,2026-06-18 01:15:13.395824+00:00,UKAB (Airbox 18),2026-06-18,UKAB (Airbox 18),WCRS1118,Sugar Plum F Sens Deo Refill,1.0
FF5169296,SO5741909,#5935748,Shopify UK,2026-06-18 01:15:50.516753+00:00,UKAB (Airbox 18),2026-06-18,UKAB (Airbox 18),WCRS1896,Watermelon sens. Deodorant Refill,1.0
FF5169349,SO5741963,#5935810,Shopify UK,2026-06-18 01:16:08.645744+00:00,Airbox (EU),2026-06-18,Airbox,WCRO24,Roll On Refill: Fresh Cotton & Sea Salt,3.0
FF5169375,SO5741989,#5935789,Shopify UK,2026-06-18 01:16:16.017474+00:00,UKAB (Airbox 18),2026-06-18,UKAB (Airbox 18),WCRS1896,Watermelon sens. Deodorant Refill,1.0
FF5169494,SO5742106,#5935878,Shopify UK,2026-06-18 01:30:59.079252+00:00,Stord (US),2026-06-18,Stord,WCLC1053V2,Lip Balm Case: Ombre,1.0
FF5169494,SO5742106,#5935878,Shopify UK,2026-06-18 01:30:59.079252+00:00,Stord (US),2026-06-18,Stord,WCLR1113,Plum & FP Lip Balm Refill,4.0
FF5169494,SO5742106,#5935878,Shopify UK,2026-06-18 01:30:59.079252+00:00,Stord (US),2026-06-18,Stord,WCLR620,Peach & Mango Lip Balm Refill,2.0
FF5169494,SO5742106,#5935878,Shopify UK,2026-06-18 01:30:59.079252+00:00,Stord (US),2026-06-18,Stord,WCLRSPF620,Peach & Mango SPF Lip Balm Refill,4.0
FF5169494,SO5742106,#5935878,Shopify UK,2026-06-18 01:30:59.079252+00:00,Stord (US),2026-06-18,Stord,WCRS1693,Sunkissed sens. Deodorant Refill,2.0
FF5169949,SO5742562,#5935893,Shopify UK,2026-06-18 03:58:07.749653+00:00,Airbox (EU),2026-06-18,Airbox,WCC2103,Strawberry Deo Case,1.0
FF5170026,SO5742639,AUS356606,Shopify AUS,2026-06-18 04:20:51.927608+00:00,Stord (US),2026-06-18,Stord,WCR2554,Deo Refill: Winter Breeze,2.0
FF5170106,SO5742719,AUS356687,Shopify AUS,2026-06-18 04:23:41.975864+00:00,UKAB (Airbox 18),2026-06-18,UKAB (Airbox 18),WCBWR3278,Body Wash Refill: Peachy Kiss,1.0
FF5170130,SO5742743,AUS356717,Shopify AUS,2026-06-18 04:24:07.387317+00:00,UKAB (Airbox 18),2026-06-18,UKAB (Airbox 18),WCBWR3278,Body Wash Refill: Peachy Kiss,1.0
FF5170184,SO5742797,2883512,Shopify EU,2026-06-18 04:25:26.845208+00:00,Airbox (EU),2026-06-18,Airbox,WCR251,Elderflower & Cucumber - initial_delivery,1.0
FF5170235,SO5742843,2883562,Shopify EU,2026-06-18 04:25:42.358313+00:00,Airbox (EU),2026-06-18,Airbox,WCR1919,Vanilla Butterscotch Deo Refill,1.0
FF5170255,SO5742868,2883575,Shopify EU,2026-06-18 04:25:49.889052+00:00,Airbox (EU),2026-06-18,Airbox,WCR1919,Vanilla Butterscotch Deo Refill,1.0
FF5170260,SO5742871,2883592,Shopify EU,2026-06-18 04:25:51.085709+00:00,Airbox (EU),2026-06-18,Airbox,WCR251,Elderflower & Cucumber - initial_delivery,1.0
FF5170301,SO5742914,2883632,Shopify EU,2026-06-18 04:26:04.876325+00:00,Airbox (EU),2026-06-18,Airbox,WCR1919,Vanilla Butterscotch Deo Refill,1.0
FF5170312,SO5742925,2883646,Shopify EU,2026-06-18 04:26:10.800136+00:00,Airbox (EU),2026-06-18,Airbox,WCR251,Elderflower & Cucumber - initial_delivery,1.0
FF5170344,SO5742957,2883678,Shopify EU,2026-06-18 04:26:21.673996+00:00,Airbox (EU),2026-06-18,Airbox,WCRS2557,Deo Refill: Vanilla Butterscotch Sens,1.0
FF5170350,SO5742963,2883683,Shopify EU,2026-06-18 04:26:24.908406+00:00,Airbox (EU),2026-06-18,Airbox,WCR1919,Vanilla Butterscotch Deo Refill,1.0
FF5170405,SO5743019,2883730,Shopify EU,2026-06-18 04:26:42.060728+00:00,Airbox (EU),2026-06-18,Airbox,WCR251,Elderflower & Cucumber - initial_delivery,1.0
FF5170409,SO5743021,2883739,Shopify EU,2026-06-18 04:26:43.510045+00:00,Airbox (EU),2026-06-18,Airbox,WCR251,Elderflower & Cucumber - initial_delivery,1.0
FF5170416,SO5743029,2883745,Shopify EU,2026-06-18 04:26:46.716012+00:00,Airbox (EU),2026-06-18,Airbox,WCHWR2512,Black Cherry Handwash,3.0
FF5170427,SO5743040,2883750,Shopify EU,2026-06-18 04:26:50.666151+00:00,Airbox (EU),2026-06-18,Airbox,WCR251,Elderflower & Cucumber - initial_delivery,1.0
FF5170455,SO5743068,2883785,Shopify EU,2026-06-18 04:27:00.047935+00:00,UKAB (Airbox 18),2026-06-18,UKAB (Airbox 18),WCLR1072,Watermelon Lip Balm Refill,2.0
FF5170455,SO5743068,2883785,Shopify EU,2026-06-18 04:27:00.047935+00:00,UKAB (Airbox 18),2026-06-18,UKAB (Airbox 18),WCLR619V2,Original Lip Balm Refill V2,1.0
FF5170473,SO5743084,2883809,Shopify EU,2026-06-18 04:27:06.504452+00:00,Airbox (EU),2026-06-18,Airbox,WCR1919,Vanilla Butterscotch Deo Refill,1.0
FF5170587,SO5743204,US887517,Shopify USA,2026-06-18 04:27:55.606526+00:00,Stord (US),2026-06-18,Stord,WCR2554,Deo Refill: Winter Breeze,3.0
FF5170594,SO5743205,US887531,Shopify USA,2026-06-18 04:27:55.992340+00:00,Stord (US),2026-06-18,Stord,WCR2554,Deo Refill: Winter Breeze,1.0
FF5170692,SO5743306,US887615,Shopify USA,2026-06-18 04:28:28.729602+00:00,Stord (US),2026-06-18,Stord,WCR2554,Deo Refill: Winter Breeze,1.0
FF5170736,SO5743349,US887665,Shopify USA,2026-06-18 04:28:46.402840+00:00,Stord (US),2026-06-18,Stord,WCR2554,Deo Refill: Winter Breeze,1.0
FF5170751,SO5743365,US887693,Shopify USA,2026-06-18 04:28:51.679537+00:00,Stord (US),2026-06-18,Stord,WCR2554,Deo Refill: Winter Breeze,1.0
FF5170858,SO5743471,US887782,Shopify USA,2026-06-18 04:29:30.253093+00:00,Stord (US),2026-06-18,Stord,WCR2554,Deo Refill: Winter Breeze,1.0
FF5170867,SO5743479,US887804,Shopify USA,2026-06-18 04:29:32.766827+00:00,Stord (US),2026-06-18,Stord,WCR2554,Deo Refill: Winter Breeze,1.0
FF5170903,SO5743519,US887843,Shopify USA,2026-06-18 04:29:47.113396+00:00,Stord (US),2026-06-18,Stord,WCR2554,Deo Refill: Winter Breeze,1.0
FF5170946,SO5743556,US887894,Shopify USA,2026-06-18 04:30:04.546966+00:00,Stord (US),2026-06-18,Stord,WCR2554,Deo Refill: Winter Breeze,2.0
FF5170994,SO5743607,US887940,Shopify USA,2026-06-18 04:30:22.925879+00:00,Next (AU),2026-06-18,Next3PL,WCR1179,Coconut Dreams Refill (TARGET),1.0
FF5171118,SO5743731,US888048,Shopify USA,2026-06-18 04:31:15.067057+00:00,Stord (US),2026-06-18,Stord,WCR2554,Deo Refill: Winter Breeze,1.0
FF5171227,SO5743839,#5935907,Shopify UK,2026-06-18 05:03:57.486867+00:00,Airbox (EU),2026-06-18,Airbox,WCR251,Elderflower & Cucumber - initial_delivery,1.0
FF5171233,SO5743845,#5935909,Shopify UK,2026-06-18 05:04:36.315682+00:00,Next (AU),2026-06-18,Next3PL,WCC2332,Deo Case: Pastel Blue,1.0
FF5171233,SO5743845,#5935909,Shopify UK,2026-06-18 05:04:36.315682+00:00,Next (AU),2026-06-18,Next3PL,WCR251,Elderflower & Cucumber - initial_delivery,1.0
FF5171270,SO5743882,US887476,Shopify USA,2026-06-18 05:15:09.196271+00:00,Next (AU),2026-06-18,Next3PL,WCR1179,Coconut Dreams Refill (TARGET),1.0
FF5171352,SO5743964,2883975,Shopify EU,2026-06-18 05:42:28.594455+00:00,UKAB (Airbox 18),2026-06-18,UKAB (Airbox 18),WCLR1072,Watermelon Lip Balm Refill,1.0
FF5171352,SO5743964,2883975,Shopify EU,2026-06-18 05:42:28.594455+00:00,UKAB (Airbox 18),2026-06-18,UKAB (Airbox 18),WCLR619V2,Original Lip Balm Refill V2,1.0
FF5171576,SO5744189,#5935978,Shopify UK,2026-06-18 06:48:20.786521+00:00,Stord (US),2026-06-18,Stord,WCLR966V2,Honey Lip Balm Refill V2,1.0
FF5171576,SO5744189,#5935978,Shopify UK,2026-06-18 06:48:20.786521+00:00,Stord (US),2026-06-18,Stord,WRCASE1939,Lip Balm UK Chupa Chups Giftset,2.0
FF5171635,SO5744248,#5935995,Shopify UK,2026-06-18 07:01:26.818525+00:00,Airbox (EU),2026-06-18,Airbox,WCRO24,Roll On Refill: Fresh Cotton & Sea Salt,1.0
FF5171722,SO5744334,#5936018,Shopify UK,2026-06-18 07:19:12.574102+00:00,Next (AU),2026-06-18,Next3PL,WCC2331,Deo Case: Pastel Pink,1.0
FF5171783,SO5744396,#5936034,Shopify UK,2026-06-18 07:34:35.821426+00:00,UKAB (Airbox 18),2026-06-18,UKAB (Airbox 18),WCSGR1281,Energise BW Refill,1.0
FF5171783,SO5744396,#5936034,Shopify UK,2026-06-18 07:34:35.821426+00:00,UKAB (Airbox 18),2026-06-18,UKAB (Airbox 18),WCSGR1687,Mad Hatter's Shower Gel,1.0
FF5171948,SO5744561,#5936078,Shopify UK,2026-06-18 08:13:58.698448+00:00,UKAB (Airbox 18),2026-06-18,UKAB (Airbox 18),WCRS1754,Queen of Heart's Cherry Tarts Sensitive Deo Refill,1.0
FF5172011,SO5744623,US888179,Shopify USA,2026-06-18 08:26:07.545032+00:00,Stord (US),2026-06-18,Stord,WCC1110,EBW Star Deo Case,1.0
FF5172052,SO5744664,#5936109,Shopify UK,2026-06-18 08:38:42.061828+00:00,UKAB (Airbox 18),2026-06-18,UKAB (Airbox 18),WCR1687,Mad Hatter's Tea Party Deodorant Refill,1.0
FF5172070,SO5744682,#5936112,Shopify UK,2026-06-18 08:42:06.849515+00:00,UKAB (Airbox 18),2026-06-18,UKAB (Airbox 18),WCR1687,Mad Hatter's Tea Party Deodorant Refill,1.0
FF5172130,SO5744742,#5936128,Shopify UK,2026-06-18 08:56:22.778252+00:00,Next (AU),2026-06-18,Next3PL,WCR251,Elderflower & Cucumber - initial_delivery,1.0
FF5172154,SO5744765,#5936132,Shopify UK,2026-06-18 09:00:42.379342+00:00,UKAB (Airbox 18),2026-06-18,UKAB (Airbox 18),WCRS1263,Energise Sensitive Deo Refill,2.0
FF5172157,SO5744768,#5936101,Shopify UK,2026-06-18 09:02:20.102320+00:00,Airbox (EU),2026-06-18,Airbox,WCR251,Elderflower & Cucumber - initial_delivery,1.0
FF5172177,SO5744788,2884304,Shopify EU,2026-06-18 09:08:56.140145+00:00,Airbox (EU),2026-06-18,Airbox,WCROC3333,Roll On Case: Miffy,1.0
FF5172266,SO5744877,#5936183,Shopify UK,2026-06-18 09:26:54.469218+00:00,Airbox (EU),2026-06-18,Airbox,WCR251,Elderflower & Cucumber - initial_delivery,1.0
FF5172330,SO5744941,#5936207,Shopify UK,2026-06-18 09:38:37.319177+00:00,Airbox (EU),2026-06-18,Airbox,WCC1981,EBW Pink Heart Deo Case,1.0
FF5172330,SO5744941,#5936207,Shopify UK,2026-06-18 09:38:37.319177+00:00,Airbox (EU),2026-06-18,Airbox,WCR251,Elderflower & Cucumber - initial_delivery,1.0
FF5172339,SO5744950,2884376,Shopify EU,2026-06-18 09:42:05.231021+00:00,Airbox (EU),2026-06-18,Airbox,WBU6452,Miffy Ultimate Protection Bundle,1.0
FF5172361,SO5744972,#5936221,Shopify UK,2026-06-18 09:45:30.061428+00:00,UKAB (Airbox 18),2026-06-18,UKAB (Airbox 18),WCROL747,Roll On Roller: Blue,1.0
FF5172438,SO5745049,#5936259,Shopify UK,2026-06-18 10:04:37.251154+00:00,Airbox (EU),2026-06-18,Airbox,WCROC2756,Roll On Case: Forest Green,1.0
FF5172564,SO5745175,2884457,Shopify EU,2026-06-18 10:29:56.176823+00:00,UKAB (Airbox 18),2026-06-18,UKAB (Airbox 18),WCLR619V2,Original Lip Balm Refill V2,1.0
FF5172629,SO5745240,#5936325,Shopify UK,2026-06-18 10:43:46.685663+00:00,Stord (US),2026-06-18,Stord,WCC116,Electric Blue,1.0
FF5172629,SO5745240,#5936325,Shopify UK,2026-06-18 10:43:46.685663+00:00,Stord (US),2026-06-18,Stord,WCC1981,EBW Pink Heart Deo Case,1.0
FF5172629,SO5745240,#5936325,Shopify UK,2026-06-18 10:43:46.685663+00:00,Stord (US),2026-06-18,Stord,WCR3205,Deo Refill: Black Rose and Velvet,2.0
FF5172630,SO5745241,#5936324,Shopify UK,2026-06-18 10:43:52.448381+00:00,Airbox (EU),2026-06-18,Airbox,WCROC2556,Roll On Case: Chrome,1.0
FF5172675,SO5745286,#5936340,Shopify UK,2026-06-18 10:54:16.251424+00:00,UKAB (Airbox 18),2026-06-18,UKAB (Airbox 18),WCRS1754,Queen of Heart's Cherry Tarts Sensitive Deo Refill,1.0
FF5172682,SO5745293,#5936341,Shopify UK,2026-06-18 10:56:24.992512+00:00,Stord (US),2026-06-18,Stord,WCBWMIN24,Fresh Cotton and Sea Salt Body Wash Mini,1.0
FF5172682,SO5745293,#5936341,Shopify UK,2026-06-18 10:56:24.992512+00:00,Stord (US),2026-06-18,Stord,WCRS1693,Sunkissed sens. Deodorant Refill,1.0
FF5172682,SO5745293,#5936341,Shopify UK,2026-06-18 10:56:24.992512+00:00,Stord (US),2026-06-18,Stord,WMIN01,Orange & Neroli Mini Deodorant,1.0
FF5172685,SO5745296,#5860341,Shopify UK,2026-06-18 10:56:40.274513+00:00,Next (AU),2026-06-18,Next3PL,WCROA3207,Roll On AP: Cotton Cloud,1.0
FF5172704,SO5745315,2884520,Shopify EU,2026-06-18 11:00:26.994684+00:00,UKAB (Airbox 18),2026-06-18,UKAB (Airbox 18),WCLR619V2,Original Lip Balm Refill V2,1.0
FF5172750,SO5745361,#5936360,Shopify UK,2026-06-18 11:06:36.301810+00:00,Stord (US),2026-06-18,Stord,WCRS1693,Sunkissed sens. Deodorant Refill,1.0
FF5172804,SO5745414,AUS356831,Shopify AUS,2026-06-18 11:17:03.073103+00:00,UKAB (Airbox 18),2026-06-18,UKAB (Airbox 18),WCLR966,Honey Lip Balm Refill,1.0
FF5172903,SO5745513,2884589,Shopify EU,2026-06-18 11:36:49.983845+00:00,UKAB (Airbox 18),2026-06-18,UKAB (Airbox 18),WCC59,Pink Deodorant Case,1.0
FF5172903,SO5745513,2884589,Shopify EU,2026-06-18 11:36:49.983845+00:00,UKAB (Airbox 18),2026-06-18,UKAB (Airbox 18),WCLR619V2,Original Lip Balm Refill V2,1.0
FF5172904,SO5745514,#5936399,Shopify UK,2026-06-18 11:37:03.994157+00:00,Stord (US),2026-06-18,Stord,WCBWMIN1012,Santorini Sunset Body Wash Mini,1.0
FF5172904,SO5745514,#5936399,Shopify UK,2026-06-18 11:37:03.994157+00:00,Stord (US),2026-06-18,Stord,WCROA24,AP Roll On: Cotton & Seasalt,1.0
FF5172904,SO5745514,#5936399,Shopify UK,2026-06-18 11:37:03.994157+00:00,Stord (US),2026-06-18,Stord,WMIN02,Coconut Dreams Mini Deodorant,1.0
FF5172984,SO5745594,#5936422,Shopify UK,2026-06-18 11:53:11.517690+00:00,UKAB (Airbox 18),2026-06-18,UKAB (Airbox 18),WBU7176UK,Fresh mystery box 1,1.0
FF5173219,SO5745829,US888308,Shopify USA,2026-06-18 12:29:51.754602+00:00,Stord (US),2026-06-18,Stord,WBU7209US,US memorial sale	Stick Deo bundle 3,1.0
FF5173370,SO5745979,AUS356860,Shopify AUS,2026-06-18 13:00:07.188035+00:00,UKAB (Airbox 18),2026-06-18,UKAB (Airbox 18),WCBWR3278,Body Wash Refill: Peachy Kiss,1.0
FF5173455,SO5746064,#5936537,Shopify UK,2026-06-18 13:20:18.054180+00:00,Airbox (EU),2026-06-18,Airbox,WCR251,Elderflower & Cucumber - initial_delivery,1.0
FF5173459,SO5746068,#5936496,Shopify UK,2026-06-18 13:20:44.589085+00:00,Stord (US),2026-06-18,Stord,WCC1981,EBW Pink Heart Deo Case,1.0
FF5173490,SO5746099,2884790,Shopify EU,2026-06-18 13:27:14.955338+00:00,Airbox (EU),2026-06-18,Airbox,WCRS2557,Deo Refill: Vanilla Butterscotch Sens,1.0
FF5173642,SO5746250,#5936573,Shopify UK,2026-06-18 14:00:06.554386+00:00,UKAB (Airbox 18),2026-06-18,UKAB (Airbox 18),WCROL1905,Roll On Roller: Pink,1.0
FF5173909,SO5746525,#5936626,Shopify UK,2026-06-18 14:48:18.148538+00:00,Airbox (EU),2026-06-18,Airbox,WCC2103,Strawberry Deo Case,1.0
FF5174092,SO5746706,AUS356875,Shopify AUS,2026-06-18 15:22:14.050868+00:00,UKAB (Airbox 18),2026-06-18,UKAB (Airbox 18),WCBWR3278,Body Wash Refill: Peachy Kiss,1.0
FF5174094,SO5746712,#5936658,Shopify UK,2026-06-18 15:22:20.673332+00:00,Stord (US),2026-06-18,Stord,WCLC747V2,Lip Balm Case: Bee,1.0
FF5174109,SO5746724,AUS356876,Shopify AUS,2026-06-18 15:22:47.106199+00:00,UKAB (Airbox 18),2026-06-18,UKAB (Airbox 18),WCBWR3278,Body Wash Refill: Peachy Kiss,5.0
FF5174226,SO5746839,#5936693,Shopify UK,2026-06-18 15:37:34.152783+00:00,Stord (US),2026-06-18,Stord,WCC2112,Forest Green Deo Case,1.0
FF5174299,SO5746912,2884981,Shopify EU,2026-06-18 15:51:25.325083+00:00,UKAB (Airbox 18),2026-06-18,UKAB (Airbox 18),WCLR619V2,Original Lip Balm Refill V2,1.0
FF5174514,SO5747127,US888665,Shopify USA,2026-06-18 16:25:54.402188+00:00,Airbox (EU),2026-06-18,Airbox,WCR1179,Coconut Dreams Refill (TARGET),3.0
FF5174531,SO5747144,#5936817,Shopify UK,2026-06-18 16:26:58.488751+00:00,Stord (US),2026-06-18,Stord,WCR1893,Watermelon Deodorant Refill,1.0
FF5174534,SO5747147,#5936820,Shopify UK,2026-06-18 16:27:16.036080+00:00,Stord (US),2026-06-18,Stord,WCROA24,AP Roll On: Cotton & Seasalt,3.0
FF5174534,SO5747147,#5936820,Shopify UK,2026-06-18 16:27:16.036080+00:00,Stord (US),2026-06-18,Stord,WCROC2756,Roll On Case: Forest Green,1.0
FF5174599,SO5747212,#5936840,Shopify UK,2026-06-18 16:40:23.182441+00:00,Airbox (EU),2026-06-18,Airbox,WCLC864,Rose Lip Balm Case,1.0
FF5174599,SO5747212,#5936840,Shopify UK,2026-06-18 16:40:23.182441+00:00,Airbox (EU),2026-06-18,Airbox,WCR251,Elderflower & Cucumber - initial_delivery,1.0
FF5174833,SO5747445,2885157,Shopify EU,2026-06-18 17:29:31.891789+00:00,UKAB (Airbox 18),2026-06-18,UKAB (Airbox 18),WCLR619V2,Original Lip Balm Refill V2,1.0
FF5174883,SO5747494,#5936914,Shopify UK,2026-06-18 17:39:19.748466+00:00,Stord (US),2026-06-18,Stord,WCROA3777,AP Roll On Island Paradise,3.0
FF5174983,SO5747594,#5936952,Shopify UK,2026-06-18 18:00:48.619645+00:00,Airbox (EU),2026-06-18,Airbox,WCRO24,Roll On Refill: Fresh Cotton & Sea Salt,3.0
FF5175125,SO5747736,#5936994,Shopify UK,2026-06-18 18:30:40.697640+00:00,Next (AU),2026-06-18,Next3PL,WCLC1053V2,Lip Balm Case: Ombre,1.0
FF5175150,SO5747802,#5936961,Shopify UK,2026-06-18 18:36:05.469343+00:00,Airbox (EU),2026-06-18,Airbox,WCROC3130,Roll On Case: Leopard,1.0
FF5175229,SO5747840,#5936977,Shopify UK,2026-06-18 18:45:02.619493+00:00,Airbox (EU),2026-06-18,Airbox,WCROC2756,Roll On Case: Forest Green,1.0
FF5175393,SO5748003,2885355,Shopify EU,2026-06-18 19:20:00.553470+00:00,UKAB (Airbox 18),2026-06-18,UKAB (Airbox 18),WCLR619V2,Original Lip Balm Refill V2,1.0
FF5176028,SO5748637,2885483,Shopify EU,2026-06-18 20:52:29.732578+00:00,UKAB (Airbox 18),2026-06-18,UKAB (Airbox 18),WCLR619V2,Original Lip Balm Refill V2,1.0
FF5176170,SO5748778,#5937217,Shopify UK,2026-06-18 21:15:56.185420+00:00,Stord (US),2026-06-18,Stord,WCLC747V2,Lip Balm Case: Bee,1.0
FF5176170,SO5748778,#5937217,Shopify UK,2026-06-18 21:15:56.185420+00:00,Stord (US),2026-06-18,Stord,WCLR966V2,Honey Lip Balm Refill V2,1.0
FF5176170,SO5748778,#5937217,Shopify UK,2026-06-18 21:15:56.185420+00:00,Stord (US),2026-06-18,Stord,WCLRSPF619V2,Original SPF Lip Balm Refill V2,1.0
FF5176412,SO5749020,2885623,Shopify EU,2026-06-18 22:07:49.628872+00:00,Airbox (EU),2026-06-18,Airbox,WCLC866,Sage Lip Balm Case,1.0
FF5176412,SO5749020,2885623,Shopify EU,2026-06-18 22:07:49.628872+00:00,Airbox (EU),2026-06-18,Airbox,WCSGC1110,Stars Body Wash Case,1.0
FF5176421,SO5749030,#5937256,Shopify UK,2026-06-18 22:12:40.399417+00:00,Next (AU),2026-06-18,Next3PL,WCLR02V2,Coconut & Vanilla Lip Balm Refill V2,1.0
FF5176421,SO5749030,#5937256,Shopify UK,2026-06-18 22:12:40.399417+00:00,Next (AU),2026-06-18,Next3PL,WCLR1245V2,Vanilla Lip Balm Refill V2,1.0
FF5176423,SO5749032,#5937257,Shopify UK,2026-06-18 22:12:58.650661+00:00,Stord (US),2026-06-18,Stord,WCC2112,Forest Green Deo Case,1.0
FF5176423,SO5749032,#5937257,Shopify UK,2026-06-18 22:12:58.650661+00:00,Stord (US),2026-06-18,Stord,WCR3205,Deo Refill: Black Rose and Velvet,1.0
FF5176465,SO5749075,2885628,Shopify EU,2026-06-18 22:24:13.698477+00:00,Airbox (EU),2026-06-18,Airbox,WCR2554,Deo Refill: Winter Breeze,1.0
FF5176696,SO5749306,#5937325,Shopify UK,2026-06-18 23:34:48.225909+00:00,Stord (US),2026-06-19,Stord,WCBWMIN1283,Juicy Mango Body Wash Mini,1.0
FF5176696,SO5749306,#5937325,Shopify UK,2026-06-18 23:34:48.225909+00:00,Stord (US),2026-06-19,Stord,WCC2112,Forest Green Deo Case,1.0
FF5176696,SO5749306,#5937325,Shopify UK,2026-06-18 23:34:48.225909+00:00,Stord (US),2026-06-19,Stord,WMIN02,Coconut Dreams Mini Deodorant,1.0
FF5176763,SO5749373,#5937333,Shopify UK,2026-06-18 23:56:57.614149+00:00,Airbox (EU),2026-06-19,Airbox,WCROC3129,Roll on Case: Valentine's Day Hearts,2.0
FF5177036,SO5749646,#5937359,Shopify UK,2026-06-19 01:07:57.326915+00:00,UKAB (Airbox 18),2026-06-19,UKAB (Airbox 18),WCR03,Jasmine & Mandarin Blossom - initial_delivery,1.0
FF5177175,SO5749785,#5937499,Shopify UK,2026-06-19 01:10:04.304967+00:00,UKAB (Airbox 18),2026-06-19,UKAB (Airbox 18),WCRS1896,Watermelon sens. Deodorant Refill,1.0
FF5177378,SO5749989,#5937717,Shopify UK,2026-06-19 01:11:11.955968+00:00,Stord (US),2026-06-19,Stord,WCLR1071,Passionfruit Swirl Lip Balm Refill,1.0
FF5177378,SO5749989,#5937717,Shopify UK,2026-06-19 01:11:11.955968+00:00,Stord (US),2026-06-19,Stord,WCLR1113,Plum & FP Lip Balm Refill,1.0
FF5177378,SO5749989,#5937717,Shopify UK,2026-06-19 01:11:11.955968+00:00,Stord (US),2026-06-19,Stord,WCLR966V2,Honey Lip Balm Refill V2,1.0
FF5177410,SO5750020,#5937733,Shopify UK,2026-06-19 01:11:23.885965+00:00,UKAB (Airbox 18),2026-06-19,UKAB (Airbox 18),WCRS1896,Watermelon sens. Deodorant Refill,1.0
FF5177419,SO5750029,#5937742,Shopify UK,2026-06-19 01:11:27.893279+00:00,Airbox (EU),2026-06-19,Airbox,WCLR1816,Orange Marmalade Lip Balm Refill,1.0
FF5177419,SO5750029,#5937742,Shopify UK,2026-06-19 01:11:27.893279+00:00,Airbox (EU),2026-06-19,Airbox,WCLR619,Original Lip Balm Refill,1.0
FF5177497,SO5750107,#5937812,Shopify UK,2026-06-19 01:11:54.109200+00:00,Stord (US),2026-06-19,Stord,WCLRSPF620,Peach & Mango SPF Lip Balm Refill,3.0
FF5177726,SO5750336,#5938048,Shopify UK,2026-06-19 01:13:08.875927+00:00,UKAB (Airbox 18),2026-06-19,UKAB (Airbox 18),WCRS1263,Energise Sensitive Deo Refill,1.0
FF5177850,SO5750459,#5938169,Shopify UK,2026-06-19 01:13:50.389544+00:00,UKAB (Airbox 18),2026-06-19,UKAB (Airbox 18),WCRS1896,Watermelon sens. Deodorant Refill,1.0
FF5177906,SO5750515,#5938206,Shopify UK,2026-06-19 01:14:09.126424+00:00,UKAB (Airbox 18),2026-06-19,UKAB (Airbox 18),WCC1880,Skull & Roses Deodorant Case,1.0
FF5178014,SO5750624,#5938329,Shopify UK,2026-06-19 01:14:50.648840+00:00,Stord (US),2026-06-19,Stord,WCR3205,Deo Refill: Black Rose and Velvet,1.0
FF5178030,SO5750640,#5938342,Shopify UK,2026-06-19 01:14:59.269017+00:00,Airbox (EU),2026-06-19,Airbox,WCR251,Elderflower & Cucumber - initial_delivery,1.0
FF5178035,SO5750646,#5938352,Shopify UK,2026-06-19 01:15:04.220473+00:00,Stord (US),2026-06-19,Stord,WCR1893,Watermelon Deodorant Refill,1.0
FF5178082,SO5750692,#5938394,Shopify UK,2026-06-19 01:15:19.031817+00:00,UKAB (Airbox 18),2026-06-19,UKAB (Airbox 18),WCRS1754,Queen of Heart's Cherry Tarts Sensitive Deo Refill,1.0
FF5178130,SO5750740,#5938416,Shopify UK,2026-06-19 01:15:34.163326+00:00,UKAB (Airbox 18),2026-06-19,UKAB (Airbox 18),WCBWR2260,Body Wash Refill: Wildflower Bloom,1.0
FF5178137,SO5750746,#5938455,Shopify UK,2026-06-19 01:15:35.970167+00:00,UKAB (Airbox 18),2026-06-19,UKAB (Airbox 18),WCRS1896,Watermelon sens. Deodorant Refill,1.0
FF5178143,SO5750753,#5938456,Shopify UK,2026-06-19 01:15:37.621710+00:00,UKAB (Airbox 18),2026-06-19,UKAB (Airbox 18),WCRS1896,Watermelon sens. Deodorant Refill,1.0
FF5178170,SO5750777,#5938472,Shopify UK,2026-06-19 01:15:48.821177+00:00,UKAB (Airbox 18),2026-06-19,UKAB (Airbox 18),WCRS1896,Watermelon sens. Deodorant Refill,1.0
FF5178178,SO5750788,#5938470,Shopify UK,2026-06-19 01:15:52.039648+00:00,Stord (US),2026-06-19,Stord,WCRS3206,Deo Refill: Black Rose and Velvet Sens,3.0
FF5178214,SO5750825,#5938525,Shopify UK,2026-06-19 01:16:12.877476+00:00,Airbox (EU),2026-06-19,Airbox,WCR251,Elderflower & Cucumber - initial_delivery,1.0
FF5178303,SO5750913,#5937349,Shopify UK,2026-06-19 01:26:33.725949+00:00,Stord (US),2026-06-19,Stord,WCC2331,Deo Case: Pastel Pink,1.0
FF5178658,SO5751268,US889643,Shopify USA,2026-06-19 03:17:41.344493+00:00,Stord (US),2026-06-19,Stord,WCR1105,Enchanted Forest Deo Refill,1.0
FF5178670,SO5751280,#5938574,Shopify UK,2026-06-19 03:24:18.300461+00:00,UKAB (Airbox 18),2026-06-19,UKAB (Airbox 18),WCR1101,Autumn Leaves Deo Refill,1.0
FF5178670,SO5751280,#5938574,Shopify UK,2026-06-19 03:24:18.300461+00:00,UKAB (Airbox 18),2026-06-19,UKAB (Airbox 18),WCR1751,Summer Breeze Deodorant Refill,1.0
FF5178675,SO5751285,AUS356970,Shopify AUS,2026-06-19 03:27:04.583102+00:00,UKAB (Airbox 18),2026-06-19,UKAB (Airbox 18),WCBWR3278,Body Wash Refill: Peachy Kiss,1.0
FF5178675,SO5751285,AUS356970,Shopify AUS,2026-06-19 03:27:04.583102+00:00,UKAB (Airbox 18),2026-06-19,UKAB (Airbox 18),WCLR1245,Lip Balm Refill: Vanilla Frost,1.0
FF5178675,SO5751285,AUS356970,Shopify AUS,2026-06-19 03:27:04.583102+00:00,UKAB (Airbox 18),2026-06-19,UKAB (Airbox 18),WCLRSPF02,Coconut & Vanilla SPF Lip Balm Refill,5.0
FF5178675,SO5751285,AUS356970,Shopify AUS,2026-06-19 03:27:04.583102+00:00,UKAB (Airbox 18),2026-06-19,UKAB (Airbox 18),WCR1687,Mad Hatter's Tea Party Deodorant Refill,1.0
FF5178723,SO5751333,#5938573,Shopify UK,2026-06-19 03:46:34.911693+00:00,Next (AU),2026-06-19,Next3PL,WCC2112,Forest Green Deo Case,1.0
FF5178887,SO5751496,AUS357040,Shopify AUS,2026-06-19 04:22:31.061128+00:00,UKAB (Airbox 18),2026-06-19,UKAB (Airbox 18),WCBWR3278,Body Wash Refill: Peachy Kiss,1.0
FF5178887,SO5751496,AUS357040,Shopify AUS,2026-06-19 04:22:31.061128+00:00,UKAB (Airbox 18),2026-06-19,UKAB (Airbox 18),WCR2554,Deo Refill: Winter Breeze,1.0
FF5178960,SO5751570,2885711,Shopify EU,2026-06-19 04:26:01.194024+00:00,Airbox (EU),2026-06-19,Airbox,WCR1919,Vanilla Butterscotch Deo Refill,1.0
FF5178992,SO5751603,2885737,Shopify EU,2026-06-19 04:26:11.239121+00:00,Airbox (EU),2026-06-19,Airbox,WCR1919,Vanilla Butterscotch Deo Refill,1.0
FF5179061,SO5751672,2885805,Shopify EU,2026-06-19 04:26:35.847634+00:00,Airbox (EU),2026-06-19,Airbox,WCR1892,Strawberries & Cream (Chupa Chups) Deodorant Refill,1.0
FF5179061,SO5751672,2885805,Shopify EU,2026-06-19 04:26:35.847634+00:00,Airbox (EU),2026-06-19,Airbox,WCR1923,Coconut Cream Deo Refill,1.0
FF5179087,SO5751697,2885833,Shopify EU,2026-06-19 04:26:45.091790+00:00,Airbox (EU),2026-06-19,Airbox,WCHWR2512,Black Cherry Handwash,1.0
FF5179263,SO5751873,2886006,Shopify EU,2026-06-19 04:27:52.638974+00:00,Airbox (EU),2026-06-19,Airbox,WCHWR2512,Black Cherry Handwash,2.0
FF5179289,SO5751898,2886031,Shopify EU,2026-06-19 04:28:03.005346+00:00,Airbox (EU),2026-06-19,Airbox,WCR1919,Vanilla Butterscotch Deo Refill,1.0
FF5179341,SO5751951,2886074,Shopify EU,2026-06-19 04:28:21.795761+00:00,Airbox (EU),2026-06-19,Airbox,WCR03,Jasmine & Mandarin Blossom - initial_delivery,1.0
FF5179445,SO5752054,US889748,Shopify USA,2026-06-19 04:29:06.075312+00:00,Stord (US),2026-06-19,Stord,WCR1105,Enchanted Forest Deo Refill,1.0
FF5179644,SO5752254,US889955,Shopify USA,2026-06-19 04:30:16.216123+00:00,Stord (US),2026-06-19,Stord,WCR2554,Deo Refill: Winter Breeze,1.0
FF5179887,SO5752500,US890190,Shopify USA,2026-06-19 04:31:48.329540+00:00,Stord (US),2026-06-19,Stord,WCR2554,Deo Refill: Winter Breeze,1.0
FF5179992,SO5752601,US890300,Shopify USA,2026-06-19 04:32:29.374899+00:00,Stord (US),2026-06-19,Stord,WCR2554,Deo Refill: Winter Breeze,1.0
FF5180013,SO5752623,US890312,Shopify USA,2026-06-19 04:32:38.710317+00:00,Stord (US),2026-06-19,Stord,WCR2554,Deo Refill: Winter Breeze,1.0
FF5180318,SO5752928,#5938636,Shopify UK,2026-06-19 06:25:56.275715+00:00,Airbox (EU),2026-06-19,Airbox,WCROC2756,Roll On Case: Forest Green,1.0
FF5180527,SO5753138,2886313,Shopify EU,2026-06-19 07:28:29.103119+00:00,UKAB (Airbox 18),2026-06-19,UKAB (Airbox 18),WCLR619V2,Original Lip Balm Refill V2,1.0
FF5180527,SO5753138,2886313,Shopify EU,2026-06-19 07:28:29.103119+00:00,UKAB (Airbox 18),2026-06-19,UKAB (Airbox 18),WCSGC984,Bee Body Wash Case,1.0
FF5180565,SO5753176,2886338,Shopify EU,2026-06-19 07:40:03.243439+00:00,UKAB (Airbox 18),2026-06-19,UKAB (Airbox 18),WCLR619V2,Original Lip Balm Refill V2,1.0
FF5180798,SO5753407,2886418,Shopify EU,2026-06-19 08:44:09.691923+00:00,UKAB (Airbox 18),2026-06-19,UKAB (Airbox 18),WCLR619V2,Original Lip Balm Refill V2,1.0
FF5181226,SO5753831,#5938932,Shopify UK,2026-06-19 10:30:15.530381+00:00,Airbox (EU),2026-06-19,Airbox,WCR251,Elderflower & Cucumber - initial_delivery,1.0
FF5181271,SO5753876,2886604,Shopify EU,2026-06-19 10:44:03.786059+00:00,UKAB (Airbox 18),2026-06-19,UKAB (Airbox 18),WCLR619V2,Original Lip Balm Refill V2,1.0
FF5181311,SO5753916,#5938970,Shopify UK,2026-06-19 10:52:51.768039+00:00,Stord (US),2026-06-19,Stord,WCR3205,Deo Refill: Black Rose and Velvet,1.0
FF5181321,SO5753926,2886626,Shopify EU,2026-06-19 10:54:32.703995+00:00,Airbox (EU),2026-06-19,Airbox,WCR2554,Deo Refill: Winter Breeze,1.0
FF5181393,SO5753998,2886647,Shopify EU,2026-06-19 11:09:24.198699+00:00,Airbox (EU),2026-06-19,Airbox,WCROC3333,Roll On Case: Miffy,1.0
FF5181393,SO5753998,2886647,Shopify EU,2026-06-19 11:09:24.198699+00:00,Airbox (EU),2026-06-19,Airbox,WCSGC1284,Black Love Heart Body Wash Case,1.0
FF5181426,SO5754031,2886610,Shopify EU,2026-06-19 11:17:03.151348+00:00,UKAB (Airbox 18),2026-06-19,UKAB (Airbox 18),WCLR619V2,Original Lip Balm Refill V2,1.0
FF5181511,SO5754116,2844298R,Shopify EU,2026-06-19 11:32:47.674241+00:00,Airbox (EU),2026-06-19,Airbox,WCLR619,Original Lip Balm Refill,1.0
FF5181533,SO5754138,2849050R,Shopify EU,2026-06-19 11:33:56.552522+00:00,Airbox (EU),2026-06-19,Airbox,WCR1919,Vanilla Butterscotch Deo Refill,1.0
FF5181533,SO5754138,2849050R,Shopify EU,2026-06-19 11:33:56.552522+00:00,Airbox (EU),2026-06-19,Airbox,WCRS2557,Deo Refill: Vanilla Butterscotch Sens,1.0
FF5181534,SO5754139,2847379R,Shopify EU,2026-06-19 11:34:02.282594+00:00,Airbox (EU),2026-06-19,Airbox,WCRS2557,Deo Refill: Vanilla Butterscotch Sens,1.0
FF5181535,SO5754140,2848032R,Shopify EU,2026-06-19 11:34:04.087637+00:00,Airbox (EU),2026-06-19,Airbox,WCR1919,Vanilla Butterscotch Deo Refill,1.0
FF5181538,SO5754143,2846789R,Shopify EU,2026-06-19 11:34:14.629012+00:00,Airbox (EU),2026-06-19,Airbox,WCRS2557,Deo Refill: Vanilla Butterscotch Sens,1.0
FF5181546,SO5754151,2846108R,Shopify EU,2026-06-19 11:34:18.192868+00:00,Airbox (EU),2026-06-19,Airbox,WCRS2557,Deo Refill: Vanilla Butterscotch Sens,1.0
FF5181547,SO5754152,2843872R,Shopify EU,2026-06-19 11:34:22.365051+00:00,Airbox (EU),2026-06-19,Airbox,WCR2554,Deo Refill: Winter Breeze,2.0
FF5181573,SO5754178,#5939033,Shopify UK,2026-06-19 11:37:35.935704+00:00,Airbox (EU),2026-06-19,Airbox,WCROC3130,Roll On Case: Leopard,1.0
FF5181633,SO5754238,2886765,Shopify EU,2026-06-19 11:49:51.644231+00:00,Airbox (EU),2026-06-19,Airbox,WCR2554,Deo Refill: Winter Breeze,1.0
FF5181787,SO5754392,#5939096,Shopify UK,2026-06-19 12:22:19.063153+00:00,Stord (US),2026-06-19,Stord,WCC2332,Deo Case: Pastel Blue,1.0
FF5181840,SO5754445,2886837,Shopify EU,2026-06-19 12:34:12.592965+00:00,UKAB (Airbox 18),2026-06-19,UKAB (Airbox 18),WCLR619V2,Original Lip Balm Refill V2,1.0
FF5181895,SO5754500,2886865,Shopify EU,2026-06-19 12:43:03.447704+00:00,Airbox (EU),2026-06-19,Airbox,WCLC866,Sage Lip Balm Case,1.0
FF5181924,SO5754529,2886879,Shopify EU,2026-06-19 12:48:45.819906+00:00,Airbox (EU),2026-06-19,Airbox,WCROC3333,Roll On Case: Miffy,1.0
FF5181941,SO5754546,2886881,Shopify EU,2026-06-19 12:52:29.461312+00:00,Stord (US),2026-06-19,Stord,WMIN02,Coconut Dreams Mini Deodorant,1.0
FF5181948,SO5754553,2886887,Shopify EU,2026-06-19 12:53:56.484814+00:00,Airbox (EU),2026-06-19,Airbox,WCROC3333,Roll On Case: Miffy,1.0
FF5182100,SO5754704,#5939176,Shopify UK,2026-06-19 13:28:01.055334+00:00,Airbox (EU),2026-06-19,Airbox,WMIN2513,Mini Deo: Warm Cinnamon Bun,1.0
FF5182407,SO5755010,#5939252,Shopify UK,2026-06-19 14:32:46.161187+00:00,Airbox (EU),2026-06-19,Airbox,WMIN2513,Mini Deo: Warm Cinnamon Bun,1.0
FF5182498,SO5755101,#5939237,Shopify UK,2026-06-19 14:52:36.252070+00:00,Stord (US),2026-06-19,Stord,WCC2112,Forest Green Deo Case,1.0
FF5182656,SO5755259,2887105,Shopify EU,2026-06-19 15:20:41.340062+00:00,Airbox (EU),2026-06-19,Airbox,WCROC3333,Roll On Case: Miffy,1.0
FF5182721,SO5755380,2887130,Shopify EU,2026-06-19 15:32:42.452012+00:00,Airbox (EU),2026-06-19,Airbox,WCR2554,Deo Refill: Winter Breeze,1.0
FF5182789,SO5755395,2887132,Shopify EU,2026-06-19 15:35:25.727250+00:00,UKAB (Airbox 18),2026-06-19,UKAB (Airbox 18),WCLR619V2,Original Lip Balm Refill V2,1.0
FF5182846,SO5755449,2887096,Shopify EU,2026-06-19 15:46:18.296383+00:00,UKAB (Airbox 18),2026-06-19,UKAB (Airbox 18),WCLR619V2,Original Lip Balm Refill V2,1.0
FF5182944,SO5755547,#5939340,Shopify UK,2026-06-19 16:06:05.419574+00:00,Airbox (EU),2026-06-19,Airbox,WCBWR3207,Body Wash Refill: Cotton Cloud,2.0
FF5182944,SO5755547,#5939340,Shopify UK,2026-06-19 16:06:05.419574+00:00,Airbox (EU),2026-06-19,Airbox,WCLC1053V2,Lip Balm Case: Ombre,1.0
FF5182944,SO5755547,#5939340,Shopify UK,2026-06-19 16:06:05.419574+00:00,Airbox (EU),2026-06-19,Airbox,WCR251,Elderflower & Cucumber - initial_delivery,1.0
FF5183017,SO5755620,#5939400,Shopify UK,2026-06-19 16:20:37.410254+00:00,UKAB (Airbox 18),2026-06-19,UKAB (Airbox 18),WCRS1754,Queen of Heart's Cherry Tarts Sensitive Deo Refill,1.0
FF5183056,SO5755659,2887151,Shopify EU,2026-06-19 16:22:50.758988+00:00,UKAB (Airbox 18),2026-06-19,UKAB (Airbox 18),WCLR619V2,Original Lip Balm Refill V2,1.0
FF5183072,SO5755675,#5939442,Shopify UK,2026-06-19 16:23:56.817041+00:00,UKAB (Airbox 18),2026-06-19,UKAB (Airbox 18),WCR03,Jasmine & Mandarin Blossom - initial_delivery,1.0
FF5183081,SO5755684,#5939450,Shopify UK,2026-06-19 16:24:15.261901+00:00,UKAB (Airbox 18),2026-06-19,UKAB (Airbox 18),WCC1880,Skull & Roses Deodorant Case,1.0
FF5183100,SO5755703,#5939460,Shopify UK,2026-06-19 16:25:18.931761+00:00,Stord (US),2026-06-19,Stord,WCR3205,Deo Refill: Black Rose and Velvet,1.0
FF5183277,SO5755880,2887247,Shopify EU,2026-06-19 17:00:32.598663+00:00,UKAB (Airbox 18),2026-06-19,UKAB (Airbox 18),WCLR619V2,Original Lip Balm Refill V2,1.0
FF5183309,SO5755912,US890968,Shopify USA,2026-06-19 17:09:34.386437+00:00,Airbox (EU),2026-06-19,Airbox,WCRO24,Roll On Refill: Fresh Cotton & Sea Salt,2.0
FF5183406,SO5756010,AUS357189,Shopify AUS,2026-06-19 17:28:53.626914+00:00,UKAB (Airbox 18),2026-06-19,UKAB (Airbox 18),WCBWR3278,Body Wash Refill: Peachy Kiss,2.0
FF5183406,SO5756010,AUS357189,Shopify AUS,2026-06-19 17:28:53.626914+00:00,UKAB (Airbox 18),2026-06-19,UKAB (Airbox 18),WCRS1896,Watermelon sens. Deodorant Refill,1.0
FF5183411,SO5756015,2887244,Shopify EU,2026-06-19 17:30:15.004475+00:00,UKAB (Airbox 18),2026-06-19,UKAB (Airbox 18),WCLR619V2,Original Lip Balm Refill V2,1.0
FF5183508,SO5756112,2887313,Shopify EU,2026-06-19 17:50:27.817656+00:00,UKAB (Airbox 18),2026-06-19,UKAB (Airbox 18),WCLR619V2,Original Lip Balm Refill V2,3.0
FF5183508,SO5756112,2887313,Shopify EU,2026-06-19 17:50:27.817656+00:00,UKAB (Airbox 18),2026-06-19,UKAB (Airbox 18),WCLR619V2,Original Lip Balm Refill V2,1.0
FF5183508,SO5756112,2887313,Shopify EU,2026-06-19 17:50:27.817656+00:00,UKAB (Airbox 18),2026-06-19,UKAB (Airbox 18),WCSGC984,Bee Body Wash Case,1.0
FF5183533,SO5756172,#5939591,Shopify UK,2026-06-19 17:57:13.774220+00:00,Airbox (EU),2026-06-19,Airbox,WCC1521,EBW Polka Dots Deodorant Case,1.0
FF5183681,SO5756285,#5939613,Shopify UK,2026-06-19 18:24:16.467263+00:00,Next (AU),2026-06-19,Next3PL,WCR251,Elderflower & Cucumber - initial_delivery,1.0
FF5183796,SO5756399,AUS357195,Shopify AUS,2026-06-19 18:48:04.061944+00:00,Airbox (EU),2026-06-19,Airbox,WCROC3333,Roll On Case: Miffy,1.0
FF5183871,SO5756474,#5939655,Shopify UK,2026-06-19 19:04:00.373118+00:00,Stord (US),2026-06-19,Stord,WCBWMIN966,Honey & Almond Body Wash Mini,1.0
FF5183895,SO5756498,AUS357196,Shopify AUS,2026-06-19 19:09:59.331787+00:00,UKAB (Airbox 18),2026-06-19,UKAB (Airbox 18),WCC59,Pink Deodorant Case,1.0
FF5184120,SO5756723,#5939716,Shopify UK,2026-06-19 19:58:23.657815+00:00,Stord (US),2026-06-19,Stord,WCRS3206,Deo Refill: Black Rose and Velvet Sens,1.0
FF5184652,SO5757255,2887632,Shopify EU,2026-06-19 21:25:30.628006+00:00,UKAB (Airbox 18),2026-06-19,UKAB (Airbox 18),WCLR619V2,Original Lip Balm Refill V2,1.0
FF5184816,SO5757419,2887652,Shopify EU,2026-06-19 22:06:05.752419+00:00,UKAB (Airbox 18),2026-06-19,UKAB (Airbox 18),WCLR1245,Lip Balm Refill: Vanilla Frost,1.0
FF5184816,SO5757419,2887652,Shopify EU,2026-06-19 22:06:05.752419+00:00,UKAB (Airbox 18),2026-06-19,UKAB (Airbox 18),WCLR619V2,Original Lip Balm Refill V2,1.0
FF5184823,SO5757426,#5939863,Shopify UK,2026-06-19 22:07:27.629632+00:00,Airbox (EU),2026-06-19,Airbox,WCR251,Elderflower & Cucumber - initial_delivery,1.0
FF5184824,SO5757427,US891371,Shopify USA,2026-06-19 22:07:42.381635+00:00,Stord (US),2026-06-19,Stord,WSOAPH608,Amber & Oud Hand Soap,1.0
FF5184908,SO5757511,2887665,Shopify EU,2026-06-19 22:32:07.343038+00:00,UKAB (Airbox 18),2026-06-19,UKAB (Airbox 18),WCLR619V2,Original Lip Balm Refill V2,1.0
FF5184913,SO5757516,#5939884,Shopify UK,2026-06-19 22:33:36.392984+00:00,Stord (US),2026-06-19,Stord,WCR3205,Deo Refill: Black Rose and Velvet,1.0
FF5185148,SO5757751,2887683,Shopify EU,2026-06-19 23:40:02.948665+00:00,UKAB (Airbox 18),2026-06-20,UKAB (Airbox 18),WCLR619V2,Original Lip Balm Refill V2,1.0
FF5185199,SO5757802,AUS357249,Shopify AUS,2026-06-19 23:57:34.993540+00:00,UKAB (Airbox 18),2026-06-20,UKAB (Airbox 18),WCBWR3278,Body Wash Refill: Peachy Kiss,1.0
FF5185204,SO5757807,#5939909,Shopify UK,2026-06-19 23:58:20.175044+00:00,Stord (US),2026-06-20,Stord,WCRS3206,Deo Refill: Black Rose and Velvet Sens,1.0
FF5185227,SO5757830,#5939913,Shopify UK,2026-06-20 00:06:28.586185+00:00,Airbox (EU),2026-06-20,Airbox,WCC2112,Forest Green Deo Case,1.0
FF5185287,SO5757890,#5939923,Shopify UK,2026-06-20 00:26:41.271409+00:00,Stord (US),2026-06-20,Stord,WCC2112,Forest Green Deo Case,1.0
FF5185412,SO5758015,#5939930,Shopify UK,2026-06-20 01:01:09.238378+00:00,UKAB (Airbox 18),2026-06-20,UKAB (Airbox 18),WCROL1905,Roll On Roller: Pink,1.0
FF5185439,SO5758042,#5939933,Shopify UK,2026-06-20 01:06:46.229748+00:00,UKAB (Airbox 18),2026-06-20,UKAB (Airbox 18),WCROL1905,Roll On Roller: Pink,1.0
FF5185453,SO5758056,#5939953,Shopify UK,2026-06-20 01:07:30.431611+00:00,UKAB (Airbox 18),2026-06-20,UKAB (Airbox 18),WCRS1754,Queen of Heart's Cherry Tarts Sensitive Deo Refill,1.0
FF5185472,SO5758075,#5939965,Shopify UK,2026-06-20 01:08:24.821552+00:00,UKAB (Airbox 18),2026-06-20,UKAB (Airbox 18),WCRS1896,Watermelon sens. Deodorant Refill,1.0
FF5185527,SO5758127,#5940030,Shopify UK,2026-06-20 01:09:24.726367+00:00,UKAB (Airbox 18),2026-06-20,UKAB (Airbox 18),WCRS1896,Watermelon sens. Deodorant Refill,1.0
FF5185658,SO5758261,#5940155,Shopify UK,2026-06-20 01:10:30.638969+00:00,UKAB (Airbox 18),2026-06-20,UKAB (Airbox 18),WCRS1896,Watermelon sens. Deodorant Refill,1.0
FF5185671,SO5758271,#5940143,Shopify UK,2026-06-20 01:10:34.258583+00:00,UKAB (Airbox 18),2026-06-20,UKAB (Airbox 18),WCRS1896,Watermelon sens. Deodorant Refill,1.0
FF5185703,SO5758306,#5940195,Shopify UK,2026-06-20 01:10:49.535304+00:00,UKAB (Airbox 18),2026-06-20,UKAB (Airbox 18),WCR1687,Mad Hatter's Tea Party Deodorant Refill,1.0
FF5185705,SO5758309,#5940204,Shopify UK,2026-06-20 01:10:49.826643+00:00,Stord (US),2026-06-20,Stord,WCR1893,Watermelon Deodorant Refill,2.0
FF5185736,SO5758338,#5940224,Shopify UK,2026-06-20 01:11:00.645201+00:00,UKAB (Airbox 18),2026-06-20,UKAB (Airbox 18),WCRS1754,Queen of Heart's Cherry Tarts Sensitive Deo Refill,1.0
FF5185831,SO5758433,#5940338,Shopify UK,2026-06-20 01:11:33.287241+00:00,Stord (US),2026-06-20,Stord,WCR3205,Deo Refill: Black Rose and Velvet,2.0
FF5185836,SO5758440,#5940330,Shopify UK,2026-06-20 01:11:37.127202+00:00,Stord (US),2026-06-20,Stord,WCRS3206,Deo Refill: Black Rose and Velvet Sens,1.0
FF5185842,SO5758447,#5940322,Shopify UK,2026-06-20 01:11:39.076780+00:00,Stord (US),2026-06-20,Stord,WCROA02,AP Roll On: Coconut & Vanilla,1.0
FF5185842,SO5758447,#5940322,Shopify UK,2026-06-20 01:11:39.076780+00:00,Stord (US),2026-06-20,Stord,WCROA549,AP Roll On: Cherry Blossom,2.0
FF5185842,SO5758447,#5940322,Shopify UK,2026-06-20 01:11:39.076780+00:00,Stord (US),2026-06-20,Stord,WCROA549,AP Roll On: Cherry Blossom,1.0
FF5185842,SO5758447,#5940322,Shopify UK,2026-06-20 01:11:39.076780+00:00,Stord (US),2026-06-20,Stord,WCROA86,AP Roll On Refill: Sandalwood & Cedar,2.0
FF5185878,SO5758482,#5940361,Shopify UK,2026-06-20 01:11:50.964802+00:00,UKAB (Airbox 18),2026-06-20,UKAB (Airbox 18),WCRS1896,Watermelon sens. Deodorant Refill,1.0
FF5185889,SO5758493,#5940378,Shopify UK,2026-06-20 01:11:54.817513+00:00,Stord (US),2026-06-20,Stord,WMIN3111,Mini Deo: Peachy Kisses,1.0
FF5185895,SO5758499,#5940396,Shopify UK,2026-06-20 01:11:57.906742+00:00,UKAB (Airbox 18),2026-06-20,UKAB (Airbox 18),WCRS1754,Queen of Heart's Cherry Tarts Sensitive Deo Refill,1.0
FF5185901,SO5758506,#5940395,Shopify UK,2026-06-20 01:11:59.263738+00:00,Airbox (EU),2026-06-20,Airbox,WCLR619,Original Lip Balm Refill,2.0
FF5185932,SO5758533,#5940420,Shopify UK,2026-06-20 01:12:12.711767+00:00,UKAB (Airbox 18),2026-06-20,UKAB (Airbox 18),WCRS1754,Queen of Heart's Cherry Tarts Sensitive Deo Refill,1.0
FF5185972,SO5758576,#5940463,Shopify UK,2026-06-20 01:12:30.499419+00:00,UKAB (Airbox 18),2026-06-20,UKAB (Airbox 18),WCRS1754,Queen of Heart's Cherry Tarts Sensitive Deo Refill,1.0
FF5185987,SO5758590,#5940479,Shopify UK,2026-06-20 01:12:35.269639+00:00,Airbox (EU),2026-06-20,Airbox,WCBWR1898,Cherry Chupa Chups Body Wash Refill,1.0
FF5186009,SO5758614,#5940491,Shopify UK,2026-06-20 01:12:42.297063+00:00,UKAB (Airbox 18),2026-06-20,UKAB (Airbox 18),WCRS1754,Queen of Heart's Cherry Tarts Sensitive Deo Refill,1.0
FF5186071,SO5758671,#5940540,Shopify UK,2026-06-20 01:13:00.618980+00:00,UKAB (Airbox 18),2026-06-20,UKAB (Airbox 18),WCRS1896,Watermelon sens. Deodorant Refill,1.0
FF5186073,SO5758676,#5940542,Shopify UK,2026-06-20 01:13:02.583266+00:00,UKAB (Airbox 18),2026-06-20,UKAB (Airbox 18),WCR1751,Summer Breeze Deodorant Refill,1.0
FF5186106,SO5758710,#5940592,Shopify UK,2026-06-20 01:13:14.619188+00:00,Stord (US),2026-06-20,Stord,WCRS2263,Deo Refill: Wildflower Bloom Deo Sens,1.0
FF5186126,SO5758728,#5940609,Shopify UK,2026-06-20 01:13:20.439379+00:00,UKAB (Airbox 18),2026-06-20,UKAB (Airbox 18),WCRS1896,Watermelon sens. Deodorant Refill,1.0
FF5186160,SO5758763,#5940632,Shopify UK,2026-06-20 01:13:35.573686+00:00,Stord (US),2026-06-20,Stord,WCR1893,Watermelon Deodorant Refill,2.0
FF5186161,SO5758765,#5940640,Shopify UK,2026-06-20 01:13:35.600623+00:00,UKAB (Airbox 18),2026-06-20,UKAB (Airbox 18),WCR1751,Summer Breeze Deodorant Refill,1.0
FF5186209,SO5758812,#5940691,Shopify UK,2026-06-20 01:13:54.041124+00:00,UKAB (Airbox 18),2026-06-20,UKAB (Airbox 18),WCRS1754,Queen of Heart's Cherry Tarts Sensitive Deo Refill,1.0
FF5186243,SO5758846,#5940730,Shopify UK,2026-06-20 01:14:09.960407+00:00,Stord (US),2026-06-20,Stord,WCRS3206,Deo Refill: Black Rose and Velvet Sens,1.0
FF5186280,SO5758882,#5940761,Shopify UK,2026-06-20 01:14:50.197904+00:00,UKAB (Airbox 18),2026-06-20,UKAB (Airbox 18),WCRS1754,Queen of Heart's Cherry Tarts Sensitive Deo Refill,1.0
FF5186288,SO5758891,#5940763,Shopify UK,2026-06-20 01:14:55.311310+00:00,UKAB (Airbox 18),2026-06-20,UKAB (Airbox 18),WCRS1754,Queen of Heart's Cherry Tarts Sensitive Deo Refill,1.0
FF5186302,SO5758905,#5940770,Shopify UK,2026-06-20 01:15:04.475095+00:00,UKAB (Airbox 18),2026-06-20,UKAB (Airbox 18),WCRS1754,Queen of Heart's Cherry Tarts Sensitive Deo Refill,1.0
FF5186374,SO5758977,2887701,Shopify EU,2026-06-20 01:41:03.181547+00:00,Airbox (EU),2026-06-20,Airbox,WCROC3333,Roll On Case: Miffy,1.0
FF5186401,SO5759004,AUS357274,Shopify AUS,2026-06-20 01:48:57.881230+00:00,UKAB (Airbox 18),2026-06-20,UKAB (Airbox 18),WCBWR3278,Body Wash Refill: Peachy Kiss,1.0
FF5186500,SO5759103,2887714,Shopify EU,2026-06-20 02:23:50.507976+00:00,Airbox (EU),2026-06-20,Airbox,WCROC3333,Roll On Case: Miffy,1.0
FF5186829,SO5759432,AUS357314,Shopify AUS,2026-06-20 04:19:48.709311+00:00,Next (AU),2026-06-20,Next3PL,WCR1688,Alice's Secret Garden Deodorant Refill,1.0
FF5186923,SO5759527,2887756,Shopify EU,2026-06-20 04:26:05.493523+00:00,Airbox (EU),2026-06-20,Airbox,WCR1259,Renew Deo Refill,1.0
FF5186925,SO5759524,2887759,Shopify EU,2026-06-20 04:26:04.932965+00:00,UKAB (Airbox 18),2026-06-20,UKAB (Airbox 18),WCLR619V2,Original Lip Balm Refill V2,1.0
FF5186938,SO5759541,2887773,Shopify EU,2026-06-20 04:26:10.956075+00:00,UKAB (Airbox 18),2026-06-20,UKAB (Airbox 18),WCLR1245,Lip Balm Refill: Vanilla Frost,1.0
FF5186944,SO5759547,2887794,Shopify EU,2026-06-20 04:26:11.928493+00:00,Airbox (EU),2026-06-20,Airbox,WCR1919,Vanilla Butterscotch Deo Refill,1.0
FF5187031,SO5759634,2887859,Shopify EU,2026-06-20 04:26:40.205198+00:00,Airbox (EU),2026-06-20,Airbox,WCSGR1751,Summer Breeze Body Wash Refill,1.0
FF5187038,SO5759639,2887862,Shopify EU,2026-06-20 04:26:42.173321+00:00,Airbox (EU),2026-06-20,Airbox,WCHWR2512,Black Cherry Handwash,1.0
FF5187117,SO5759721,2887959,Shopify EU,2026-06-20 04:27:09.250034+00:00,Airbox (EU),2026-06-20,Airbox,WCR1919,Vanilla Butterscotch Deo Refill,1.0
FF5187124,SO5759727,2887962,Shopify EU,2026-06-20 04:27:13.069245+00:00,Airbox (EU),2026-06-20,Airbox,WCR1919,Vanilla Butterscotch Deo Refill,1.0
FF5187130,SO5759733,2887968,Shopify EU,2026-06-20 04:27:14.975258+00:00,Airbox (EU),2026-06-20,Airbox,WCR1919,Vanilla Butterscotch Deo Refill,1.0
FF5187579,SO5760181,US892140,Shopify USA,2026-06-20 04:29:56.748686+00:00,Stord (US),2026-06-20,Stord,WCRS2552,Deo Refill: Black Cherry Sens,1.0
FF5187652,SO5760256,US892213,Shopify USA,2026-06-20 04:30:24.290308+00:00,Stord (US),2026-06-20,Stord,WCR2554,Deo Refill: Winter Breeze,1.0
FF5187790,SO5760393,US892355,Shopify USA,2026-06-20 04:31:16.251411+00:00,Stord (US),2026-06-20,Stord,WMIN02,Coconut Dreams Mini Deodorant,1.0
FF5187809,SO5760412,US892373,Shopify USA,2026-06-20 04:31:28.361111+00:00,Stord (US),2026-06-20,Stord,WCR2554,Deo Refill: Winter Breeze,2.0
FF5187924,SO5760527,#5940796,Shopify UK,2026-06-20 05:09:57.209806+00:00,Stord (US),2026-06-20,Stord,WCLR02V2,Coconut & Vanilla Lip Balm Refill V2,1.0
FF5188240,SO5760841,2888252,Shopify EU,2026-06-20 07:17:14.958594+00:00,UKAB (Airbox 18),2026-06-20,UKAB (Airbox 18),WCLR619V2,Original Lip Balm Refill V2,1.0
FF5188246,SO5760847,#5940876,Shopify UK,2026-06-20 07:17:45.609176+00:00,Stord (US),2026-06-20,Stord,WCLR619,Original Lip Balm Refill,4.0
FF5188246,SO5760847,#5940876,Shopify UK,2026-06-20 07:17:45.609176+00:00,Stord (US),2026-06-20,Stord,WCLR966V2,Honey Lip Balm Refill V2,1.0
FF5188246,SO5760847,#5940876,Shopify UK,2026-06-20 07:17:45.609176+00:00,Stord (US),2026-06-20,Stord,WCLRSPF02V2,Coconut & Vanilla SPF Lip Balm Refill V2,4.0
FF5188246,SO5760847,#5940876,Shopify UK,2026-06-20 07:17:45.609176+00:00,Stord (US),2026-06-20,Stord,WMIN1261,Calm Mini Deodorant,3.0
FF5188246,SO5760847,#5940876,Shopify UK,2026-06-20 07:17:45.609176+00:00,Stord (US),2026-06-20,Stord,WMIN3111,Mini Deo: Peachy Kisses,1.0
FF5188318,SO5760919,2888298,Shopify EU,2026-06-20 07:41:31.143606+00:00,UKAB (Airbox 18),2026-06-20,UKAB (Airbox 18),WCLR619V2,Original Lip Balm Refill V2,1.0
FF5188444,SO5761045,#5940916,Shopify UK,2026-06-20 08:21:03.617597+00:00,Airbox (EU),2026-06-20,Airbox,WCR251,Elderflower & Cucumber - initial_delivery,1.0
FF5188516,SO5761117,2888347,Shopify EU,2026-06-20 08:45:44.654413+00:00,UKAB (Airbox 18),2026-06-20,UKAB (Airbox 18),WCLR619V2,Original Lip Balm Refill V2,1.0
FF5188534,SO5761135,#5940914,Shopify UK,2026-06-20 08:50:15.440520+00:00,Airbox (EU),2026-06-20,Airbox,WCC2112,Forest Green Deo Case,1.0
FF5188633,SO5761234,2888394,Shopify EU,2026-06-20 09:20:29.869522+00:00,UKAB (Airbox 18),2026-06-20,UKAB (Airbox 18),WCLR619V2,Original Lip Balm Refill V2,1.0
FF5188758,SO5761359,#5941050,Shopify UK,2026-06-20 09:56:35.069169+00:00,Airbox (EU),2026-06-20,Airbox,WCROC2756,Roll On Case: Forest Green,1.0
FF5188804,SO5761405,#5941069,Shopify UK,2026-06-20 10:09:00.093621+00:00,Airbox (EU),2026-06-20,Airbox,WCROC2756,Roll On Case: Forest Green,1.0
FF5188811,SO5761412,2888510,Shopify EU,2026-06-20 10:10:49.309934+00:00,UKAB (Airbox 18),2026-06-20,UKAB (Airbox 18),WCLR619V2,Original Lip Balm Refill V2,1.0
FF5188904,SO5761505,#5941058,Shopify UK,2026-06-20 10:30:47.820329+00:00,Airbox (EU),2026-06-20,Airbox,WCBWR3207,Body Wash Refill: Cotton Cloud,1.0
FF5189101,SO5761702,#5941150,Shopify UK,2026-06-20 11:20:34.070883+00:00,Airbox (EU),2026-06-20,Airbox,WCBWR3207,Body Wash Refill: Cotton Cloud,2.0
FF5189126,SO5761727,2888626,Shopify EU,2026-06-20 11:26:29.143776+00:00,Airbox (EU),2026-06-20,Airbox,WCR2554,Deo Refill: Winter Breeze,2.0
FF5189155,SO5761756,#5941217,Shopify UK,2026-06-20 11:32:28.137414+00:00,Airbox (EU),2026-06-20,Airbox,WCR251,Elderflower & Cucumber - initial_delivery,1.0
FF5189178,SO5761779,2888647,Shopify EU,2026-06-20 11:38:15.725034+00:00,UKAB (Airbox 18),2026-06-20,UKAB (Airbox 18),WCLR619V2,Original Lip Balm Refill V2,1.0
FF5189237,SO5761838,#5941242,Shopify UK,2026-06-20 11:53:41.832096+00:00,Airbox (EU),2026-06-20,Airbox,WCR251,Elderflower & Cucumber - initial_delivery,1.0
FF5189237,SO5761838,#5941242,Shopify UK,2026-06-20 11:53:41.832096+00:00,Airbox (EU),2026-06-20,Airbox,WCROC2756,Roll On Case: Forest Green,1.0
FF5189317,SO5761918,#5941262,Shopify UK,2026-06-20 12:13:04.455544+00:00,UKAB (Airbox 18),2026-06-20,UKAB (Airbox 18),WCR740,Sage and Eucalyptus,1.0
FF5189332,SO5761933,2888718,Shopify EU,2026-06-20 12:17:01.713639+00:00,UKAB (Airbox 18),2026-06-20,UKAB (Airbox 18),WCLR619V2,Original Lip Balm Refill V2,1.0
FF5189332,SO5761933,2888718,Shopify EU,2026-06-20 12:17:01.713639+00:00,UKAB (Airbox 18),2026-06-20,UKAB (Airbox 18),WCSGC25,Black Shower Gel Case,1.0
FF5189404,SO5762005,2888750,Shopify EU,2026-06-20 12:39:10.582061+00:00,UKAB (Airbox 18),2026-06-20,UKAB (Airbox 18),WCC20,Purple Deodorant Case,1.0
FF5189469,SO5762070,#5941305,Shopify UK,2026-06-20 12:55:10.367187+00:00,Airbox (EU),2026-06-20,Airbox,WCROC3130,Roll On Case: Leopard,1.0
FF5189603,SO5762204,#5941341,Shopify UK,2026-06-20 13:23:00.085234+00:00,Next (AU),2026-06-20,Next3PL,WCR251,Elderflower & Cucumber - initial_delivery,2.0
FF5189631,SO5762232,#5941348,Shopify UK,2026-06-20 13:29:46.970086+00:00,Next (AU),2026-06-20,Next3PL,WCR251,Elderflower & Cucumber - initial_delivery,1.0
FF5189663,SO5762264,2888847,Shopify EU,2026-06-20 13:37:44.664251+00:00,UKAB (Airbox 18),2026-06-20,UKAB (Airbox 18),WCLR619V2,Original Lip Balm Refill V2,1.0
FF5189682,SO5762283,#5941361,Shopify UK,2026-06-20 13:42:06.128491+00:00,Stord (US),2026-06-20,Stord,WMIN02,Coconut Dreams Mini Deodorant,1.0
FF5190078,SO5762679,#5941443,Shopify UK,2026-06-20 15:08:50.180938+00:00,Stord (US),2026-06-20,Stord,WCLC747V2,Lip Balm Case: Bee,1.0
FF5190120,SO5762721,#5941456,Shopify UK,2026-06-20 15:18:57.839356+00:00,Airbox (EU),2026-06-20,Airbox,WCR251,Elderflower & Cucumber - initial_delivery,1.0
FF5190169,SO5762770,#5941469,Shopify UK,2026-06-20 15:32:01.552039+00:00,Airbox (EU),2026-06-20,Airbox,WCROC3130,Roll On Case: Leopard,1.0
FF5190304,SO5762905,2889025,Shopify EU,2026-06-20 16:07:35.874316+00:00,UKAB (Airbox 18),2026-06-20,UKAB (Airbox 18),WCLR619V2,Original Lip Balm Refill V2,1.0
FF5190413,SO5763014,#5941553,Shopify UK,2026-06-20 16:23:01.314364+00:00,Airbox (EU),2026-06-20,Airbox,WCROC3130,Roll On Case: Leopard,1.0
FF5190518,SO5763119,2889062,Shopify EU,2026-06-20 16:44:30.669546+00:00,UKAB (Airbox 18),2026-06-20,UKAB (Airbox 18),WCC59,Pink Deodorant Case,1.0
FF5190518,SO5763119,2889062,Shopify EU,2026-06-20 16:44:30.669546+00:00,UKAB (Airbox 18),2026-06-20,UKAB (Airbox 18),WCLR619V2,Original Lip Balm Refill V2,1.0
FF5190648,SO5763249,#5941645,Shopify UK,2026-06-20 17:15:05.570876+00:00,Airbox (EU),2026-06-20,Airbox,WCROC2556,Roll On Case: Chrome,1.0
FF5190981,SO5763582,2889191,Shopify EU,2026-06-20 18:46:36.015708+00:00,UKAB (Airbox 18),2026-06-20,UKAB (Airbox 18),WCLR619V2,Original Lip Balm Refill V2,1.0
FF5191386,SO5763987,2889322,Shopify EU,2026-06-20 20:19:53.511231+00:00,UKAB (Airbox 18),2026-06-20,UKAB (Airbox 18),WCRS1117,Arctic Ice Q Sens Deo Refill,1.0
FF5191599,SO5764200,#5941879,Shopify UK,2026-06-20 21:03:16.371612+00:00,Airbox (EU),2026-06-20,Airbox,WCR251,Elderflower & Cucumber - initial_delivery,2.0
FF5191660,SO5764261,2889374,Shopify EU,2026-06-20 21:14:55.130777+00:00,Stord (US),2026-06-20,Stord,WCROA507,Roll On AP: Thunderstorm,1.0
FF5191660,SO5764261,2889374,Shopify EU,2026-06-20 21:14:55.130777+00:00,Stord (US),2026-06-20,Stord,WCROA608,Roll On AP: Amber & Oud,1.0
FF5191660,SO5764261,2889374,Shopify EU,2026-06-20 21:14:55.130777+00:00,Stord (US),2026-06-20,Stord,WCROA86,AP Roll On Refill: Sandalwood & Cedar,1.0
FF5191660,SO5764261,2889374,Shopify EU,2026-06-20 21:14:55.130777+00:00,Stord (US),2026-06-20,Stord,WMIN03,Jasmine & Mandarin Blossom Mini Deodorant,1.0
FF5191772,SO5764373,#5941938,Shopify UK,2026-06-20 21:45:24.670088+00:00,Next (AU),2026-06-20,Next3PL,WCC2332,Deo Case: Pastel Blue,1.0
FF5191772,SO5764373,#5941938,Shopify UK,2026-06-20 21:45:24.670088+00:00,Next (AU),2026-06-20,Next3PL,WCR251,Elderflower & Cucumber - initial_delivery,1.0
FF5191819,SO5764420,2889411,Shopify EU,2026-06-20 22:02:42.336629+00:00,Airbox (EU),2026-06-20,Airbox,WCROC3333,Roll On Case: Miffy,1.0
FF5191998,SO5764599,AUS357481,Shopify AUS,2026-06-20 22:54:59.221427+00:00,Stord (US),2026-06-20,Stord,WCLC1250,Ghost Lip Balm case,1.0
FF5192105,SO5764706,#5941996,Shopify UK,2026-06-20 23:43:40.669892+00:00,Stord (US),2026-06-21,Stord,WCR1893,Watermelon Deodorant Refill,2.0
FF5192271,SO5764872,#5942012,Shopify UK,2026-06-21 00:50:29.049256+00:00,Airbox (EU),2026-06-21,Airbox,WCROC2556,Roll On Case: Chrome,1.0
FF5192271,SO5764872,#5942012,Shopify UK,2026-06-21 00:50:29.049256+00:00,Airbox (EU),2026-06-21,Airbox,WCROC3129,Roll on Case: Valentine's Day Hearts,1.0
FF5192336,SO5764937,#5942037,Shopify UK,2026-06-21 01:07:56.231806+00:00,UKAB (Airbox 18),2026-06-21,UKAB (Airbox 18),WCR1923,Coconut Cream Deo Refill,1.0
FF5192383,SO5764984,#5942073,Shopify UK,2026-06-21 01:09:38.621066+00:00,Stord (US),2026-06-21,Stord,WCR1893,Watermelon Deodorant Refill,1.0
FF5192503,SO5765103,#5942200,Shopify UK,2026-06-21 01:10:58.772281+00:00,UKAB (Airbox 18),2026-06-21,UKAB (Airbox 18),WCRS1754,Queen of Heart's Cherry Tarts Sensitive Deo Refill,1.0
FF5192555,SO5765156,#5942256,Shopify UK,2026-06-21 01:11:17.600799+00:00,Stord (US),2026-06-21,Stord,WMIN1670,Alice's Secret Garden Mini Deo,1.0
FF5192613,SO5765214,#5942290,Shopify UK,2026-06-21 01:11:39.495671+00:00,Stord (US),2026-06-21,Stord,WCR1893,Watermelon Deodorant Refill,1.0
FF5192613,SO5765214,#5942290,Shopify UK,2026-06-21 01:11:39.495671+00:00,Stord (US),2026-06-21,Stord,WCR2554,Deo Refill: Winter Breeze,1.0
FF5192643,SO5765244,#5942351,Shopify UK,2026-06-21 01:11:52.748590+00:00,UKAB (Airbox 18),2026-06-21,UKAB (Airbox 18),WCR1751,Summer Breeze Deodorant Refill,1.0
FF5192674,SO5765274,#5942370,Shopify UK,2026-06-21 01:12:03.534126+00:00,UKAB (Airbox 18),2026-06-21,UKAB (Airbox 18),WCRS1754,Queen of Heart's Cherry Tarts Sensitive Deo Refill,1.0
FF5192708,SO5765309,#5942399,Shopify UK,2026-06-21 01:12:15.845385+00:00,UKAB (Airbox 18),2026-06-21,UKAB (Airbox 18),WCRS1896,Watermelon sens. Deodorant Refill,1.0
FF5192850,SO5765451,#5942548,Shopify UK,2026-06-21 01:13:06.131972+00:00,UKAB (Airbox 18),2026-06-21,UKAB (Airbox 18),WCRS1754,Queen of Heart's Cherry Tarts Sensitive Deo Refill,1.0
FF5192863,SO5765467,#5942566,Shopify UK,2026-06-21 01:13:10.870156+00:00,Stord (US),2026-06-21,Stord,WCRS3206,Deo Refill: Black Rose and Velvet Sens,1.0
FF5192887,SO5765487,#5942575,Shopify UK,2026-06-21 01:13:18.226834+00:00,UKAB (Airbox 18),2026-06-21,UKAB (Airbox 18),WCBWR2260,Body Wash Refill: Wildflower Bloom,1.0
FF5192909,SO5765509,#5942600,Shopify UK,2026-06-21 01:13:25.842245+00:00,UKAB (Airbox 18),2026-06-21,UKAB (Airbox 18),WCRS1754,Queen of Heart's Cherry Tarts Sensitive Deo Refill,1.0
FF5192967,SO5765568,#5942666,Shopify UK,2026-06-21 01:13:45.568613+00:00,UKAB (Airbox 18),2026-06-21,UKAB (Airbox 18),WCR1751,Summer Breeze Deodorant Refill,1.0
FF5193046,SO5765644,#5942734,Shopify UK,2026-06-21 01:14:12.311507+00:00,UKAB (Airbox 18),2026-06-21,UKAB (Airbox 18),WCRS1754,Queen of Heart's Cherry Tarts Sensitive Deo Refill,1.0
FF5193090,SO5765691,#5942789,Shopify UK,2026-06-21 01:14:33.063664+00:00,UKAB (Airbox 18),2026-06-21,UKAB (Airbox 18),WCRS1754,Queen of Heart's Cherry Tarts Sensitive Deo Refill,1.0
FF5193299,SO5765900,2889473,Shopify EU,2026-06-21 02:10:57.201723+00:00,Stord (US),2026-06-21,Stord,WCROA3777,AP Roll On Island Paradise,1.0
FF5193410,SO5766011,#5942872,Shopify UK,2026-06-21 03:07:41.875785+00:00,Next (AU),2026-06-21,Next3PL,WCR251,Elderflower & Cucumber - initial_delivery,2.0
FF5193418,SO5766019,2889476,Shopify EU,2026-06-21 03:10:25.201806+00:00,UKAB (Airbox 18),2026-06-21,UKAB (Airbox 18),WRREFDE1044,Body Wash DE Cherry Blossom,3.0
FF5193533,SO5766134,AUS357538,Shopify AUS,2026-06-21 04:16:15.078454+00:00,Next (AU),2026-06-21,Next3PL,WBU3845-FLEX,Black Cherry Deo & BW Combo Starter Pack,1.0
FF5193655,SO5766256,2889540,Shopify EU,2026-06-21 04:25:12.039108+00:00,Airbox (EU),2026-06-21,Airbox,WCR1919,Vanilla Butterscotch Deo Refill,1.0
FF5193706,SO5766304,2889555,Shopify EU,2026-06-21 04:25:26.476015+00:00,Stord (US),2026-06-21,Stord,WCROA3207,Roll On AP: Cotton Cloud,3.0
FF5193706,SO5766304,2889555,Shopify EU,2026-06-21 04:25:26.476015+00:00,Stord (US),2026-06-21,Stord,WMIN3111,Mini Deo: Peachy Kisses,1.0
FF5193733,SO5766334,2889612,Shopify EU,2026-06-21 04:25:35.614079+00:00,Airbox (EU),2026-06-21,Airbox,WCSGR1107,Sugar Plum Fairy Shower Gel,1.0
FF5193831,SO5766432,US893639,Shopify USA,2026-06-21 04:27:40.306482+00:00,Stord (US),2026-06-21,Stord,WCBWR1919,Body Wash Refill: Vanilla Butterscotch,1.0
FF5193886,SO5766485,2889686,Shopify EU,2026-06-21 04:28:20.713732+00:00,Airbox (EU),2026-06-21,Airbox,WCHWR1751,Summer Breeze Hand Wash Refill,1.0
FF5193886,SO5766485,2889686,Shopify EU,2026-06-21 04:28:20.713732+00:00,Airbox (EU),2026-06-21,Airbox,WCHWR2512,Black Cherry Handwash,1.0
FF5193961,SO5766562,US893722,Shopify USA,2026-06-21 04:28:54.778355+00:00,Stord (US),2026-06-21,Stord,WCR2554,Deo Refill: Winter Breeze,1.0
FF5194009,SO5766610,2889744,Shopify EU,2026-06-21 04:29:14.056542+00:00,Airbox (EU),2026-06-21,Airbox,WCSGR1751,Summer Breeze Body Wash Refill,1.0
FF5194486,SO5767088,US894077,Shopify USA,2026-06-21 04:32:18.140864+00:00,Stord (US),2026-06-21,Stord,WCR2554,Deo Refill: Winter Breeze,1.0
FF5194542,SO5767143,2889896,Shopify EU,2026-06-21 05:02:30.889422+00:00,UKAB (Airbox 18),2026-06-21,UKAB (Airbox 18),WCLR619V2,Original Lip Balm Refill V2,1.0
FF5194780,SO5767381,#5942928,Shopify UK,2026-06-21 06:59:32.812162+00:00,Airbox (EU),2026-06-21,Airbox,WCBWR1898,Cherry Chupa Chups Body Wash Refill,1.0
FF5194780,SO5767381,#5942928,Shopify UK,2026-06-21 06:59:32.812162+00:00,Airbox (EU),2026-06-21,Airbox,WCROC2556,Roll On Case: Chrome,1.0
FF5194780,SO5767381,#5942928,Shopify UK,2026-06-21 06:59:32.812162+00:00,Airbox (EU),2026-06-21,Airbox,WCROC2756,Roll On Case: Forest Green,1.0
FF5195044,SO5767645,#5943021,Shopify UK,2026-06-21 08:31:27.549803+00:00,Next (AU),2026-06-21,Next3PL,WMIN01,Orange & Neroli Mini Deodorant,1.0
FF5195120,SO5767721,2890092,Shopify EU,2026-06-21 08:50:27.210816+00:00,UKAB (Airbox 18),2026-06-21,UKAB (Airbox 18),WCLR619V2,Original Lip Balm Refill V2,1.0
FF5195182,SO5767783,AUS357681,Shopify AUS,2026-06-21 09:08:51.759474+00:00,UKAB (Airbox 18),2026-06-21,UKAB (Airbox 18),WCLR1245,Lip Balm Refill: Vanilla Frost,1.0
FF5195185,SO5767786,#5943028,Shopify UK,2026-06-21 09:09:44.568091+00:00,Airbox (EU),2026-06-21,Airbox,WCROC2756,Roll On Case: Forest Green,1.0
FF5195185,SO5767786,#5943028,Shopify UK,2026-06-21 09:09:44.568091+00:00,Airbox (EU),2026-06-21,Airbox,WCROC2756,Roll On Case: Forest Green,2.0
FF5195195,SO5767796,#5943033,Shopify UK,2026-06-21 09:13:13.780267+00:00,Airbox (EU),2026-06-21,Airbox,WCRO24,Roll On Refill: Fresh Cotton & Sea Salt,2.0
FF5195247,SO5767849,2890138,Shopify EU,2026-06-21 09:24:38.398951+00:00,UKAB (Airbox 18),2026-06-21,UKAB (Airbox 18),WCLR619V2,Original Lip Balm Refill V2,1.0
FF5195313,SO5767919,#5943108,Shopify UK,2026-06-21 09:43:26.350329+00:00,Stord (US),2026-06-21,Stord,WCBWMIN1283,Juicy Mango Body Wash Mini,1.0
FF5195313,SO5767919,#5943108,Shopify UK,2026-06-21 09:43:26.350329+00:00,Stord (US),2026-06-21,Stord,WCROA3776,AP Roll On Enchanted Bloom,1.0
FF5195313,SO5767919,#5943108,Shopify UK,2026-06-21 09:43:26.350329+00:00,Stord (US),2026-06-21,Stord,WCROA3777,AP Roll On Island Paradise,1.0
FF5195313,SO5767919,#5943108,Shopify UK,2026-06-21 09:43:26.350329+00:00,Stord (US),2026-06-21,Stord,WSOAPH608,Amber & Oud Hand Soap,2.0
FF5195379,SO5767985,#5943146,Shopify UK,2026-06-21 10:01:10.419371+00:00,Airbox (EU),2026-06-21,Airbox,WCROC2556,Roll On Case: Chrome,1.0
FF5195397,SO5768003,AUS357675,Shopify AUS,2026-06-21 10:05:05.661972+00:00,UKAB (Airbox 18),2026-06-21,UKAB (Airbox 18),WCBWR3278,Body Wash Refill: Peachy Kiss,1.0
FF5195515,SO5768121,#5943151,Shopify UK,2026-06-21 10:37:03.965359+00:00,Airbox (EU),2026-06-21,Airbox,WCROC3130,Roll On Case: Leopard,1.0
FF5195537,SO5768143,2890214,Shopify EU,2026-06-21 10:43:57.087348+00:00,UKAB (Airbox 18),2026-06-21,UKAB (Airbox 18),WCC20,Purple Deodorant Case,1.0
FF5195615,SO5768221,2890245,Shopify EU,2026-06-21 11:06:22.841661+00:00,UKAB (Airbox 18),2026-06-21,UKAB (Airbox 18),WCLR619V2,Original Lip Balm Refill V2,1.0
FF5195722,SO5768328,2890337,Shopify EU,2026-06-21 11:40:08.358180+00:00,UKAB (Airbox 18),2026-06-21,UKAB (Airbox 18),WCLR619V2,Original Lip Balm Refill V2,1.0
FF5195744,SO5768350,US894183,Shopify USA,2026-06-21 11:46:38.370522+00:00,UKAB (Airbox 18),2026-06-21,UKAB (Airbox 18),WCBWR1964,Citrus Burst Body Wash Refill 300ml,1.0
FF5195785,SO5768391,#5943280,Shopify UK,2026-06-21 11:57:02.587985+00:00,Airbox (EU),2026-06-21,Airbox,WCLC864,Rose Lip Balm Case,1.0
FF5195785,SO5768391,#5943280,Shopify UK,2026-06-21 11:57:02.587985+00:00,Airbox (EU),2026-06-21,Airbox,WCROC2756,Roll On Case: Forest Green,1.0
FF5195886,SO5768492,2890396,Shopify EU,2026-06-21 12:32:11.872156+00:00,UKAB (Airbox 18),2026-06-21,UKAB (Airbox 18),WCROL747,Roll On Roller: Blue,1.0
FF5195888,SO5768494,2890394,Shopify EU,2026-06-21 12:32:22.093203+00:00,UKAB (Airbox 18),2026-06-21,UKAB (Airbox 18),WCLR619V2,Original Lip Balm Refill V2,1.0
FF5195913,SO5768519,2890406,Shopify EU,2026-06-21 12:38:19.668964+00:00,UKAB (Airbox 18),2026-06-21,UKAB (Airbox 18),WCLR619V2,Original Lip Balm Refill V2,1.0
FF5196009,SO5768615,2890445,Shopify EU,2026-06-21 13:05:28.542099+00:00,UKAB (Airbox 18),2026-06-21,UKAB (Airbox 18),WCLR619V2,Original Lip Balm Refill V2,1.0
FF5196026,SO5768631,2890412,Shopify EU,2026-06-21 13:11:52.096124+00:00,UKAB (Airbox 18),2026-06-21,UKAB (Airbox 18),WCLR619V2,Original Lip Balm Refill V2,1.0
FF5196066,SO5768671,#5943367,Shopify UK,2026-06-21 13:20:18.354975+00:00,Airbox (EU),2026-06-21,Airbox,WCROC3129,Roll on Case: Valentine's Day Hearts,2.0
FF5196066,SO5768671,#5943367,Shopify UK,2026-06-21 13:20:18.354975+00:00,Airbox (EU),2026-06-21,Airbox,WCROC3130,Roll On Case: Leopard,2.0
FF5196271,SO5768876,2890537,Shopify EU,2026-06-21 14:18:51.998071+00:00,Airbox (EU),2026-06-21,Airbox,WCROC3333,Roll On Case: Miffy,1.0
FF5196365,SO5768970,#5943450,Shopify UK,2026-06-21 14:50:07.768197+00:00,Stord (US),2026-06-21,Stord,WCROA24,AP Roll On: Cotton & Seasalt,1.0
FF5196365,SO5768970,#5943450,Shopify UK,2026-06-21 14:50:07.768197+00:00,Stord (US),2026-06-21,Stord,WCROA3776,AP Roll On Enchanted Bloom,1.0
FF5196365,SO5768970,#5943450,Shopify UK,2026-06-21 14:50:07.768197+00:00,Stord (US),2026-06-21,Stord,WCROA507,Roll On AP: Thunderstorm,1.0
FF5196365,SO5768970,#5943450,Shopify UK,2026-06-21 14:50:07.768197+00:00,Stord (US),2026-06-21,Stord,WCROA608,Roll On AP: Amber & Oud,2.0
FF5196365,SO5768970,#5943450,Shopify UK,2026-06-21 14:50:07.768197+00:00,Stord (US),2026-06-21,Stord,WCROC2738,Roll On Case: Love Heart,1.0
FF5196365,SO5768970,#5943450,Shopify UK,2026-06-21 14:50:07.768197+00:00,Stord (US),2026-06-21,Stord,WCROC2756,Roll On Case: Forest Green,1.0
FF5196471,SO5769076,2890578,Shopify EU,2026-06-21 15:21:40.345306+00:00,UKAB (Airbox 18),2026-06-21,UKAB (Airbox 18),WCLR619V2,Original Lip Balm Refill V2,1.0
FF5196547,SO5769152,US894303,Shopify USA,2026-06-21 15:36:59.795837+00:00,Airbox (EU),2026-06-21,Airbox,WCR251,Elderflower & Cucumber - initial_delivery,1.0
FF5196556,SO5769161,#5943505,Shopify UK,2026-06-21 15:39:29.836499+00:00,Airbox (EU),2026-06-21,Airbox,WCR251,Elderflower & Cucumber - initial_delivery,1.0
FF5196572,SO5769177,2890609,Shopify EU,2026-06-21 15:43:12.929557+00:00,UKAB (Airbox 18),2026-06-21,UKAB (Airbox 18),WCLR619V2,Original Lip Balm Refill V2,1.0
FF5196584,SO5769189,#5943511,Shopify UK,2026-06-21 15:46:16.338769+00:00,Airbox (EU),2026-06-21,Airbox,WCC1981,EBW Pink Heart Deo Case,1.0
FF5196597,SO5769202,#5943516,Shopify UK,2026-06-21 15:51:08.737513+00:00,Airbox (EU),2026-06-21,Airbox,WCRO24,Roll On Refill: Fresh Cotton & Sea Salt,2.0
FF5196743,SO5769348,#5943574,Shopify UK,2026-06-21 16:24:54.423306+00:00,UKAB (Airbox 18),2026-06-21,UKAB (Airbox 18),WCR1751,Summer Breeze Deodorant Refill,1.0
FF5196795,SO5769400,2890712,Shopify EU,2026-06-21 16:32:50.414299+00:00,Airbox (EU),2026-06-21,Airbox,WCROC3333,Roll On Case: Miffy,1.0
FF5196795,SO5769400,2890712,Shopify EU,2026-06-21 16:32:50.414299+00:00,Airbox (EU),2026-06-21,Airbox,WCSGC1110,Stars Body Wash Case,1.0
FF5196795,SO5769400,2890712,Shopify EU,2026-06-21 16:32:50.414299+00:00,Airbox (EU),2026-06-21,Airbox,WCSGC25,Black Shower Gel Case,1.0
FF5196982,SO5769587,#5943657,Shopify UK,2026-06-21 17:24:12.490320+00:00,Airbox (EU),2026-06-21,Airbox,WCROC3130,Roll On Case: Leopard,1.0
FF5197015,SO5769620,2890766,Shopify EU,2026-06-21 17:32:10.644230+00:00,Stord (US),2026-06-21,Stord,WCBWMIN1963,Spa Daydreams Body Wash Mini,2.0
FF5197015,SO5769620,2890766,Shopify EU,2026-06-21 17:32:10.644230+00:00,Stord (US),2026-06-21,Stord,WCBWMIN24,Fresh Cotton and Sea Salt Body Wash Mini,2.0
FF5197124,SO5769729,#5943695,Shopify UK,2026-06-21 17:59:53.577977+00:00,Stord (US),2026-06-21,Stord,WCBWMIN1283,Juicy Mango Body Wash Mini,1.0
FF5197194,SO5769799,#5943721,Shopify UK,2026-06-21 18:15:45.288270+00:00,UKAB (Airbox 18),2026-06-21,UKAB (Airbox 18),WCRS1754,Queen of Heart's Cherry Tarts Sensitive Deo Refill,1.0
FF5197531,SO5770136,2890935,Shopify EU,2026-06-21 19:41:18.824446+00:00,UKAB (Airbox 18),2026-06-21,UKAB (Airbox 18),WCLR619V2,Original Lip Balm Refill V2,1.0
FF5197641,SO5770246,2890986,Shopify EU,2026-06-21 20:01:12.387324+00:00,Airbox (EU),2026-06-21,Airbox,WBU6455,Miffy Body Wash & Deo Bundle,1.0
FF5197914,SO5770519,#5943887,Shopify UK,2026-06-21 20:42:38.164633+00:00,Airbox (EU),2026-06-21,Airbox,WCC2556,Deo Case: Chrome ,1.0
FF5197916,SO5770521,#5943888,Shopify UK,2026-06-21 20:42:59.509341+00:00,Airbox (EU),2026-06-21,Airbox,WCROC3130,Roll On Case: Leopard,1.0
FF5197924,SO5770529,#5943891,Shopify UK,2026-06-21 20:44:05.847458+00:00,UKAB (Airbox 18),2026-06-21,UKAB (Airbox 18),WCRS1896,Watermelon sens. Deodorant Refill,3.0
FF5197979,SO5770584,2891105,Shopify EU,2026-06-21 20:53:26.582117+00:00,UKAB (Airbox 18),2026-06-21,UKAB (Airbox 18),WCLR619V2,Original Lip Balm Refill V2,1.0
FF5197994,SO5770598,#5943905,Shopify UK,2026-06-21 20:55:03.085855+00:00,Next (AU),2026-06-21,Next3PL,WCR251,Elderflower & Cucumber - initial_delivery,1.0
FF5198013,SO5770618,#5943874,Shopify UK,2026-06-21 20:58:54.666458+00:00,Airbox (EU),2026-06-21,Airbox,WCROC2556,Roll On Case: Chrome,1.0
FF5198103,SO5770707,#5943910,Shopify UK,2026-06-21 21:12:45.921096+00:00,Stord (US),2026-06-21,Stord,WCRS3206,Deo Refill: Black Rose and Velvet Sens,1.0
FF5198213,SO5770817,#5943914,Shopify UK,2026-06-21 21:32:38.222065+00:00,Airbox (EU),2026-06-21,Airbox,WCROC3130,Roll On Case: Leopard,2.0
FF5198237,SO5770841,2891166,Shopify EU,2026-06-21 21:39:27.537796+00:00,UKAB (Airbox 18),2026-06-21,UKAB (Airbox 18),WCLR1245,Lip Balm Refill: Vanilla Frost,1.0
FF5198237,SO5770841,2891166,Shopify EU,2026-06-21 21:39:27.537796+00:00,UKAB (Airbox 18),2026-06-21,UKAB (Airbox 18),WCLR619V2,Original Lip Balm Refill V2,1.0
FF5198432,SO5771036,2891207,Shopify EU,2026-06-21 22:24:30.475455+00:00,Airbox (EU),2026-06-21,Airbox,WCROC3333,Roll On Case: Miffy,1.0
FF5198612,SO5771216,2891237,Shopify EU,2026-06-21 23:24:21.595269+00:00,Airbox (EU),2026-06-22,Airbox,WCR1919,Vanilla Butterscotch Deo Refill,1.0
FF5198806,SO5771410,#5944066,Shopify UK,2026-06-22 00:29:32.875838+00:00,Stord (US),2026-06-22,Stord,WCR3205,Deo Refill: Black Rose and Velvet,2.0
FF5198844,SO5771448,#5944074,Shopify UK,2026-06-22 00:41:38.392036+00:00,Airbox (EU),2026-06-22,Airbox,WCBWR3207,Body Wash Refill: Cotton Cloud,2.0
FF5199030,SO5771634,#5944185,Shopify UK,2026-06-22 01:10:03.813654+00:00,UKAB (Airbox 18),2026-06-22,UKAB (Airbox 18),WCRS1896,Watermelon sens. Deodorant Refill,1.0
FF5199111,SO5771715,#5944286,Shopify UK,2026-06-22 01:10:47.218267+00:00,UKAB (Airbox 18),2026-06-22,UKAB (Airbox 18),WCRS1754,Queen of Heart's Cherry Tarts Sensitive Deo Refill,1.0
FF5199157,SO5771765,#5944300,Shopify UK,2026-06-22 01:11:02.755652+00:00,UKAB (Airbox 18),2026-06-22,UKAB (Airbox 18),WCR1105,Enchanted Forest Deo Refill,1.0
FF5199160,SO5771761,#5944320,Shopify UK,2026-06-22 01:11:00.505292+00:00,UKAB (Airbox 18),2026-06-22,UKAB (Airbox 18),WCRS1896,Watermelon sens. Deodorant Refill,1.0
FF5199231,SO5771835,#5944376,Shopify UK,2026-06-22 01:11:28.467183+00:00,UKAB (Airbox 18),2026-06-22,UKAB (Airbox 18),WCRS1896,Watermelon sens. Deodorant Refill,1.0
FF5199346,SO5771952,#5944504,Shopify UK,2026-06-22 01:12:05.642410+00:00,UKAB (Airbox 18),2026-06-22,UKAB (Airbox 18),WCRS1754,Queen of Heart's Cherry Tarts Sensitive Deo Refill,1.0
FF5199349,SO5771953,#5944508,Shopify UK,2026-06-22 01:12:05.642366+00:00,UKAB (Airbox 18),2026-06-22,UKAB (Airbox 18),WCRS1896,Watermelon sens. Deodorant Refill,1.0
FF5199384,SO5771988,#5944554,Shopify UK,2026-06-22 01:12:19.736012+00:00,UKAB (Airbox 18),2026-06-22,UKAB (Airbox 18),WCR1751,Summer Breeze Deodorant Refill,1.0
FF5199396,SO5772003,#5944558,Shopify UK,2026-06-22 01:12:22.783023+00:00,UKAB (Airbox 18),2026-06-22,UKAB (Airbox 18),WCRS1896,Watermelon sens. Deodorant Refill,1.0
FF5199400,SO5772007,#5944544,Shopify UK,2026-06-22 01:12:23.341212+00:00,UKAB (Airbox 18),2026-06-22,UKAB (Airbox 18),WCR1751,Summer Breeze Deodorant Refill,1.0
FF5199456,SO5772062,#5944630,Shopify UK,2026-06-22 01:12:42.896795+00:00,UKAB (Airbox 18),2026-06-22,UKAB (Airbox 18),WCRS1754,Queen of Heart's Cherry Tarts Sensitive Deo Refill,1.0
FF5199562,SO5772166,#5944714,Shopify UK,2026-06-22 01:13:22.205269+00:00,UKAB (Airbox 18),2026-06-22,UKAB (Airbox 18),WCRS1754,Queen of Heart's Cherry Tarts Sensitive Deo Refill,1.0
FF5199694,SO5772298,#5944849,Shopify UK,2026-06-22 01:14:09.923335+00:00,Stord (US),2026-06-22,Stord,WCLR619,Original Lip Balm Refill,2.0
FF5199824,SO5772428,#5944998,Shopify UK,2026-06-22 01:14:57.823500+00:00,UKAB (Airbox 18),2026-06-22,UKAB (Airbox 18),WCRS1896,Watermelon sens. Deodorant Refill,1.0
FF5199930,SO5772539,#5945070,Shopify UK,2026-06-22 01:15:33.714430+00:00,Airbox (EU),2026-06-22,Airbox,WCRO24,Roll On Refill: Fresh Cotton & Sea Salt,2.0
FF5199973,SO5772577,#5945133,Shopify UK,2026-06-22 01:15:47.797075+00:00,UKAB (Airbox 18),2026-06-22,UKAB (Airbox 18),WCR1751,Summer Breeze Deodorant Refill,1.0
FF5200085,SO5772689,#5945234,Shopify UK,2026-06-22 01:16:24.375959+00:00,UKAB (Airbox 18),2026-06-22,UKAB (Airbox 18),WCR2554,Deo Refill: Winter Breeze,1.0
FF5200110,SO5772714,#5945262,Shopify UK,2026-06-22 01:16:33.550081+00:00,Stord (US),2026-06-22,Stord,WCRS3206,Deo Refill: Black Rose and Velvet Sens,1.0
FF5200169,SO5772773,#5945315,Shopify UK,2026-06-22 01:17:22.428099+00:00,Stord (US),2026-06-22,Stord,WCC1981,EBW Pink Heart Deo Case,1.0
FF5200169,SO5772773,#5945315,Shopify UK,2026-06-22 01:17:22.428099+00:00,Stord (US),2026-06-22,Stord,WCLC747V2,Lip Balm Case: Bee,1.0
FF5200169,SO5772773,#5945315,Shopify UK,2026-06-22 01:17:22.428099+00:00,Stord (US),2026-06-22,Stord,WCLR966V2,Honey Lip Balm Refill V2,2.0
FF5200336,SO5772939,#5945324,Shopify UK,2026-06-22 02:26:24.689932+00:00,Next (AU),2026-06-22,Next3PL,WCC2112,Forest Green Deo Case,1.0
FF5200365,SO5772968,#5945326,Shopify UK,2026-06-22 02:37:57.957885+00:00,Stord (US),2026-06-22,Stord,WCBWR1963,Spa Daydreams Body Wash Refill 300ml,2.0
FF5200365,SO5772968,#5945326,Shopify UK,2026-06-22 02:37:57.957885+00:00,Stord (US),2026-06-22,Stord,WMIN02,Coconut Dreams Mini Deodorant,1.0
FF5200900,SO5773503,2891479,Shopify EU,2026-06-22 04:29:21.186089+00:00,Airbox (EU),2026-06-22,Airbox,WCR1919,Vanilla Butterscotch Deo Refill,1.0
FF5201086,SO5773688,2891602,Shopify EU,2026-06-22 04:30:29.346095+00:00,Airbox (EU),2026-06-22,Airbox,WCR1919,Vanilla Butterscotch Deo Refill,1.0
FF5201183,SO5773785,2891655,Shopify EU,2026-06-22 04:31:07.692270+00:00,Stord (US),2026-06-22,Stord,WCBWR1963,Spa Daydreams Body Wash Refill 300ml,1.0
FF5201959,SO5774562,#5945359,Shopify UK,2026-06-22 05:54:10.834760+00:00,Stord (US),2026-06-22,Stord,WCROA3776,AP Roll On Enchanted Bloom,1.0
FF5201959,SO5774562,#5945359,Shopify UK,2026-06-22 05:54:10.834760+00:00,Stord (US),2026-06-22,Stord,WCROA3777,AP Roll On Island Paradise,1.0
FF5201959,SO5774562,#5945359,Shopify UK,2026-06-22 05:54:10.834760+00:00,Stord (US),2026-06-22,Stord,WCROA507,Roll On AP: Thunderstorm,1.0
FF5201968,SO5774571,#5945348,Shopify UK,2026-06-22 05:57:32.509193+00:00,Airbox (EU),2026-06-22,Airbox,WCROC2556,Roll On Case: Chrome,1.0
FF5202000,SO5774603,2891837,Shopify EU,2026-06-22 06:10:24.956752+00:00,UKAB (Airbox 18),2026-06-22,UKAB (Airbox 18),WCLR619V2,Original Lip Balm Refill V2,1.0
FF5202020,SO5774623,2891871,Shopify EU,2026-06-22 06:18:47.914223+00:00,UKAB (Airbox 18),2026-06-22,UKAB (Airbox 18),WCLR619V2,Original Lip Balm Refill V2,1.0
FF5202154,SO5774757,#5945410,Shopify UK,2026-06-22 07:14:16.567334+00:00,Airbox (EU),2026-06-22,Airbox,WCBWR3207,Body Wash Refill: Cotton Cloud,1.0
FF5202154,SO5774757,#5945410,Shopify UK,2026-06-22 07:14:16.567334+00:00,Airbox (EU),2026-06-22,Airbox,WCLC866,Sage Lip Balm Case,1.0
FF5202154,SO5774757,#5945410,Shopify UK,2026-06-22 07:14:16.567334+00:00,Airbox (EU),2026-06-22,Airbox,WCROC2756,Roll On Case: Forest Green,1.0
FF5202410,SO5775015,#5945492,Shopify UK,2026-06-22 08:34:31.622177+00:00,Airbox (EU),2026-06-22,Airbox,WCC1521,EBW Polka Dots Deodorant Case,1.0
FF5202410,SO5775015,#5945492,Shopify UK,2026-06-22 08:34:31.622177+00:00,Airbox (EU),2026-06-22,Airbox,WCC2103,Strawberry Deo Case,1.0
FF5202410,SO5775015,#5945492,Shopify UK,2026-06-22 08:34:31.622177+00:00,Airbox (EU),2026-06-22,Airbox,WMIN1266,Love Potion Mini Deodorant,1.0
FF5202437,SO5775042,2892045,Shopify EU,2026-06-22 08:43:24.724750+00:00,Airbox (EU),2026-06-22,Airbox,WCR1919,Vanilla Butterscotch Deo Refill,1.0
FF5202439,SO5775044,#5945500,Shopify UK,2026-06-22 08:44:09.702711+00:00,Airbox (EU),2026-06-22,Airbox,WCC2112,Forest Green Deo Case,1.0
FF5202510,SO5775114,2892073,Shopify EU,2026-06-22 09:02:35.772246+00:00,UKAB (Airbox 18),2026-06-22,UKAB (Airbox 18),WCLR619V2,Original Lip Balm Refill V2,1.0
FF5202694,SO5775327,#5945597,Shopify UK,2026-06-22 09:54:46.716510+00:00,Airbox (EU),2026-06-22,Airbox,WCC1981,EBW Pink Heart Deo Case,1.0
FF5202694,SO5775327,#5945597,Shopify UK,2026-06-22 09:54:46.716510+00:00,Airbox (EU),2026-06-22,Airbox,WCROC3130,Roll On Case: Leopard,1.0
FF5202705,SO5775338,2892151,Shopify EU,2026-06-22 09:56:37.969150+00:00,Airbox (EU),2026-06-22,Airbox,WCROC3333,Roll On Case: Miffy,1.0
FF5202742,SO5775375,#5945574,Shopify UK,2026-06-22 10:08:38.547706+00:00,Airbox (EU),2026-06-22,Airbox,WCLC1053V2,Lip Balm Case: Ombre,1.0
FF5202795,SO5775428,2892205,Shopify EU,2026-06-22 10:25:20.292221+00:00,UKAB (Airbox 18),2026-06-22,UKAB (Airbox 18),WCLR619V2,Original Lip Balm Refill V2,1.0
FF5202810,SO5775443,2892156,Shopify EU,2026-06-22 10:29:47.606732+00:00,UKAB (Airbox 18),2026-06-22,UKAB (Airbox 18),WCLR619V2,Original Lip Balm Refill V2,1.0
FF5202819,SO5775452,AUS357964,Shopify AUS,2026-06-22 10:32:34.035743+00:00,UKAB (Airbox 18),2026-06-22,UKAB (Airbox 18),WCR01,Orange Zest - initial_delivery,1.0
FF5202819,SO5775452,AUS357964,Shopify AUS,2026-06-22 10:32:34.035743+00:00,UKAB (Airbox 18),2026-06-22,UKAB (Airbox 18),WCR1923,Coconut Cream Deo Refill,1.0
FF5202877,SO5775510,#5945646,Shopify UK,2026-06-22 10:45:09.686935+00:00,Airbox (EU),2026-06-22,Airbox,WCROC3130,Roll On Case: Leopard,1.0
FF5202950,SO5775582,2892266,Shopify EU,2026-06-22 11:08:15.672093+00:00,UKAB (Airbox 18),2026-06-22,UKAB (Airbox 18),WCC59,Pink Deodorant Case,1.0
FF5202997,SO5775630,AUS357978,Shopify AUS,2026-06-22 11:18:18.618245+00:00,UKAB (Airbox 18),2026-06-22,UKAB (Airbox 18),WCBWC1521,EBW Polka Dot Body Wash Case,1.0
FF5202997,SO5775630,AUS357978,Shopify AUS,2026-06-22 11:18:18.618245+00:00,UKAB (Airbox 18),2026-06-22,UKAB (Airbox 18),WCBWR3278,Body Wash Refill: Peachy Kiss,1.0
FF5202997,SO5775630,AUS357978,Shopify AUS,2026-06-22 11:18:18.618245+00:00,UKAB (Airbox 18),2026-06-22,UKAB (Airbox 18),WMIN1013,Peach Iced Tea Mini,1.0
FF5203027,SO5775659,#5945687,Shopify UK,2026-06-22 11:24:28.794231+00:00,Airbox (EU),2026-06-22,Airbox,WCR251,Elderflower & Cucumber - initial_delivery,1.0
FF5203093,SO5775725,2892331,Shopify EU,2026-06-22 11:39:23.699891+00:00,Airbox (EU),2026-06-22,Airbox,WCROC2756,Roll On Case: Forest Green,1.0
FF5203510,SO5776142,2892451,Shopify EU,2026-06-22 13:18:36.642104+00:00,Airbox (EU),2026-06-22,Airbox,WCR2554,Deo Refill: Winter Breeze,1.0
FF5203684,SO5776315,#5945844,Shopify UK,2026-06-22 13:59:02.085706+00:00,Airbox (EU),2026-06-22,Airbox,WCROC2556,Roll On Case: Chrome,1.0
FF5203684,SO5776315,#5945844,Shopify UK,2026-06-22 13:59:02.085706+00:00,Airbox (EU),2026-06-22,Airbox,WCROC2756,Roll On Case: Forest Green,1.0
FF5203717,SO5776349,US895648,Shopify USA,2026-06-22 14:05:48.914208+00:00,Airbox (EU),2026-06-22,Airbox,WCR251,Elderflower & Cucumber - initial_delivery,1.0
FF5203815,SO5776446,2892553,Shopify EU,2026-06-22 14:30:04.484835+00:00,Airbox (EU),2026-06-22,Airbox,WCLC866,Sage Lip Balm Case,1.0
FF5203835,SO5776466,#5945873,Shopify UK,2026-06-22 14:34:06.768512+00:00,Airbox (EU),2026-06-22,Airbox,WCROC3130,Roll On Case: Leopard,1.0
FF5203987,SO5776589,#5945905,Shopify UK,2026-06-22 15:04:22.182037+00:00,Stord (US),2026-06-22,Stord,WCR3205,Deo Refill: Black Rose and Velvet,1.0
FF5204264,SO5776921,2892689,Shopify EU,2026-06-22 16:00:57.658063+00:00,UKAB (Airbox 18),2026-06-22,UKAB (Airbox 18),WCLR1245,Lip Balm Refill: Vanilla Frost,1.0
FF5204369,SO5777026,#5946024,Shopify UK,2026-06-22 16:20:21.982001+00:00,Stord (US),2026-06-22,Stord,WCR3205,Deo Refill: Black Rose and Velvet,2.0
FF5204512,SO5777169,2892750,Shopify EU,2026-06-22 16:42:17.853671+00:00,Airbox (EU),2026-06-22,Airbox,WCBWR3207,Body Wash Refill: Cotton Cloud,1.0
FF5204512,SO5777169,2892750,Shopify EU,2026-06-22 16:42:17.853671+00:00,Airbox (EU),2026-06-22,Airbox,WCR2554,Deo Refill: Winter Breeze,1.0
FF5204520,SO5777177,US862983RR,Shopify USA,2026-06-22 16:45:26.618526+00:00,Stord (US),2026-06-22,Stord,WCR1105,Enchanted Forest Deo Refill,1.0
FF5204525,SO5777182,US862315RR,Shopify USA,2026-06-22 16:45:28.910603+00:00,Stord (US),2026-06-22,Stord,WCR1105,Enchanted Forest Deo Refill,2.0
FF5204526,SO5777181,US862514RR,Shopify USA,2026-06-22 16:45:28.905278+00:00,Stord (US),2026-06-22,Stord,WCR1105,Enchanted Forest Deo Refill,1.0
FF5204611,SO5777267,US887122R,Shopify USA,2026-06-22 16:46:30.533860+00:00,Stord (US),2026-06-22,Stord,WCLR1816,Orange Marmalade Lip Balm Refill,1.0
FF5204612,SO5777269,US886209R,Shopify USA,2026-06-22 16:46:31.426890+00:00,Next (AU),2026-06-22,Next3PL,WCR1179,Coconut Dreams Refill (TARGET),1.0
FF5204612,SO5777269,US886209R,Shopify USA,2026-06-22 16:46:31.426890+00:00,Next (AU),2026-06-22,Next3PL,WCR608,Deodorant Refill / 608 - Amber and Oud,1.0
FF5204612,SO5777269,US886209R,Shopify USA,2026-06-22 16:46:31.426890+00:00,Next (AU),2026-06-22,Next3PL,WRREF2465,Deo US Warm Winter Duo,1.0
FF5204622,SO5777277,#5946105,Shopify UK,2026-06-22 16:46:37.187729+00:00,UKAB (Airbox 18),2026-06-22,UKAB (Airbox 18),WCR1687,Mad Hatter's Tea Party Deodorant Refill,2.0
FF5204622,SO5777277,#5946105,Shopify UK,2026-06-22 16:46:37.187729+00:00,UKAB (Airbox 18),2026-06-22,UKAB (Airbox 18),WCR1751,Summer Breeze Deodorant Refill,2.0
FF5204622,SO5777277,#5946105,Shopify UK,2026-06-22 16:46:37.187729+00:00,UKAB (Airbox 18),2026-06-22,UKAB (Airbox 18),WCRS1754,Queen of Heart's Cherry Tarts Sensitive Deo Refill,1.0
FF5204631,SO5777288,US884534R,Shopify USA,2026-06-22 16:46:45.909487+00:00,Stord (US),2026-06-22,Stord,WCR1105,Enchanted Forest Deo Refill,1.0
FF5204633,SO5777290,US863940R,Shopify USA,2026-06-22 16:46:46.536512+00:00,Stord (US),2026-06-22,Stord,WCR1105,Enchanted Forest Deo Refill,2.0
FF5204635,SO5777292,US863084R,Shopify USA,2026-06-22 16:46:47.544741+00:00,Stord (US),2026-06-22,Stord,WCR1105,Enchanted Forest Deo Refill,3.0
FF5204639,SO5777296,US862444R,Shopify USA,2026-06-22 16:46:49.502341+00:00,Stord (US),2026-06-22,Stord,WCR1105,Enchanted Forest Deo Refill,1.0
FF5204652,SO5777310,#5946111,Shopify UK,2026-06-22 16:48:45.045250+00:00,UKAB (Airbox 18),2026-06-22,UKAB (Airbox 18),WCRS1754,Queen of Heart's Cherry Tarts Sensitive Deo Refill,1.0
FF5204960,SO5777617,#5946167,Shopify UK,2026-06-22 17:42:06.002876+00:00,Airbox (EU),2026-06-22,Airbox,WCROC2556,Roll On Case: Chrome,1.0
FF5205054,SO5777710,2892901,Shopify EU,2026-06-22 17:57:01.833392+00:00,Airbox (EU),2026-06-22,Airbox,WCR2554,Deo Refill: Winter Breeze,1.0
FF5205517,SO5778172,#5946314,Shopify UK,2026-06-22 19:19:40.497464+00:00,Airbox (EU),2026-06-22,Airbox,WCROC2756,Roll On Case: Forest Green,1.0
FF5205652,SO5778307,#5946301,Shopify UK,2026-06-22 19:43:33.043447+00:00,Stord (US),2026-06-22,Stord,WCROC2756,Roll On Case: Forest Green,1.0
FF5205752,SO5778407,2893105,Shopify EU,2026-06-22 20:01:02.867918+00:00,UKAB (Airbox 18),2026-06-22,UKAB (Airbox 18),WCLR619V2,Original Lip Balm Refill V2,1.0
FF5205799,SO5778454,#5946385,Shopify UK,2026-06-22 20:08:49.927020+00:00,Airbox (EU),2026-06-22,Airbox,WCROC3129,Roll on Case: Valentine's Day Hearts,1.0
FF5206536,SO5779190,#5946519,Shopify UK,2026-06-22 22:18:57.528520+00:00,Airbox (EU),2026-06-22,Airbox,WCROC2756,Roll On Case: Forest Green,1.0
FF5206580,SO5779234,#5946565,Shopify UK,2026-06-22 22:29:53.890595+00:00,Airbox (EU),2026-06-22,Airbox,WCRO24,Roll On Refill: Fresh Cotton & Sea Salt,1.0
FF5206648,SO5779304,2893397,Shopify EU,2026-06-22 22:51:37.332129+00:00,Airbox (EU),2026-06-22,Airbox,WCR1892,Strawberries & Cream (Chupa Chups) Deodorant Refill,1.0
FF5206672,SO5779328,2893399,Shopify EU,2026-06-22 22:57:17.027190+00:00,Airbox (EU),2026-06-22,Airbox,WCROC3333,Roll On Case: Miffy,1.0
FF5206985,SO5779641,#5946600,Shopify UK,2026-06-23 00:28:26.803825+00:00,Stord (US),2026-06-23,Stord,WCC2331,Deo Case: Pastel Pink,1.0
FF5207142,SO5779798,#5946645,Shopify UK,2026-06-23 01:09:01.785693+00:00,UKAB (Airbox 18),2026-06-23,UKAB (Airbox 18),WCRS1896,Watermelon sens. Deodorant Refill,1.0
FF5207158,SO5779814,#5946652,Shopify UK,2026-06-23 01:09:14.142052+00:00,UKAB (Airbox 18),2026-06-23,UKAB (Airbox 18),WCRS1754,Queen of Heart's Cherry Tarts Sensitive Deo Refill,1.0
FF5207159,SO5779817,#5946656,Shopify UK,2026-06-23 01:09:17.256732+00:00,UKAB (Airbox 18),2026-06-23,UKAB (Airbox 18),WCRS1896,Watermelon sens. Deodorant Refill,3.0
FF5207164,SO5779819,#5946667,Shopify UK,2026-06-23 01:09:20.087510+00:00,UKAB (Airbox 18),2026-06-23,UKAB (Airbox 18),WCRS1896,Watermelon sens. Deodorant Refill,1.0
FF5207180,SO5779836,#5946670,Shopify UK,2026-06-23 01:09:29.089562+00:00,UKAB (Airbox 18),2026-06-23,UKAB (Airbox 18),WCRS1263,Energise Sensitive Deo Refill,1.0
FF5207202,SO5779854,#5946704,Shopify UK,2026-06-23 01:09:40.154930+00:00,UKAB (Airbox 18),2026-06-23,UKAB (Airbox 18),WCRS1754,Queen of Heart's Cherry Tarts Sensitive Deo Refill,1.0
FF5207235,SO5779891,#5946738,Shopify UK,2026-06-23 01:10:02.031916+00:00,Stord (US),2026-06-23,Stord,WCR1893,Watermelon Deodorant Refill,1.0
FF5207244,SO5779900,#5946750,Shopify UK,2026-06-23 01:10:05.872818+00:00,Airbox (EU),2026-06-23,Airbox,WCR1751,Summer Breeze Deodorant Refill,1.0
FF5207244,SO5779900,#5946750,Shopify UK,2026-06-23 01:10:05.872818+00:00,Airbox (EU),2026-06-23,Airbox,WCR251,Elderflower & Cucumber - initial_delivery,1.0
FF5207252,SO5779908,#5946761,Shopify UK,2026-06-23 01:10:11.508215+00:00,UKAB (Airbox 18),2026-06-23,UKAB (Airbox 18),WCRS1263,Energise Sensitive Deo Refill,1.0
FF5207261,SO5779919,#5946774,Shopify UK,2026-06-23 01:10:15.946413+00:00,UKAB (Airbox 18),2026-06-23,UKAB (Airbox 18),WCRS1754,Queen of Heart's Cherry Tarts Sensitive Deo Refill,1.0
FF5207292,SO5779949,#5946797,Shopify UK,2026-06-23 01:10:31.173227+00:00,UKAB (Airbox 18),2026-06-23,UKAB (Airbox 18),WCRS1754,Queen of Heart's Cherry Tarts Sensitive Deo Refill,2.0
FF5207327,SO5779987,#5946846,Shopify UK,2026-06-23 01:10:44.956298+00:00,UKAB (Airbox 18),2026-06-23,UKAB (Airbox 18),WCRS1896,Watermelon sens. Deodorant Refill,1.0
FF5207349,SO5780005,#5946847,Shopify UK,2026-06-23 01:10:51.700663+00:00,UKAB (Airbox 18),2026-06-23,UKAB (Airbox 18),WCRS1754,Queen of Heart's Cherry Tarts Sensitive Deo Refill,1.0
FF5207434,SO5780090,#5946919,Shopify UK,2026-06-23 01:11:21.713699+00:00,UKAB (Airbox 18),2026-06-23,UKAB (Airbox 18),WCRS1896,Watermelon sens. Deodorant Refill,1.0
FF5207434,SO5780090,#5946919,Shopify UK,2026-06-23 01:11:21.713699+00:00,UKAB (Airbox 18),2026-06-23,UKAB (Airbox 18),WCRS32,Jasmine & Mandarin Blossom - Sensitive - initial_delivery,1.0
FF5207486,SO5780142,#5946984,Shopify UK,2026-06-23 01:11:43.143399+00:00,UKAB (Airbox 18),2026-06-23,UKAB (Airbox 18),WCRS1754,Queen of Heart's Cherry Tarts Sensitive Deo Refill,1.0
FF5207490,SO5780146,#5947000,Shopify UK,2026-06-23 01:11:45.076972+00:00,UKAB (Airbox 18),2026-06-23,UKAB (Airbox 18),WCR1751,Summer Breeze Deodorant Refill,1.0
FF5207491,SO5780149,#5946985,Shopify UK,2026-06-23 01:11:45.361326+00:00,Airbox (EU),2026-06-23,Airbox,WCBWR1898,Cherry Chupa Chups Body Wash Refill,1.0
FF5207504,SO5780162,#5946999,Shopify UK,2026-06-23 01:11:50.442195+00:00,UKAB (Airbox 18),2026-06-23,UKAB (Airbox 18),WCR1923,Coconut Cream Deo Refill,1.0
FF5207563,SO5780219,#5947078,Shopify UK,2026-06-23 01:12:12.385031+00:00,UKAB (Airbox 18),2026-06-23,UKAB (Airbox 18),WCRS1754,Queen of Heart's Cherry Tarts Sensitive Deo Refill,1.0
FF5207688,SO5780344,#5947183,Shopify UK,2026-06-23 01:13:01.843498+00:00,UKAB (Airbox 18),2026-06-23,UKAB (Airbox 18),WCRS1896,Watermelon sens. Deodorant Refill,1.0
FF5207745,SO5780402,#5947250,Shopify UK,2026-06-23 01:13:23.598998+00:00,UKAB (Airbox 18),2026-06-23,UKAB (Airbox 18),WCRS1754,Queen of Heart's Cherry Tarts Sensitive Deo Refill,1.0
FF5207753,SO5780410,#5947245,Shopify UK,2026-06-23 01:13:26.735432+00:00,UKAB (Airbox 18),2026-06-23,UKAB (Airbox 18),WCR1751,Summer Breeze Deodorant Refill,1.0
FF5207753,SO5780410,#5947245,Shopify UK,2026-06-23 01:13:26.735432+00:00,UKAB (Airbox 18),2026-06-23,UKAB (Airbox 18),WCRS762,Rainforest Oasis - Sensitive Deo Refill,1.0
FF5207864,SO5780516,#5947343,Shopify UK,2026-06-23 01:14:07.852259+00:00,UKAB (Airbox 18),2026-06-23,UKAB (Airbox 18),WCRS1754,Queen of Heart's Cherry Tarts Sensitive Deo Refill,1.0
FF5207936,SO5780592,#5947406,Shopify UK,2026-06-23 01:14:36.064492+00:00,UKAB (Airbox 18),2026-06-23,UKAB (Airbox 18),WCRS1896,Watermelon sens. Deodorant Refill,1.0
FF5208037,SO5780693,#5947528,Shopify UK,2026-06-23 01:15:17.792761+00:00,UKAB (Airbox 18),2026-06-23,UKAB (Airbox 18),WCRS1896,Watermelon sens. Deodorant Refill,1.0
FF5208091,SO5780747,#5947585,Shopify UK,2026-06-23 01:15:58.537892+00:00,UKAB (Airbox 18),2026-06-23,UKAB (Airbox 18),WCRS1754,Queen of Heart's Cherry Tarts Sensitive Deo Refill,1.0
FF5208242,SO5780898,#5947614,Shopify UK,2026-06-23 01:59:41.827506+00:00,Stord (US),2026-06-23,Stord,WCRS3206,Deo Refill: Black Rose and Velvet Sens,1.0
FF5208347,SO5781002,#5947619,Shopify UK,2026-06-23 02:39:48.647583+00:00,Stord (US),2026-06-23,Stord,WCBWMIN966,Honey & Almond Body Wash Mini,1.0
FF5208347,SO5781002,#5947619,Shopify UK,2026-06-23 02:39:48.647583+00:00,Stord (US),2026-06-23,Stord,WMIN02,Coconut Dreams Mini Deodorant,1.0
FF5208397,SO5781052,#5947624,Shopify UK,2026-06-23 02:58:34.817436+00:00,Stord (US),2026-06-23,Stord,WCR3205,Deo Refill: Black Rose and Velvet,1.0
FF5208397,SO5781052,#5947624,Shopify UK,2026-06-23 02:58:34.817436+00:00,Stord (US),2026-06-23,Stord,WMIN03,Jasmine & Mandarin Blossom Mini Deodorant,1.0
FF5208610,SO5781265,AUS358123,Shopify AUS,2026-06-23 04:21:01.037802+00:00,UKAB (Airbox 18),2026-06-23,UKAB (Airbox 18),WCR2554,Deo Refill: Winter Breeze,1.0
FF5208688,SO5781343,AUS358200,Shopify AUS,2026-06-23 04:23:31.699012+00:00,Next (AU),2026-06-23,Next3PL,WCRS1104,Vanilla Cream Sens Deo Refill,1.0
FF5208736,SO5781392,2893475,Shopify EU,2026-06-23 04:26:20.778356+00:00,Airbox (EU),2026-06-23,Airbox,WCR1919,Vanilla Butterscotch Deo Refill,1.0
FF5208751,SO5781396,2893474,Shopify EU,2026-06-23 04:26:22.138369+00:00,Airbox (EU),2026-06-23,Airbox,WCR1923,Coconut Cream Deo Refill,1.0
FF5208778,SO5781433,2893487,Shopify EU,2026-06-23 04:26:32.998395+00:00,UKAB (Airbox 18),2026-06-23,UKAB (Airbox 18),WCLR1072,Watermelon Lip Balm Refill,1.0
FF5208778,SO5781433,2893487,Shopify EU,2026-06-23 04:26:32.998395+00:00,UKAB (Airbox 18),2026-06-23,UKAB (Airbox 18),WCLR1245,Lip Balm Refill: Vanilla Frost,1.0
FF5208953,SO5781609,US896899,Shopify USA,2026-06-23 04:27:30.195843+00:00,Stord (US),2026-06-23,Stord,WCRS1894,Cola sens. Deodorant Refill,1.0
FF5209007,SO5781662,2893614,Shopify EU,2026-06-23 04:27:48.514317+00:00,Airbox (EU),2026-06-23,Airbox,WCR1919,Vanilla Butterscotch Deo Refill,1.0
FF5209086,SO5781741,2893643,Shopify EU,2026-06-23 04:28:17.024367+00:00,Airbox (EU),2026-06-23,Airbox,WCR1919,Vanilla Butterscotch Deo Refill,1.0
FF5209162,SO5781817,2893688,Shopify EU,2026-06-23 04:28:42.130350+00:00,Airbox (EU),2026-06-23,Airbox,WCR1919,Vanilla Butterscotch Deo Refill,1.0
FF5209176,SO5781831,2893675,Shopify EU,2026-06-23 04:28:46.818084+00:00,Airbox (EU),2026-06-23,Airbox,WCHWR2512,Black Cherry Handwash,1.0
FF5209221,SO5781876,US897039,Shopify USA,2026-06-23 04:29:04.052715+00:00,Stord (US),2026-06-23,Stord,WCRS1894,Cola sens. Deodorant Refill,3.0
FF5209273,SO5781929,US897067,Shopify USA,2026-06-23 04:29:24.462386+00:00,Stord (US),2026-06-23,Stord,WMIN02,Coconut Dreams Mini Deodorant,1.0
FF5209300,SO5781955,US897088,Shopify USA,2026-06-23 04:29:32.659784+00:00,Stord (US),2026-06-23,Stord,WCBWR24,Fresh Cotton and Sea Salt 300ml Body Wash Refill,1.0
FF5209352,SO5782007,2893758,Shopify EU,2026-06-23 04:29:53.799669+00:00,Airbox (EU),2026-06-23,Airbox,WCR1919,Vanilla Butterscotch Deo Refill,1.0
FF5209466,SO5782121,2893805,Shopify EU,2026-06-23 04:30:36.445627+00:00,Airbox (EU),2026-06-23,Airbox,WCR1923,Coconut Cream Deo Refill,1.0
FF5209474,SO5782128,US897193,Shopify USA,2026-06-23 04:30:37.495993+00:00,Stord (US),2026-06-23,Stord,WCSGR1107,Sugar Plum Fairy Shower Gel,1.0
FF5209676,SO5782330,#5947639,Shopify UK,2026-06-23 05:01:18.161210+00:00,Stord (US),2026-06-23,Stord,WCBWMIN1963,Spa Daydreams Body Wash Mini,1.0
FF5209676,SO5782330,#5947639,Shopify UK,2026-06-23 05:01:18.161210+00:00,Stord (US),2026-06-23,Stord,WCBWR1898,Cherry Chupa Chups Body Wash Refill,1.0
FF5209728,SO5782382,#5947637,Shopify UK,2026-06-23 05:26:29.843377+00:00,Airbox (EU),2026-06-23,Airbox,WCR251,Elderflower & Cucumber - initial_delivery,1.0
FF5209811,SO5782465,#5947665,Shopify UK,2026-06-23 06:00:12.614798+00:00,Next (AU),2026-06-23,Next3PL,WCR251,Elderflower & Cucumber - initial_delivery,1.0
FF5210120,SO5782774,2894011,Shopify EU,2026-06-23 07:44:02.025019+00:00,UKAB (Airbox 18),2026-06-23,UKAB (Airbox 18),WCLR619V2,Original Lip Balm Refill V2,1.0
FF5210236,SO5782860,2894047,Shopify EU,2026-06-23 08:12:22.785349+00:00,UKAB (Airbox 18),2026-06-23,UKAB (Airbox 18),WCR1947,Caramel Latte Deo Refill,1.0
FF5210334,SO5782958,2894091,Shopify EU,2026-06-23 08:39:20.306031+00:00,Airbox (EU),2026-06-23,Airbox,WCR2554,Deo Refill: Winter Breeze,1.0
FF5210338,SO5782962,#5947792,Shopify UK,2026-06-23 08:40:35.582768+00:00,Next (AU),2026-06-23,Next3PL,WCROA3207,Roll On AP: Cotton Cloud,1.0
FF5210652,SO5783280,US897355,Shopify USA,2026-06-23 09:59:26.712172+00:00,Stord (US),2026-06-23,Stord,WCR1282,Love Potion Deo Refill,1.0
FF5210663,SO5783291,2894202,Shopify EU,2026-06-23 10:02:35.932015+00:00,UKAB (Airbox 18),2026-06-23,UKAB (Airbox 18),WCLR619V2,Original Lip Balm Refill V2,1.0
FF5210796,SO5783424,2894249,Shopify EU,2026-06-23 10:21:42.205861+00:00,Stord (US),2026-06-23,Stord,WCBWMIN1012,Santorini Sunset Body Wash Mini,1.0
FF5210796,SO5783424,2894249,Shopify EU,2026-06-23 10:21:42.205861+00:00,Stord (US),2026-06-23,Stord,WCBWMIN1963,Spa Daydreams Body Wash Mini,1.0
FF5210796,SO5783424,2894249,Shopify EU,2026-06-23 10:21:42.205861+00:00,Stord (US),2026-06-23,Stord,WCR3994EU,Deo Refill: L'Orangerie Secrete / EU ER Garden of England,2.0
FF5210796,SO5783424,2894249,Shopify EU,2026-06-23 10:21:42.205861+00:00,Stord (US),2026-06-23,Stord,WCRS3209,Deo Refill: Wild Seduction Sensitive,1.0
FF5210796,SO5783424,2894249,Shopify EU,2026-06-23 10:21:42.205861+00:00,Stord (US),2026-06-23,Stord,WSOAPH608,Amber & Oud Hand Soap,1.0
FF5211000,SO5783628,#5948049,Shopify UK,2026-06-23 10:51:30.001056+00:00,Stord (US),2026-06-23,Stord,WCLR02V2,Coconut & Vanilla Lip Balm Refill V2,1.0
FF5211069,SO5783697,2894333,Shopify EU,2026-06-23 11:07:17.423923+00:00,Airbox (EU),2026-06-23,Airbox,WCRO24,Roll On Refill: Fresh Cotton & Sea Salt,1.0
FF5211069,SO5783697,2894333,Shopify EU,2026-06-23 11:07:17.423923+00:00,Airbox (EU),2026-06-23,Airbox,WMIN2513,Mini Deo: Warm Cinnamon Bun,1.0
FF5211100,SO5783727,#5948075,Shopify UK,2026-06-23 11:10:37.465906+00:00,UKAB (Airbox 18),2026-06-23,UKAB (Airbox 18),WCROL747,Roll On Roller: Blue,1.0
FF5211168,SO5783774,#5948044,Shopify UK,2026-06-23 11:19:07.355830+00:00,Airbox (EU),2026-06-23,Airbox,WCR251,Elderflower & Cucumber - initial_delivery,1.0
FF5211187,SO5783793,#5948102,Shopify UK,2026-06-23 11:22:56.543822+00:00,Airbox (EU),2026-06-23,Airbox,WCR251,Elderflower & Cucumber - initial_delivery,1.0
FF5211208,SO5783814,2894364,Shopify EU,2026-06-23 11:27:23.027766+00:00,UKAB (Airbox 18),2026-06-23,UKAB (Airbox 18),WCLR619V2,Original Lip Balm Refill V2,1.0
FF5211216,SO5783822,#5948114,Shopify UK,2026-06-23 11:27:45.817698+00:00,UKAB (Airbox 18),2026-06-23,UKAB (Airbox 18),WCROL1905,Roll On Roller: Pink,1.0
FF5211220,SO5783826,2894367,Shopify EU,2026-06-23 11:28:28.060235+00:00,UKAB (Airbox 18),2026-06-23,UKAB (Airbox 18),WCROA3994EU,AP Roll On Refill: L'Orangerie,2.0
FF5211285,SO5783891,#5948140,Shopify UK,2026-06-23 11:42:20.105554+00:00,Airbox (EU),2026-06-23,Airbox,WCROC2556,Roll On Case: Chrome,1.0
FF5211311,SO5783917,AUS358305,Shopify AUS,2026-06-23 11:45:27.788008+00:00,UKAB (Airbox 18),2026-06-23,UKAB (Airbox 18),WCBWR3278,Body Wash Refill: Peachy Kiss,1.0
FF5211311,SO5783917,AUS358305,Shopify AUS,2026-06-23 11:45:27.788008+00:00,UKAB (Airbox 18),2026-06-23,UKAB (Airbox 18),WCR1687,Mad Hatter's Tea Party Deodorant Refill,1.0
FF5211311,SO5783917,AUS358305,Shopify AUS,2026-06-23 11:45:27.788008+00:00,UKAB (Airbox 18),2026-06-23,UKAB (Airbox 18),WCRO1969,Roll On Refill: Drumsticks,1.0
FF5211311,SO5783917,AUS358305,Shopify AUS,2026-06-23 11:45:27.788008+00:00,UKAB (Airbox 18),2026-06-23,UKAB (Airbox 18),WCRS1896,Watermelon sens. Deodorant Refill,1.0
FF5211387,SO5783993,#5948059,Shopify UK,2026-06-23 12:00:11.245869+00:00,Stord (US),2026-06-23,Stord,WCR3994,Deo Refill: ER Garden Of England,2.0
FF5211504,SO5784108,2894464,Shopify EU,2026-06-23 12:19:36.423800+00:00,UKAB (Airbox 18),2026-06-23,UKAB (Airbox 18),WCROA3994EU,AP Roll On Refill: L'Orangerie,1.0
FF5211517,SO5784121,#5948224,Shopify UK,2026-06-23 12:20:59.021106+00:00,Airbox (EU),2026-06-23,Airbox,WCR1892,Strawberries & Cream (Chupa Chups) Deodorant Refill,1.0
FF5211534,SO5784138,2894478,Shopify EU,2026-06-23 12:23:53.905317+00:00,UKAB (Airbox 18),2026-06-23,UKAB (Airbox 18),WCLR619V2,Original Lip Balm Refill V2,1.0
FF5211729,SO5784334,#5948270,Shopify UK,2026-06-23 12:53:16.606411+00:00,Stord (US),2026-06-23,Stord,WCR3994,Deo Refill: ER Garden Of England,2.0
FF5211789,SO5784393,2894568,Shopify EU,2026-06-23 13:00:52.287097+00:00,Stord (US),2026-06-23,Stord,WCR3994EU,Deo Refill: L'Orangerie Secrete / EU ER Garden of England,1.0
FF5211801,SO5784405,2894578,Shopify EU,2026-06-23 13:02:38.351395+00:00,UKAB (Airbox 18),2026-06-23,UKAB (Airbox 18),WCR3994EU,Deo Refill: L'Orangerie Secrete / EU ER Garden of England,1.0
FF5212114,SO5784718,2894667,Shopify EU,2026-06-23 13:55:23.198024+00:00,Stord (US),2026-06-23,Stord,WCBWMIN1283,Juicy Mango Body Wash Mini,1.0
FF5212114,SO5784718,2894667,Shopify EU,2026-06-23 13:55:23.198024+00:00,Stord (US),2026-06-23,Stord,WCR3994EU,Deo Refill: L'Orangerie Secrete / EU ER Garden of England,1.0
FF5212145,SO5784749,#5948381,Shopify UK,2026-06-23 14:00:14.201220+00:00,Stord (US),2026-06-23,Stord,WCRS3209,Deo Refill: Wild Seduction Sensitive,1.0
FF5212189,SO5784793,2894699,Shopify EU,2026-06-23 14:09:59.349839+00:00,UKAB (Airbox 18),2026-06-23,UKAB (Airbox 18),WCLR619V2,Original Lip Balm Refill V2,1.0
FF5212218,SO5784821,#5948403,Shopify UK,2026-06-23 14:12:31.792326+00:00,Stord (US),2026-06-23,Stord,WCBWMIN1012,Santorini Sunset Body Wash Mini,1.0
FF5212218,SO5784821,#5948403,Shopify UK,2026-06-23 14:12:31.792326+00:00,Stord (US),2026-06-23,Stord,WCBWMIN1963,Spa Daydreams Body Wash Mini,1.0
FF5212218,SO5784821,#5948403,Shopify UK,2026-06-23 14:12:31.792326+00:00,Stord (US),2026-06-23,Stord,WCLR02V2,Coconut & Vanilla Lip Balm Refill V2,1.0
FF5212218,SO5784821,#5948403,Shopify UK,2026-06-23 14:12:31.792326+00:00,Stord (US),2026-06-23,Stord,WCLR1071,Passionfruit Swirl Lip Balm Refill,1.0
FF5212218,SO5784821,#5948403,Shopify UK,2026-06-23 14:12:31.792326+00:00,Stord (US),2026-06-23,Stord,WCLR966V2,Honey Lip Balm Refill V2,1.0
FF5212218,SO5784821,#5948403,Shopify UK,2026-06-23 14:12:31.792326+00:00,Stord (US),2026-06-23,Stord,WMIN02,Coconut Dreams Mini Deodorant,1.0
FF5212266,SO5784867,2894725,Shopify EU,2026-06-23 14:20:59.728237+00:00,Airbox (EU),2026-06-23,Airbox,WCROC3333,Roll On Case: Miffy,1.0
FF5212427,SO5785015,2894757,Shopify EU,2026-06-23 14:41:50.506181+00:00,Airbox (EU),2026-06-23,Airbox,WCLC866,Sage Lip Balm Case,1.0
FF5212427,SO5785015,2894757,Shopify EU,2026-06-23 14:41:50.506181+00:00,Airbox (EU),2026-06-23,Airbox,WCR2554,Deo Refill: Winter Breeze,1.0
FF5212492,SO5785084,2894654,Shopify EU,2026-06-23 14:50:14.429057+00:00,Stord (US),2026-06-23,Stord,WCR3994EU,Deo Refill: L'Orangerie Secrete / EU ER Garden of England,1.0
FF5212636,SO5785228,#5948511,Shopify UK,2026-06-23 15:12:29.261084+00:00,Airbox (EU),2026-06-23,Airbox,WCR251,Elderflower & Cucumber - initial_delivery,1.0
FF5212658,SO5785250,2894816,Shopify EU,2026-06-23 15:17:18.036903+00:00,UKAB (Airbox 18),2026-06-23,UKAB (Airbox 18),WCLR619V2,Original Lip Balm Refill V2,1.0
FF5212658,SO5785250,2894816,Shopify EU,2026-06-23 15:17:18.036903+00:00,UKAB (Airbox 18),2026-06-23,UKAB (Airbox 18),WCR3994EU,Deo Refill: L'Orangerie Secrete / EU ER Garden of England,1.0
FF5212719,SO5785311,#5948528,Shopify UK,2026-06-23 15:27:08.365363+00:00,Stord (US),2026-06-23,Stord,WCLC747V2,Lip Balm Case: Bee,1.0
FF5212719,SO5785311,#5948528,Shopify UK,2026-06-23 15:27:08.365363+00:00,Stord (US),2026-06-23,Stord,WCLR966V2,Honey Lip Balm Refill V2,1.0
FF5212828,SO5785420,#5948557,Shopify UK,2026-06-23 15:41:43.165203+00:00,Airbox (EU),2026-06-23,Airbox,WCROC3130,Roll On Case: Leopard,1.0
FF5212844,SO5785437,2894878,Shopify EU,2026-06-23 15:44:31.935751+00:00,UKAB (Airbox 18),2026-06-23,UKAB (Airbox 18),WCR3994EU,Deo Refill: L'Orangerie Secrete / EU ER Garden of England,2.0
FF5213003,SO5785594,#5948587,Shopify UK,2026-06-23 16:02:38.178845+00:00,Stord (US),2026-06-23,Stord,WCRS3206,Deo Refill: Black Rose and Velvet Sens,1.0
FF5213011,SO5785602,2894901,Shopify EU,2026-06-23 16:04:35.084282+00:00,UKAB (Airbox 18),2026-06-23,UKAB (Airbox 18),WCR3994EU,Deo Refill: L'Orangerie Secrete / EU ER Garden of England,1.0
FF5213062,SO5785652,2894913,Shopify EU,2026-06-23 16:11:51.529609+00:00,Airbox (EU),2026-06-23,Airbox,WBU6453,Miffy Deo & Lip Bundle,1.0
FF5213062,SO5785652,2894913,Shopify EU,2026-06-23 16:11:51.529609+00:00,Airbox (EU),2026-06-23,Airbox,WCLC866,Sage Lip Balm Case,1.0
FF5213139,SO5785729,2894927,Shopify EU,2026-06-23 16:21:03.685682+00:00,Airbox (EU),2026-06-23,Airbox,WCROC3333,Roll On Case: Miffy,1.0
FF5213144,SO5785734,2894928,Shopify EU,2026-06-23 16:21:28.161697+00:00,Airbox (EU),2026-06-23,Airbox,WBU6453,Miffy Deo & Lip Bundle,1.0
FF5213144,SO5785734,2894928,Shopify EU,2026-06-23 16:21:28.161697+00:00,Airbox (EU),2026-06-23,Airbox,WCLC866,Sage Lip Balm Case,1.0
FF5213197,SO5785787,#5948657,Shopify UK,2026-06-23 16:24:44.874202+00:00,UKAB (Airbox 18),2026-06-23,UKAB (Airbox 18),WCR03,Jasmine & Mandarin Blossom - initial_delivery,1.0
FF5213322,SO5785910,#5948709,Shopify UK,2026-06-23 16:38:39.236469+00:00,Stord (US),2026-06-23,Stord,WCC2112,Forest Green Deo Case,1.0
FF5213322,SO5785910,#5948709,Shopify UK,2026-06-23 16:38:39.236469+00:00,Stord (US),2026-06-23,Stord,WCR3205,Deo Refill: Black Rose and Velvet,3.0
FF5213322,SO5785910,#5948709,Shopify UK,2026-06-23 16:38:39.236469+00:00,Stord (US),2026-06-23,Stord,WCR3994,Deo Refill: ER Garden Of England,3.0
FF5213474,SO5786061,2894995,Shopify EU,2026-06-23 17:01:54.316196+00:00,UKAB (Airbox 18),2026-06-23,UKAB (Airbox 18),WCR3994EU,Deo Refill: L'Orangerie Secrete / EU ER Garden of England,1.0
FF5213542,SO5786126,2895013,Shopify EU,2026-06-23 17:08:06.023818+00:00,Airbox (EU),2026-06-23,Airbox,WCLC866,Sage Lip Balm Case,1.0
FF5213566,SO5786150,2895019,Shopify EU,2026-06-23 17:11:15.760705+00:00,Airbox (EU),2026-06-23,Airbox,WCLC866,Sage Lip Balm Case,1.0
FF5213643,SO5786226,2895042,Shopify EU,2026-06-23 17:22:57.083786+00:00,Airbox (EU),2026-06-23,Airbox,WCLC866,Sage Lip Balm Case,1.0
FF5213651,SO5786234,2895044,Shopify EU,2026-06-23 17:23:54.539256+00:00,UKAB (Airbox 18),2026-06-23,UKAB (Airbox 18),WCLR1245,Lip Balm Refill: Vanilla Frost,1.0
FF5213651,SO5786234,2895044,Shopify EU,2026-06-23 17:23:54.539256+00:00,UKAB (Airbox 18),2026-06-23,UKAB (Airbox 18),WCLR619V2,Original Lip Balm Refill V2,1.0
FF5213833,SO5786417,#5948726,Shopify UK,2026-06-23 17:50:08.570422+00:00,Airbox (EU),2026-06-23,Airbox,WCROC3130,Roll On Case: Leopard,1.0
FF5213856,SO5786440,#5948830,Shopify UK,2026-06-23 17:54:31.442520+00:00,Airbox (EU),2026-06-23,Airbox,WCROC2756,Roll On Case: Forest Green,1.0
FF5213941,SO5786524,2895110,Shopify EU,2026-06-23 18:09:36.092243+00:00,UKAB (Airbox 18),2026-06-23,UKAB (Airbox 18),WCR3994EU,Deo Refill: L'Orangerie Secrete / EU ER Garden of England,1.0
FF5214086,SO5786679,#5948876,Shopify UK,2026-06-23 18:28:02.113581+00:00,Stord (US),2026-06-23,Stord,WCC2332,Deo Case: Pastel Blue,1.0
FF5214106,SO5786689,#5948845,Shopify UK,2026-06-23 18:30:04.147816+00:00,Airbox (EU),2026-06-23,Airbox,WCC2103,Strawberry Deo Case,1.0
FF5214280,SO5786862,2895137,Shopify EU,2026-06-23 18:53:19.383206+00:00,UKAB (Airbox 18),2026-06-23,UKAB (Airbox 18),WCBWR3994EU,Body Wash EU ER Garden Of England,1.0
FF5214280,SO5786862,2895137,Shopify EU,2026-06-23 18:53:19.383206+00:00,UKAB (Airbox 18),2026-06-23,UKAB (Airbox 18),WCR3994EU,Deo Refill: L'Orangerie Secrete / EU ER Garden of England,6.0
FF5214365,SO5786947,2895210,Shopify EU,2026-06-23 19:05:01.249962+00:00,UKAB (Airbox 18),2026-06-23,UKAB (Airbox 18),WCROA3994EU,AP Roll On Refill: L'Orangerie,2.0
FF5214381,SO5786963,#5948934,Shopify UK,2026-06-23 19:24:11.924508+00:00,Stord (US),2026-06-23,Stord,WCRS3206,Deo Refill: Black Rose and Velvet Sens,1.0
FF5214381,SO5786963,#5948934,Shopify UK,2026-06-23 19:24:11.924508+00:00,Stord (US),2026-06-23,Stord,WCRS3209,Deo Refill: Wild Seduction Sensitive,1.0
FF5214389,SO5786971,#5948897,Shopify UK,2026-06-23 19:24:39.796379+00:00,Airbox (EU),2026-06-23,Airbox,WCC2556,Deo Case: Chrome ,1.0
FF5214466,SO5787044,#5948944,Shopify UK,2026-06-23 19:27:03.945088+00:00,UKAB (Airbox 18),2026-06-23,UKAB (Airbox 18),WCROL1905,Roll On Roller: Pink,1.0
FF5214566,SO5787145,2895268,Shopify EU,2026-06-23 19:33:00.554829+00:00,Stord (US),2026-06-23,Stord,WCR3994EU,Deo Refill: L'Orangerie Secrete / EU ER Garden of England,1.0
FF5214571,SO5787150,#5948973,Shopify UK,2026-06-23 19:35:02.718671+00:00,Airbox (EU),2026-06-23,Airbox,WCROC2556,Roll On Case: Chrome,1.0
FF5214571,SO5787150,#5948973,Shopify UK,2026-06-23 19:35:02.718671+00:00,Airbox (EU),2026-06-23,Airbox,WCROC3130,Roll On Case: Leopard,1.0
FF5214610,SO5787188,2895279,Shopify EU,2026-06-23 19:38:54.138209+00:00,Stord (US),2026-06-23,Stord,WCR3994EU,Deo Refill: L'Orangerie Secrete / EU ER Garden of England,2.0
FF5214618,SO5787197,2895281,Shopify EU,2026-06-23 19:39:42.790774+00:00,UKAB (Airbox 18),2026-06-23,UKAB (Airbox 18),WCR3994EU,Deo Refill: L'Orangerie Secrete / EU ER Garden of England,1.0
FF5214672,SO5787251,2895292,Shopify EU,2026-06-23 19:45:24.349157+00:00,UKAB (Airbox 18),2026-06-23,UKAB (Airbox 18),WCBWR3994EU,Body Wash EU ER Garden Of England,1.0
FF5214672,SO5787251,2895292,Shopify EU,2026-06-23 19:45:24.349157+00:00,UKAB (Airbox 18),2026-06-23,UKAB (Airbox 18),WCLR619V2,Original Lip Balm Refill V2,1.0
FF5214672,SO5787251,2895292,Shopify EU,2026-06-23 19:45:24.349157+00:00,UKAB (Airbox 18),2026-06-23,UKAB (Airbox 18),WCR3994EU,Deo Refill: L'Orangerie Secrete / EU ER Garden of England,1.0
FF5214712,SO5787291,2895306,Shopify EU,2026-06-23 19:49:39.631253+00:00,UKAB (Airbox 18),2026-06-23,UKAB (Airbox 18),WCBWR3994EU,Body Wash EU ER Garden Of England,2.0
FF5214736,SO5787315,#5948957,Shopify UK,2026-06-23 19:53:54.071143+00:00,Stord (US),2026-06-23,Stord,WCC2332,Deo Case: Pastel Blue,1.0
FF5214967,SO5787545,2895375,Shopify EU,2026-06-23 20:19:31.269958+00:00,Airbox (EU),2026-06-23,Airbox,WCR1919,Vanilla Butterscotch Deo Refill,1.0
FF5214981,SO5787559,#5949054,Shopify UK,2026-06-23 20:20:37.541727+00:00,Stord (US),2026-06-23,Stord,WCBWMIN24,Fresh Cotton and Sea Salt Body Wash Mini,1.0
FF5214981,SO5787559,#5949054,Shopify UK,2026-06-23 20:20:37.541727+00:00,Stord (US),2026-06-23,Stord,WCC1989,Sunflower Deo Case,1.0
FF5215071,SO5787649,AUS358348,Shopify AUS,2026-06-23 20:30:51.296594+00:00,UKAB (Airbox 18),2026-06-23,UKAB (Airbox 18),WCHWR1967,Refresher Handwash Refill,2.0
FF5215198,SO5787776,2895413,Shopify EU,2026-06-23 20:42:19.456207+00:00,UKAB (Airbox 18),2026-06-23,UKAB (Airbox 18),WCR3994EU,Deo Refill: L'Orangerie Secrete / EU ER Garden of England,1.0
FF5215313,SO5787890,#5949065,Shopify UK,2026-06-23 20:57:36.589742+00:00,Stord (US),2026-06-23,Stord,WCC2112,Forest Green Deo Case,1.0
FF5215313,SO5787890,#5949065,Shopify UK,2026-06-23 20:57:36.589742+00:00,Stord (US),2026-06-23,Stord,WCR3205,Deo Refill: Black Rose and Velvet,1.0
FF5215363,SO5787940,#5949078,Shopify UK,2026-06-23 21:04:12.433125+00:00,Stord (US),2026-06-23,Stord,WCR3994,Deo Refill: ER Garden Of England,1.0
FF5215777,SO5788351,2895514,Shopify EU,2026-06-23 21:56:59.820785+00:00,Airbox (EU),2026-06-23,Airbox,WCR2554,Deo Refill: Winter Breeze,1.0
FF5215969,SO5788543,2895541,Shopify EU,2026-06-23 22:28:02.395553+00:00,Airbox (EU),2026-06-23,Airbox,WCR2554,Deo Refill: Winter Breeze,1.0
FF5215981,SO5788555,US898121,Shopify USA,2026-06-23 22:30:06.216688+00:00,UKAB (Airbox 18),2026-06-23,UKAB (Airbox 18),WCC59,Pink Deodorant Case,1.0
FF5216731,SO5789304,#5949252,Shopify UK,2026-06-24 00:42:06.942511+00:00,Stord (US),2026-06-24,Stord,WCLRSPF02V2,Coconut & Vanilla SPF Lip Balm Refill V2,2.0
FF5216731,SO5789304,#5949252,Shopify UK,2026-06-24 00:42:06.942511+00:00,Stord (US),2026-06-24,Stord,WCR3205,Deo Refill: Black Rose and Velvet,1.0
FF5216735,SO5789308,#5949264,Shopify UK,2026-06-24 00:43:16.156257+00:00,Stord (US),2026-06-24,Stord,WCR3205,Deo Refill: Black Rose and Velvet,1.0
FF5216848,SO5789421,#5949270,Shopify UK,2026-06-24 01:08:31.885633+00:00,UKAB (Airbox 18),2026-06-24,UKAB (Airbox 18),WCRS1754,Queen of Heart's Cherry Tarts Sensitive Deo Refill,2.0
FF5216902,SO5789475,#5949326,Shopify UK,2026-06-24 01:08:55.637648+00:00,Airbox (EU),2026-06-24,Airbox,WCRS1264,Calm Sensitive Deo Refill,1.0
FF5216902,SO5789475,#5949326,Shopify UK,2026-06-24 01:08:55.637648+00:00,Airbox (EU),2026-06-24,Airbox,WCRS712,Spiced O&PSEN,1.0
FF5216902,SO5789475,#5949326,Shopify UK,2026-06-24 01:08:55.637648+00:00,Airbox (EU),2026-06-24,Airbox,WCRS962,Linen and Lilac Sensitive - initial_delivery,1.0
FF5216982,SO5789555,#5949412,Shopify UK,2026-06-24 01:09:29.421818+00:00,UKAB (Airbox 18),2026-06-24,UKAB (Airbox 18),WCRS1754,Queen of Heart's Cherry Tarts Sensitive Deo Refill,1.0
FF5217012,SO5789585,#5949440,Shopify UK,2026-06-24 01:09:40.974882+00:00,Stord (US),2026-06-24,Stord,WCRS3206,Deo Refill: Black Rose and Velvet Sens,1.0
FF5217119,SO5789689,#5949545,Shopify UK,2026-06-24 01:10:17.352081+00:00,Stord (US),2026-06-24,Stord,WCBWR1963,Spa Daydreams Body Wash Refill 300ml,2.0
FF5217138,SO5789711,#5949564,Shopify UK,2026-06-24 01:10:26.813069+00:00,UKAB (Airbox 18),2026-06-24,UKAB (Airbox 18),WCR1751,Summer Breeze Deodorant Refill,1.0
FF5217212,SO5789785,#5949624,Shopify UK,2026-06-24 01:10:53.719420+00:00,UKAB (Airbox 18),2026-06-24,UKAB (Airbox 18),WCRS1896,Watermelon sens. Deodorant Refill,1.0
FF5217292,SO5789866,#5949707,Shopify UK,2026-06-24 01:11:26.961504+00:00,UKAB (Airbox 18),2026-06-24,UKAB (Airbox 18),WCRS1896,Watermelon sens. Deodorant Refill,2.0
FF5217423,SO5789996,#5949860,Shopify UK,2026-06-24 01:12:11.741284+00:00,UKAB (Airbox 18),2026-06-24,UKAB (Airbox 18),WCRS1754,Queen of Heart's Cherry Tarts Sensitive Deo Refill,1.0
FF5217434,SO5790007,#5949887,Shopify UK,2026-06-24 01:12:16.868656+00:00,Stord (US),2026-06-24,Stord,WCR3205,Deo Refill: Black Rose and Velvet,1.0
FF5217435,SO5790009,#5949846,Shopify UK,2026-06-24 01:12:17.222602+00:00,UKAB (Airbox 18),2026-06-24,UKAB (Airbox 18),WCRS1896,Watermelon sens. Deodorant Refill,1.0
FF5217439,SO5790012,#5949867,Shopify UK,2026-06-24 01:12:18.636704+00:00,Stord (US),2026-06-24,Stord,WCLR1071,Passionfruit Swirl Lip Balm Refill,1.0
FF5217439,SO5790012,#5949867,Shopify UK,2026-06-24 01:12:18.636704+00:00,Stord (US),2026-06-24,Stord,WCLR966V2,Honey Lip Balm Refill V2,1.0
FF5217448,SO5790023,#5949884,Shopify UK,2026-06-24 01:12:20.394206+00:00,UKAB (Airbox 18),2026-06-24,UKAB (Airbox 18),WCR3205,Deo Refill: Black Rose and Velvet,1.0
FF5217457,SO5790032,#5949889,Shopify UK,2026-06-24 01:12:24.339313+00:00,Airbox (EU),2026-06-24,Airbox,WCLR1971,Love Heart Swizzles Lip Balm Refill,3.0
FF5217502,SO5790075,#5949920,Shopify UK,2026-06-24 01:12:38.920244+00:00,UKAB (Airbox 18),2026-06-24,UKAB (Airbox 18),WCR3205,Deo Refill: Black Rose and Velvet,1.0
FF5217529,SO5790102,#5949930,Shopify UK,2026-06-24 01:12:49.080266+00:00,UKAB (Airbox 18),2026-06-24,UKAB (Airbox 18),WCR3205,Deo Refill: Black Rose and Velvet,1.0
FF5217552,SO5790125,#5949981,Shopify UK,2026-06-24 01:12:57.044944+00:00,UKAB (Airbox 18),2026-06-24,UKAB (Airbox 18),WCR3205,Deo Refill: Black Rose and Velvet,1.0
FF5217570,SO5790142,#5949999,Shopify UK,2026-06-24 01:13:03.557797+00:00,UKAB (Airbox 18),2026-06-24,UKAB (Airbox 18),WCR3205,Deo Refill: Black Rose and Velvet,1.0
FF5217586,SO5790158,#5950020,Shopify UK,2026-06-24 01:13:10.026885+00:00,UKAB (Airbox 18),2026-06-24,UKAB (Airbox 18),WCR3205,Deo Refill: Black Rose and Velvet,1.0
FF5217596,SO5790170,#5950017,Shopify UK,2026-06-24 01:13:14.091080+00:00,UKAB (Airbox 18),2026-06-24,UKAB (Airbox 18),WCRS1016,Peach Iced Tea Sensitive Deo Refill,1.0
FF5217626,SO5790202,#5950055,Shopify UK,2026-06-24 01:13:26.143117+00:00,UKAB (Airbox 18),2026-06-24,UKAB (Airbox 18),WCR3205,Deo Refill: Black Rose and Velvet,1.0
FF5217632,SO5790206,#5950043,Shopify UK,2026-06-24 01:13:27.476500+00:00,UKAB (Airbox 18),2026-06-24,UKAB (Airbox 18),WCR3205,Deo Refill: Black Rose and Velvet,1.0
FF5217639,SO5790212,#5950051,Shopify UK,2026-06-24 01:13:29.419458+00:00,UKAB (Airbox 18),2026-06-24,UKAB (Airbox 18),WCRS1754,Queen of Heart's Cherry Tarts Sensitive Deo Refill,1.0
FF5217688,SO5790260,#5950095,Shopify UK,2026-06-24 01:13:49.069190+00:00,UKAB (Airbox 18),2026-06-24,UKAB (Airbox 18),WCR3205,Deo Refill: Black Rose and Velvet,1.0
FF5217698,SO5790271,#5950126,Shopify UK,2026-06-24 01:13:54.014976+00:00,UKAB (Airbox 18),2026-06-24,UKAB (Airbox 18),WCR3205,Deo Refill: Black Rose and Velvet,1.0
FF5217709,SO5790283,#5950131,Shopify UK,2026-06-24 01:13:59.636463+00:00,UKAB (Airbox 18),2026-06-24,UKAB (Airbox 18),WCR3205,Deo Refill: Black Rose and Velvet,1.0
FF5217734,SO5790306,#5950148,Shopify UK,2026-06-24 01:14:09.506043+00:00,UKAB (Airbox 18),2026-06-24,UKAB (Airbox 18),WCRS1896,Watermelon sens. Deodorant Refill,1.0
FF5217735,SO5790304,#5950129,Shopify UK,2026-06-24 01:14:08.868848+00:00,Stord (US),2026-06-24,Stord,WCR1893,Watermelon Deodorant Refill,1.0
FF5217741,SO5790314,#5950154,Shopify UK,2026-06-24 01:14:12.416972+00:00,UKAB (Airbox 18),2026-06-24,UKAB (Airbox 18),WCR3205,Deo Refill: Black Rose and Velvet,1.0
FF5217752,SO5790325,#5950169,Shopify UK,2026-06-24 01:14:15.883315+00:00,UKAB (Airbox 18),2026-06-24,UKAB (Airbox 18),WCRS1896,Watermelon sens. Deodorant Refill,1.0
FF5217752,SO5790325,#5950169,Shopify UK,2026-06-24 01:14:15.883315+00:00,UKAB (Airbox 18),2026-06-24,UKAB (Airbox 18),WCRS1970,Drumsticks Sensitive Deo Refill,1.0
FF5217785,SO5790354,#5950205,Shopify UK,2026-06-24 01:14:30.418393+00:00,UKAB (Airbox 18),2026-06-24,UKAB (Airbox 18),WCR3205,Deo Refill: Black Rose and Velvet,1.0
FF5217816,SO5790389,#5950236,Shopify UK,2026-06-24 01:14:46.683998+00:00,UKAB (Airbox 18),2026-06-24,UKAB (Airbox 18),WCR3205,Deo Refill: Black Rose and Velvet,1.0
FF5217820,SO5790393,#5950235,Shopify UK,2026-06-24 01:14:47.556254+00:00,UKAB (Airbox 18),2026-06-24,UKAB (Airbox 18),WCRS1754,Queen of Heart's Cherry Tarts Sensitive Deo Refill,1.0
FF5217834,SO5790407,#5950255,Shopify UK,2026-06-24 01:15:02.952032+00:00,Stord (US),2026-06-24,Stord,WCR1689,Sunkissed Deodorant Refill,1.0
FF5217834,SO5790407,#5950255,Shopify UK,2026-06-24 01:15:02.952032+00:00,Stord (US),2026-06-24,Stord,WCR3205,Deo Refill: Black Rose and Velvet,1.0
FF5217843,SO5790415,#5950262,Shopify UK,2026-06-24 01:15:08.830921+00:00,UKAB (Airbox 18),2026-06-24,UKAB (Airbox 18),WCR3205,Deo Refill: Black Rose and Velvet,1.0
FF5217859,SO5790431,#5950272,Shopify UK,2026-06-24 01:15:19.022776+00:00,UKAB (Airbox 18),2026-06-24,UKAB (Airbox 18),WCR3205,Deo Refill: Black Rose and Velvet,1.0
FF5217890,SO5790463,#5950282,Shopify UK,2026-06-24 01:20:35.721943+00:00,Next (AU),2026-06-24,Next3PL,WCROA3994,AP Roll On Refill: ER Garden of England,1.0
FF5218046,SO5790619,#5950287,Shopify UK,2026-06-24 01:53:03.780740+00:00,Next (AU),2026-06-24,Next3PL,WCR3994,Deo Refill: ER Garden Of England,1.0
FF5218046,SO5790619,#5950287,Shopify UK,2026-06-24 01:53:03.780740+00:00,Next (AU),2026-06-24,Next3PL,WMIN549,Cherry Blossom Mini,1.0
FF5218111,SO5790684,US898423,Shopify USA,2026-06-24 02:12:51.727285+00:00,Stord (US),2026-06-24,Stord,WSOAPH608,Amber & Oud Hand Soap,1.0
FF5218432,SO5791005,#5950296,Shopify UK,2026-06-24 03:52:23.026130+00:00,Stord (US),2026-06-24,Stord,WCLR1071,Passionfruit Swirl Lip Balm Refill,1.0
FF5218432,SO5791005,#5950296,Shopify UK,2026-06-24 03:52:23.026130+00:00,Stord (US),2026-06-24,Stord,WCLR1113,Plum & FP Lip Balm Refill,1.0
FF5218432,SO5791005,#5950296,Shopify UK,2026-06-24 03:52:23.026130+00:00,Stord (US),2026-06-24,Stord,WCLR1816,Orange Marmalade Lip Balm Refill,1.0
FF5218432,SO5791005,#5950296,Shopify UK,2026-06-24 03:52:23.026130+00:00,Stord (US),2026-06-24,Stord,WCLRSPF620V2,Peach & Mango SPF Lip Balm Refill V2,1.0
FF5218432,SO5791005,#5950296,Shopify UK,2026-06-24 03:52:23.026130+00:00,Stord (US),2026-06-24,Stord,WCR3994,Deo Refill: ER Garden Of England,1.0
FF5218432,SO5791005,#5950296,Shopify UK,2026-06-24 03:52:23.026130+00:00,Stord (US),2026-06-24,Stord,WMIN01,Orange & Neroli Mini Deodorant,1.0
FF5218556,SO5791129,AUS358467,Shopify AUS,2026-06-24 04:25:20.247254+00:00,UKAB (Airbox 18),2026-06-24,UKAB (Airbox 18),WCR2554,Deo Refill: Winter Breeze,1.0
FF5218580,SO5791152,AUS358492,Shopify AUS,2026-06-24 04:26:18.914989+00:00,UKAB (Airbox 18),2026-06-24,UKAB (Airbox 18),WCHWR1967,Refresher Handwash Refill,1.0
FF5218644,SO5791218,AUS358548,Shopify AUS,2026-06-24 04:27:18.860242+00:00,UKAB (Airbox 18),2026-06-24,UKAB (Airbox 18),WCSGR1281,Energise BW Refill,1.0
FF5218665,SO5791238,AUS358593,Shopify AUS,2026-06-24 04:27:28.933546+00:00,UKAB (Airbox 18),2026-06-24,UKAB (Airbox 18),WCHWR1967,Refresher Handwash Refill,1.0
FF5218815,SO5791391,2895643,Shopify EU,2026-06-24 04:28:40.580396+00:00,Stord (US),2026-06-24,Stord,WCLR1071,Passionfruit Swirl Lip Balm Refill,1.0
FF5218815,SO5791391,2895643,Shopify EU,2026-06-24 04:28:40.580396+00:00,Stord (US),2026-06-24,Stord,WCLRSPF02V2,Coconut & Vanilla SPF Lip Balm Refill V2,2.0
FF5218815,SO5791391,2895643,Shopify EU,2026-06-24 04:28:40.580396+00:00,Stord (US),2026-06-24,Stord,WCRS1117,Arctic Ice Q Sens Deo Refill,1.0
FF5218987,SO5791560,2895775,Shopify EU,2026-06-24 04:29:34.295255+00:00,Airbox (EU),2026-06-24,Airbox,WCSGR1107,Sugar Plum Fairy Shower Gel,1.0
FF5219117,SO5791690,2895833,Shopify EU,2026-06-24 04:30:19.619367+00:00,UKAB (Airbox 18),2026-06-24,UKAB (Airbox 18),WCR3205,Deo Refill: Black Rose and Velvet,1.0
FF5219154,SO5791727,US898686,Shopify USA,2026-06-24 04:30:32.510658+00:00,Stord (US),2026-06-24,Stord,WCBWR3207,Body Wash Refill: Cotton Cloud,1.0
FF5219262,SO5791836,2895903,Shopify EU,2026-06-24 04:31:13.504620+00:00,Airbox (EU),2026-06-24,Airbox,WCR1919,Vanilla Butterscotch Deo Refill,1.0
FF5219316,SO5791891,2895917,Shopify EU,2026-06-24 04:31:31.961170+00:00,Airbox (EU),2026-06-24,Airbox,WCR1919,Vanilla Butterscotch Deo Refill,1.0
FF5219353,SO5791927,2895949,Shopify EU,2026-06-24 04:31:43.465532+00:00,Airbox (EU),2026-06-24,Airbox,WCR1919,Vanilla Butterscotch Deo Refill,1.0
FF5219365,SO5791938,US898788,Shopify USA,2026-06-24 04:31:48.922584+00:00,Stord (US),2026-06-24,Stord,WCRS1894,Cola sens. Deodorant Refill,1.0
FF5219403,SO5791975,US898820,Shopify USA,2026-06-24 04:32:02.970976+00:00,Stord (US),2026-06-24,Stord,WCR2554,Deo Refill: Winter Breeze,1.0
FF5219553,SO5792126,US898895,Shopify USA,2026-06-24 04:32:54.713011+00:00,Stord (US),2026-06-24,Stord,WCR2554,Deo Refill: Winter Breeze,1.0
FF5219557,SO5792130,US898913,Shopify USA,2026-06-24 04:32:57.196910+00:00,Stord (US),2026-06-24,Stord,WCR2554,Deo Refill: Winter Breeze,1.0
FF5219612,SO5792185,2896060,Shopify EU,2026-06-24 04:33:18.627900+00:00,Airbox (EU),2026-06-24,Airbox,WCHWR1751,Summer Breeze Hand Wash Refill,3.0
FF5219663,SO5792236,US898969,Shopify USA,2026-06-24 04:33:43.085105+00:00,Stord (US),2026-06-24,Stord,WCBWR24,Fresh Cotton and Sea Salt 300ml Body Wash Refill,2.0
FF5219673,SO5792243,US898978,Shopify USA,2026-06-24 04:33:49.511849+00:00,Stord (US),2026-06-24,Stord,WCRS1894,Cola sens. Deodorant Refill,1.0
FF5219798,SO5792372,US899103,Shopify USA,2026-06-24 04:34:41.169102+00:00,Stord (US),2026-06-24,Stord,WCRS1894,Cola sens. Deodorant Refill,1.0
FF5219845,SO5792418,#5950301,Shopify UK,2026-06-24 04:35:22.768329+00:00,UKAB (Airbox 18),2026-06-24,UKAB (Airbox 18),WCROL747,Roll On Roller: Blue,1.0
FF5220052,SO5792625,2896121,Shopify EU,2026-06-24 05:43:52.909545+00:00,UKAB (Airbox 18),2026-06-24,UKAB (Airbox 18),WCROA3994EU,AP Roll On Refill: L'Orangerie,2.0
FF5220248,SO5792821,#5950365,Shopify UK,2026-06-24 06:40:26.711393+00:00,UKAB (Airbox 18),2026-06-24,UKAB (Airbox 18),WCROL747,Roll On Roller: Blue,1.0
FF5220544,SO5793117,2896268,Shopify EU,2026-06-24 07:43:19.014343+00:00,UKAB (Airbox 18),2026-06-24,UKAB (Airbox 18),WCROA3994EU,AP Roll On Refill: L'Orangerie,1.0
FF5220558,SO5793131,2896221,Shopify EU,2026-06-24 07:46:22.157080+00:00,UKAB (Airbox 18),2026-06-24,UKAB (Airbox 18),WCROA3994EU,AP Roll On Refill: L'Orangerie,1.0
FF5220570,SO5793143,#5950410,Shopify UK,2026-06-24 07:49:24.170847+00:00,Airbox (EU),2026-06-24,Airbox,WCC2103,Strawberry Deo Case,1.0
FF5220645,SO5793217,2896299,Shopify EU,2026-06-24 08:06:37.693144+00:00,UKAB (Airbox 18),2026-06-24,UKAB (Airbox 18),WCLR619V2,Original Lip Balm Refill V2,3.0
FF5220647,SO5793219,#5950445,Shopify UK,2026-06-24 08:06:44.333270+00:00,UKAB (Airbox 18),2026-06-24,UKAB (Airbox 18),WCR3205,Deo Refill: Black Rose and Velvet,1.0
FF5220825,SO5793398,2896364,Shopify EU,2026-06-24 08:45:15.812633+00:00,Airbox (EU),2026-06-24,Airbox,WCLC866,Sage Lip Balm Case,1.0
FF5220827,SO5793400,2896360,Shopify EU,2026-06-24 08:45:51.578841+00:00,UKAB (Airbox 18),2026-06-24,UKAB (Airbox 18),WCROA3994EU,AP Roll On Refill: L'Orangerie,1.0
FF5220978,SO5793552,2896405,Shopify EU,2026-06-24 09:19:36.165859+00:00,Airbox (EU),2026-06-24,Airbox,WCROC3333,Roll On Case: Miffy,1.0
FF5221023,SO5793597,#5950544,Shopify UK,2026-06-24 09:28:02.949815+00:00,UKAB (Airbox 18),2026-06-24,UKAB (Airbox 18),WCROL1905,Roll On Roller: Pink,1.0
FF5221054,SO5793628,2896434,Shopify EU,2026-06-24 09:33:17.242696+00:00,UKAB (Airbox 18),2026-06-24,UKAB (Airbox 18),WCLR619V2,Original Lip Balm Refill V2,1.0
FF5221150,SO5793722,AUS358725,Shopify AUS,2026-06-24 09:54:05.676348+00:00,UKAB (Airbox 18),2026-06-24,UKAB (Airbox 18),WCBWR3278,Body Wash Refill: Peachy Kiss,1.0
FF5221150,SO5793722,AUS358725,Shopify AUS,2026-06-24 09:54:05.676348+00:00,UKAB (Airbox 18),2026-06-24,UKAB (Airbox 18),WCLRSPF02,Coconut & Vanilla SPF Lip Balm Refill,1.0
FF5221250,SO5793822,#5950602,Shopify UK,2026-06-24 10:17:04.712060+00:00,UKAB (Airbox 18),2026-06-24,UKAB (Airbox 18),WCR3205,Deo Refill: Black Rose and Velvet,2.0
FF5221278,SO5793850,#5950607,Shopify UK,2026-06-24 10:20:40.859980+00:00,Airbox (EU),2026-06-24,Airbox,WCC2112,Forest Green Deo Case,1.0
FF5221278,SO5793850,#5950607,Shopify UK,2026-06-24 10:20:40.859980+00:00,Airbox (EU),2026-06-24,Airbox,WCR251,Elderflower & Cucumber - initial_delivery,2.0
FF5221547,SO5794119,#5950637,Shopify UK,2026-06-24 11:12:01.525515+00:00,Next (AU),2026-06-24,Next3PL,WCROA3994,AP Roll On Refill: ER Garden of England,1.0
FF5221879,SO5794451,2896697,Shopify EU,2026-06-24 12:16:46.035256+00:00,UKAB (Airbox 18),2026-06-24,UKAB (Airbox 18),WCLR619V2,Original Lip Balm Refill V2,1.0
FF5221925,SO5794498,#5950749,Shopify UK,2026-06-24 12:24:46.931337+00:00,UKAB (Airbox 18),2026-06-24,UKAB (Airbox 18),WCROL747,Roll On Roller: Blue,1.0
FF5222005,SO5794578,2896687,Shopify EU,2026-06-24 12:42:19.368696+00:00,UKAB (Airbox 18),2026-06-24,UKAB (Airbox 18),WCLR619V2,Original Lip Balm Refill V2,1.0
FF5222139,SO5794712,#5950753,Shopify UK,2026-06-24 12:59:49.969476+00:00,Airbox (EU),2026-06-24,Airbox,WCR251,Elderflower & Cucumber - initial_delivery,1.0
FF5222204,SO5794776,2896790,Shopify EU,2026-06-24 13:11:43.589961+00:00,Airbox (EU),2026-06-24,Airbox,WCROC3333,Roll On Case: Miffy,1.0
FF5222262,SO5794834,2896802,Shopify EU,2026-06-24 13:23:35.537590+00:00,UKAB (Airbox 18),2026-06-24,UKAB (Airbox 18),WCLR619V2,Original Lip Balm Refill V2,1.0
FF5222425,SO5794997,2896853,Shopify EU,2026-06-24 13:51:12.432818+00:00,UKAB (Airbox 18),2026-06-24,UKAB (Airbox 18),WCBWR3994EU,Body Wash EU ER Garden Of England,1.0
FF5222425,SO5794997,2896853,Shopify EU,2026-06-24 13:51:12.432818+00:00,UKAB (Airbox 18),2026-06-24,UKAB (Airbox 18),WCR3994EU,Deo Refill: L'Orangerie Secrete / EU ER Garden of England,3.0
FF5222543,SO5795115,US899348,Shopify USA,2026-06-24 14:11:21.325904+00:00,Stord (US),2026-06-24,Stord,WCR1105,Enchanted Forest Deo Refill,2.0
FF5222809,SO5795385,2896962,Shopify EU,2026-06-24 14:51:40.250561+00:00,Airbox (EU),2026-06-24,Airbox,WCR2554,Deo Refill: Winter Breeze,1.0
FF5223036,SO5795903,#5950908,Shopify UK,2026-06-24 15:00:43.224027+00:00,Airbox (EU),2026-06-24,Airbox,WCC2103,Strawberry Deo Case,1.0
FF5223409,SO5795986,#5950927,Shopify UK,2026-06-24 15:14:59.254895+00:00,Airbox (EU),2026-06-24,Airbox,WCR251,Elderflower & Cucumber - initial_delivery,1.0
FF5223429,SO5796006,2897004,Shopify EU,2026-06-24 15:17:13.474385+00:00,Airbox (EU),2026-06-24,Airbox,WCROC3333,Roll On Case: Miffy,1.0
FF5223433,SO5796010,2897005,Shopify EU,2026-06-24 15:18:12.165165+00:00,Airbox (EU),2026-06-24,UKAB (Airbox 18),WCLC866,Sage Lip Balm Case,1.0
FF5223462,SO5796039,#5950935,Shopify UK,2026-06-24 15:22:09.205045+00:00,Stord (US),2026-06-24,Stord,WCBWMIN1012,Santorini Sunset Body Wash Mini,1.0
FF5223462,SO5796039,#5950935,Shopify UK,2026-06-24 15:22:09.205045+00:00,Stord (US),2026-06-24,Stord,WCC2112,Forest Green Deo Case,1.0
FF5223462,SO5796039,#5950935,Shopify UK,2026-06-24 15:22:09.205045+00:00,Stord (US),2026-06-24,Stord,WMIN01,Orange & Neroli Mini Deodorant,1.0
FF5223488,SO5796065,2897020,Shopify EU,2026-06-24 15:26:30.267124+00:00,Airbox (EU),2026-06-24,Airbox,WCROC3333,Roll On Case: Miffy,1.0
FF5223544,SO5796121,2897033,Shopify EU,2026-06-24 15:35:15.315031+00:00,UKAB (Airbox 18),2026-06-24,UKAB (Airbox 18),WCLR619V2,Original Lip Balm Refill V2,1.0
FF5223879,SO5796461,#5951018,Shopify UK,2026-06-24 16:23:00.770131+00:00,UKAB (Airbox 18),2026-06-24,UKAB (Airbox 18),WCR2554,Deo Refill: Winter Breeze,1.0
FF5223936,SO5796518,#5951049,Shopify UK,2026-06-24 16:26:04.664047+00:00,UKAB (Airbox 18),2026-06-24,UKAB (Airbox 18),WCR3205,Deo Refill: Black Rose and Velvet,1.0
FF5224297,SO5796879,2897135,Shopify EU,2026-06-24 16:46:50.550592+00:00,UKAB (Airbox 18),2026-06-24,UKAB (Airbox 18),WCR3994EU,Deo Refill: L'Orangerie Secrete / EU ER Garden of England,1.0
FF5224370,SO5796952,#5951105,Shopify UK,2026-06-24 16:55:33.152425+00:00,Stord (US),2026-06-24,Stord,WCR3994,Deo Refill: ER Garden Of England,1.0
FF5224419,SO5797001,#5951116,Shopify UK,2026-06-24 17:03:21.299921+00:00,UKAB (Airbox 18),2026-06-24,UKAB (Airbox 18),WCROL747,Roll On Roller: Blue,1.0
FF5224466,SO5797048,2897174,Shopify EU,2026-06-24 17:12:01.713522+00:00,UKAB (Airbox 18),2026-06-24,UKAB (Airbox 18),WCR3994EU,Deo Refill: L'Orangerie Secrete / EU ER Garden of England,1.0
FF5224553,SO5797135,#5951147,Shopify UK,2026-06-24 17:23:55.408142+00:00,UKAB (Airbox 18),2026-06-24,UKAB (Airbox 18),WCROL1905,Roll On Roller: Pink,1.0
FF5224647,SO5797229,AUS358774,Shopify AUS,2026-06-24 17:41:04.061467+00:00,Stord (US),2026-06-24,Stord,WCRS3209,Deo Refill: Wild Seduction Sensitive,1.0
FF5224647,SO5797229,AUS358774,Shopify AUS,2026-06-24 17:41:04.061467+00:00,Stord (US),2026-06-24,Stord,WSOAPH608,Amber & Oud Hand Soap,5.0
FF5224808,SO5797388,#5951160,Shopify UK,2026-06-24 18:09:02.397017+00:00,Stord (US),2026-06-24,Stord,WCR3994,Deo Refill: ER Garden Of England,1.0
FF5224849,SO5797429,#5951164,Shopify UK,2026-06-24 18:15:20.952188+00:00,Airbox (EU),2026-06-24,Airbox,WCROC3129,Roll on Case: Valentine's Day Hearts,1.0
FF5224876,SO5797456,#5951174,Shopify UK,2026-06-24 18:20:44.540357+00:00,Stord (US),2026-06-24,Stord,WCC1981,EBW Pink Heart Deo Case,1.0
FF5224926,SO5797506,#5951218,Shopify UK,2026-06-24 18:29:49.803735+00:00,UKAB (Airbox 18),2026-06-24,UKAB (Airbox 18),WCR3205,Deo Refill: Black Rose and Velvet,1.0
FF5225147,SO5797727,#5951249,Shopify UK,2026-06-24 19:00:52.352874+00:00,Airbox (EU),2026-06-24,Airbox,WCBWR3207,Body Wash Refill: Cotton Cloud,2.0
FF5225213,SO5797793,#5951265,Shopify UK,2026-06-24 19:11:26.101088+00:00,Airbox (EU),2026-06-24,Airbox,WCROC2756,Roll On Case: Forest Green,1.0
FF5225465,SO5798046,#5951304,Shopify UK,2026-06-24 19:43:54.699760+00:00,Airbox (EU),2026-06-24,Airbox,WCC2112,Forest Green Deo Case,1.0
FF5225485,SO5798065,2897427,Shopify EU,2026-06-24 19:46:51.728742+00:00,UKAB (Airbox 18),2026-06-24,UKAB (Airbox 18),WCR3994EU,Deo Refill: L'Orangerie Secrete / EU ER Garden of England,1.0
FF5225713,SO5798293,#5951307,Shopify UK,2026-06-24 20:17:19.741539+00:00,Airbox (EU),2026-06-24,Airbox,WCROC2756,Roll On Case: Forest Green,1.0
FF5225840,SO5798420,US899710,Shopify USA,2026-06-24 20:29:21.335102+00:00,Stord (US),2026-06-24,Stord,WCR2554,Deo Refill: Winter Breeze,1.0
FF5225858,SO5798438,AUS358784,Shopify AUS,2026-06-24 20:31:24.502830+00:00,Next (AU),2026-06-24,Next3PL,WCR02,Coconut Dreams - initial_delivery,2.0
FF5225876,SO5798456,AUS358789,Shopify AUS,2026-06-24 20:32:33.058483+00:00,Next (AU),2026-06-24,Next3PL,WCR02,Coconut Dreams - initial_delivery,1.0
FF5225878,SO5798458,AUS358791,Shopify AUS,2026-06-24 20:32:54.077790+00:00,Next (AU),2026-06-24,Next3PL,WCR02,Coconut Dreams - initial_delivery,1.0
FF5225899,SO5798479,#5951326,Shopify UK,2026-06-24 20:33:31.482213+00:00,Stord (US),2026-06-24,Stord,WCBWMIN1963,Spa Daydreams Body Wash Mini,1.0
FF5225899,SO5798479,#5951326,Shopify UK,2026-06-24 20:33:31.482213+00:00,Stord (US),2026-06-24,Stord,WCBWMIN24,Fresh Cotton and Sea Salt Body Wash Mini,2.0
FF5225899,SO5798479,#5951326,Shopify UK,2026-06-24 20:33:31.482213+00:00,Stord (US),2026-06-24,Stord,WMIN02,Coconut Dreams Mini Deodorant,2.0
FF5225931,SO5798511,US899743,Shopify USA,2026-06-24 20:34:27.336989+00:00,Stord (US),2026-06-24,Stord,WCBWR24,Fresh Cotton and Sea Salt 300ml Body Wash Refill,1.0
FF5226271,SO5798851,US899776,Shopify USA,2026-06-24 21:18:54.394114+00:00,Stord (US),2026-06-24,Stord,WCR2554,Deo Refill: Winter Breeze,1.0
FF5226274,SO5798854,2897591,Shopify EU,2026-06-24 21:19:26.914818+00:00,UKAB (Airbox 18),2026-06-24,UKAB (Airbox 18),WCLR619V2,Original Lip Balm Refill V2,1.0
FF5226549,SO5799129,#5951479,Shopify UK,2026-06-24 21:58:39.115351+00:00,UKAB (Airbox 18),2026-06-24,UKAB (Airbox 18),WCROL1905,Roll On Roller: Pink,1.0
FF5226896,SO5799475,#5951507,Shopify UK,2026-06-24 22:57:55.528116+00:00,Stord (US),2026-06-24,Stord,WCBWR3994,Body Wash Refill: ER Garden of England,1.0
FF5226896,SO5799475,#5951507,Shopify UK,2026-06-24 22:57:55.528116+00:00,Stord (US),2026-06-24,Stord,WCROA24,AP Roll On: Cotton & Seasalt,1.0
FF5226896,SO5799475,#5951507,Shopify UK,2026-06-24 22:57:55.528116+00:00,Stord (US),2026-06-24,Stord,WCROA3994,AP Roll On Refill: ER Garden of England,1.0
FF5226962,SO5799541,#5951516,Shopify UK,2026-06-24 23:09:33.652335+00:00,Next (AU),2026-06-25,Next3PL,WCC2103,Strawberry Deo Case,1.0
FF5227066,SO5799645,AUS358822,Shopify AUS,2026-06-24 23:25:54.929266+00:00,Next (AU),2026-06-25,Next3PL,WCR02,Coconut Dreams - initial_delivery,1.0
FF5227091,SO5799670,2897680,Shopify EU,2026-06-24 23:29:30.535368+00:00,Airbox (EU),2026-06-25,Airbox,WCROL747,Roll On Roller: Blue,1.0
FF5227108,SO5799687,2897682,Shopify EU,2026-06-24 23:32:13.660712+00:00,Airbox (EU),2026-06-25,Airbox,WCROL747,Roll On Roller: Blue,1.0
FF5227311,SO5799890,#5951540,Shopify UK,2026-06-25 00:08:57.993087+00:00,Stord (US),2026-06-25,Stord,WCC2112,Forest Green Deo Case,1.0
FF5227354,SO5799933,AUS358814,Shopify AUS,2026-06-25 00:15:09.603520+00:00,UKAB (Airbox 18),2026-06-25,UKAB (Airbox 18),WCBWR3278,Body Wash Refill: Peachy Kiss,1.0
FF5227388,SO5799967,#5951543,Shopify UK,2026-06-25 00:21:35.085142+00:00,Next (AU),2026-06-25,Next3PL,WCROA24,AP Roll On: Cotton & Seasalt,1.0
FF5227548,SO5800127,2897696,Shopify EU,2026-06-25 00:54:26.356108+00:00,Airbox (EU),2026-06-25,Airbox,WCROL747,Roll On Roller: Blue,1.0
FF5227564,SO5800143,#5951563,Shopify UK,2026-06-25 00:56:41.784834+00:00,UKAB (Airbox 18),2026-06-25,UKAB (Airbox 18),WCROL747,Roll On Roller: Blue,1.0
FF5227579,SO5800158,#5951564,Shopify UK,2026-06-25 00:58:20.975693+00:00,UKAB (Airbox 18),2026-06-25,UKAB (Airbox 18),WCROC2738,Roll On Case: Love Heart,1.0
FF5227636,SO5800215,#5951590,Shopify UK,2026-06-25 01:08:03.278798+00:00,UKAB (Airbox 18),2026-06-25,UKAB (Airbox 18),WCR3205,Deo Refill: Black Rose and Velvet,1.0
FF5227748,SO5800327,#5951683,Shopify UK,2026-06-25 01:09:59.296094+00:00,UKAB (Airbox 18),2026-06-25,UKAB (Airbox 18),WCR3205,Deo Refill: Black Rose and Velvet,1.0
FF5227748,SO5800327,#5951683,Shopify UK,2026-06-25 01:09:59.296094+00:00,UKAB (Airbox 18),2026-06-25,UKAB (Airbox 18),WCRS1754,Queen of Heart's Cherry Tarts Sensitive Deo Refill,1.0
FF5227793,SO5800372,#5951739,Shopify UK,2026-06-25 01:10:26.428989+00:00,UKAB (Airbox 18),2026-06-25,UKAB (Airbox 18),WCR3205,Deo Refill: Black Rose and Velvet,1.0
FF5227828,SO5800403,#5951772,Shopify UK,2026-06-25 01:10:40.334508+00:00,UKAB (Airbox 18),2026-06-25,UKAB (Airbox 18),WCR3205,Deo Refill: Black Rose and Velvet,1.0
FF5227865,SO5800445,#5951793,Shopify UK,2026-06-25 01:10:59.007442+00:00,UKAB (Airbox 18),2026-06-25,UKAB (Airbox 18),WCRS1896,Watermelon sens. Deodorant Refill,1.0
FF5227895,SO5800476,#5951838,Shopify UK,2026-06-25 01:11:13.458569+00:00,UKAB (Airbox 18),2026-06-25,UKAB (Airbox 18),WCR3205,Deo Refill: Black Rose and Velvet,1.0
FF5227896,SO5800473,#5951849,Shopify UK,2026-06-25 01:11:12.693720+00:00,Stord (US),2026-06-25,Stord,WCR1893,Watermelon Deodorant Refill,1.0
FF5227908,SO5800486,#5951847,Shopify UK,2026-06-25 01:11:19.857246+00:00,UKAB (Airbox 18),2026-06-25,UKAB (Airbox 18),WCR3205,Deo Refill: Black Rose and Velvet,1.0
FF5227909,SO5800488,#5951844,Shopify UK,2026-06-25 01:11:19.971714+00:00,UKAB (Airbox 18),2026-06-25,UKAB (Airbox 18),WCR1751,Summer Breeze Deodorant Refill,1.0
FF5227915,SO5800494,#5951862,Shopify UK,2026-06-25 01:11:22.831619+00:00,UKAB (Airbox 18),2026-06-25,UKAB (Airbox 18),WCRS1896,Watermelon sens. Deodorant Refill,1.0
FF5227921,SO5800502,#5951859,Shopify UK,2026-06-25 01:11:25.179038+00:00,UKAB (Airbox 18),2026-06-25,UKAB (Airbox 18),WCR3205,Deo Refill: Black Rose and Velvet,1.0
FF5227939,SO5800518,#5951888,Shopify UK,2026-06-25 01:11:31.803864+00:00,UKAB (Airbox 18),2026-06-25,UKAB (Airbox 18),WCR1687,Mad Hatter's Tea Party Deodorant Refill,1.0
FF5227940,SO5800519,#5951879,Shopify UK,2026-06-25 01:11:32.230639+00:00,UKAB (Airbox 18),2026-06-25,UKAB (Airbox 18),WCR3205,Deo Refill: Black Rose and Velvet,1.0
FF5227941,SO5800521,#5951883,Shopify UK,2026-06-25 01:11:33.412836+00:00,UKAB (Airbox 18),2026-06-25,UKAB (Airbox 18),WCRS1896,Watermelon sens. Deodorant Refill,1.0
FF5228009,SO5800589,#5951964,Shopify UK,2026-06-25 01:12:04.335401+00:00,UKAB (Airbox 18),2026-06-25,UKAB (Airbox 18),WMIN1105,Enchanted Forest Deo Mini,1.0
FF5228042,SO5800620,#5951994,Shopify UK,2026-06-25 01:12:17.429282+00:00,UKAB (Airbox 18),2026-06-25,UKAB (Airbox 18),WCRS1896,Watermelon sens. Deodorant Refill,1.0
FF5228113,SO5800691,#5952059,Shopify UK,2026-06-25 01:12:41.841756+00:00,UKAB (Airbox 18),2026-06-25,UKAB (Airbox 18),WCRS1896,Watermelon sens. Deodorant Refill,1.0
FF5228114,SO5800693,#5952053,Shopify UK,2026-06-25 01:12:42.897869+00:00,UKAB (Airbox 18),2026-06-25,UKAB (Airbox 18),WCR3205,Deo Refill: Black Rose and Velvet,1.0
FF5228147,SO5800726,#5952099,Shopify UK,2026-06-25 01:12:56.184072+00:00,Stord (US),2026-06-25,Stord,WCR3205,Deo Refill: Black Rose and Velvet,2.0
FF5228162,SO5800742,#5952096,Shopify UK,2026-06-25 01:13:02.169736+00:00,Airbox (EU),2026-06-25,Airbox,WCRO24,Roll On Refill: Fresh Cotton & Sea Salt,3.0
FF5228199,SO5800778,#5952143,Shopify UK,2026-06-25 01:13:15.473445+00:00,Airbox (EU),2026-06-25,Airbox,WCLR1816,Orange Marmalade Lip Balm Refill,3.0
FF5228204,SO5800783,#5952153,Shopify UK,2026-06-25 01:13:17.047314+00:00,UKAB (Airbox 18),2026-06-25,UKAB (Airbox 18),WCR3205,Deo Refill: Black Rose and Velvet,1.0
FF5228232,SO5800811,#5952172,Shopify UK,2026-06-25 01:13:27.943074+00:00,UKAB (Airbox 18),2026-06-25,UKAB (Airbox 18),WCR3205,Deo Refill: Black Rose and Velvet,1.0
FF5228240,SO5800819,#5952175,Shopify UK,2026-06-25 01:13:30.516593+00:00,UKAB (Airbox 18),2026-06-25,UKAB (Airbox 18),WCRS1754,Queen of Heart's Cherry Tarts Sensitive Deo Refill,1.0
FF5228279,SO5800858,#5952225,Shopify UK,2026-06-25 01:13:44.427800+00:00,UKAB (Airbox 18),2026-06-25,UKAB (Airbox 18),WCR3205,Deo Refill: Black Rose and Velvet,1.0
FF5228280,SO5800859,#5952224,Shopify UK,2026-06-25 01:13:44.639055+00:00,UKAB (Airbox 18),2026-06-25,UKAB (Airbox 18),WCR3205,Deo Refill: Black Rose and Velvet,1.0
FF5228291,SO5800870,#5952211,Shopify UK,2026-06-25 01:13:48.099955+00:00,UKAB (Airbox 18),2026-06-25,UKAB (Airbox 18),WCR3205,Deo Refill: Black Rose and Velvet,1.0
FF5228296,SO5800874,#5952220,Shopify UK,2026-06-25 01:13:49.456220+00:00,UKAB (Airbox 18),2026-06-25,UKAB (Airbox 18),WCRS1754,Queen of Heart's Cherry Tarts Sensitive Deo Refill,1.0
FF5228305,SO5800884,#5952252,Shopify UK,2026-06-25 01:13:53.252626+00:00,UKAB (Airbox 18),2026-06-25,UKAB (Airbox 18),WCR3205,Deo Refill: Black Rose and Velvet,1.0
FF5228338,SO5800919,#5952282,Shopify UK,2026-06-25 01:14:07.037377+00:00,UKAB (Airbox 18),2026-06-25,UKAB (Airbox 18),WCR3205,Deo Refill: Black Rose and Velvet,1.0
FF5228350,SO5800929,#5952291,Shopify UK,2026-06-25 01:14:10.157713+00:00,UKAB (Airbox 18),2026-06-25,UKAB (Airbox 18),WCBWR507,Thunderstorm 300ml Body Wash Refill,1.0
FF5228356,SO5800934,#5952309,Shopify UK,2026-06-25 01:14:12.307026+00:00,UKAB (Airbox 18),2026-06-25,UKAB (Airbox 18),WCR3205,Deo Refill: Black Rose and Velvet,3.0
FF5228363,SO5800943,#5952293,Shopify UK,2026-06-25 01:14:15.418369+00:00,UKAB (Airbox 18),2026-06-25,UKAB (Airbox 18),WCRS1896,Watermelon sens. Deodorant Refill,1.0
FF5228363,SO5800943,#5952293,Shopify UK,2026-06-25 01:14:15.418369+00:00,UKAB (Airbox 18),2026-06-25,UKAB (Airbox 18),WCRS2555,Deo Refill: Winter Breeze Sens,1.0
FF5228373,SO5800952,#5952311,Shopify UK,2026-06-25 01:14:18.750649+00:00,UKAB (Airbox 18),2026-06-25,UKAB (Airbox 18),WCR3205,Deo Refill: Black Rose and Velvet,1.0
FF5228397,SO5800975,#5952329,Shopify UK,2026-06-25 01:14:27.995597+00:00,UKAB (Airbox 18),2026-06-25,UKAB (Airbox 18),WCR3205,Deo Refill: Black Rose and Velvet,1.0
FF5228421,SO5801000,#5952353,Shopify UK,2026-06-25 01:14:36.103013+00:00,UKAB (Airbox 18),2026-06-25,UKAB (Airbox 18),WCRS1754,Queen of Heart's Cherry Tarts Sensitive Deo Refill,1.0
FF5228425,SO5801006,#5952363,Shopify UK,2026-06-25 01:14:38.446548+00:00,Next (AU),2026-06-25,Next3PL,WCR02,Coconut Dreams - initial_delivery,1.0
FF5228514,SO5801093,#5952440,Shopify UK,2026-06-25 01:15:13.230107+00:00,UKAB (Airbox 18),2026-06-25,UKAB (Airbox 18),WCRS1896,Watermelon sens. Deodorant Refill,1.0
FF5228529,SO5801106,#5952463,Shopify UK,2026-06-25 01:15:21.063275+00:00,UKAB (Airbox 18),2026-06-25,UKAB (Airbox 18),WCR3205,Deo Refill: Black Rose and Velvet,1.0
FF5228575,SO5801154,#5952511,Shopify UK,2026-06-25 01:15:39.192441+00:00,UKAB (Airbox 18),2026-06-25,UKAB (Airbox 18),WCR3205,Deo Refill: Black Rose and Velvet,1.0
FF5228580,SO5801156,#5952500,Shopify UK,2026-06-25 01:15:39.324807+00:00,UKAB (Airbox 18),2026-06-25,UKAB (Airbox 18),WCR3205,Deo Refill: Black Rose and Velvet,1.0
FF5228600,SO5801179,#5952543,Shopify UK,2026-06-25 01:15:49.623066+00:00,UKAB (Airbox 18),2026-06-25,UKAB (Airbox 18),WCRS1754,Queen of Heart's Cherry Tarts Sensitive Deo Refill,1.0
FF5228614,SO5801193,#5952572,Shopify UK,2026-06-25 01:15:53.474746+00:00,UKAB (Airbox 18),2026-06-25,UKAB (Airbox 18),WCRS1896,Watermelon sens. Deodorant Refill,1.0
FF5228646,SO5801225,#5952587,Shopify UK,2026-06-25 01:16:04.563381+00:00,UKAB (Airbox 18),2026-06-25,UKAB (Airbox 18),WCR3205,Deo Refill: Black Rose and Velvet,1.0
FF5228661,SO5801240,#5952598,Shopify UK,2026-06-25 01:16:15.233111+00:00,UKAB (Airbox 18),2026-06-25,UKAB (Airbox 18),WCR3205,Deo Refill: Black Rose and Velvet,2.0
FF5228672,SO5801251,AUS358844,Shopify AUS,2026-06-25 01:16:30.033346+00:00,UKAB (Airbox 18),2026-06-25,UKAB (Airbox 18),WCBWR3278,Body Wash Refill: Peachy Kiss,1.0
FF5228782,SO5801361,#5952619,Shopify UK,2026-06-25 01:33:06.484853+00:00,UKAB (Airbox 18),2026-06-25,UKAB (Airbox 18),WCROC2738,Roll On Case: Love Heart,1.0
FF5228863,SO5801442,#5952623,Shopify UK,2026-06-25 01:50:30.096013+00:00,Stord (US),2026-06-25,Stord,WCC2332,Deo Case: Pastel Blue,1.0
FF5228872,SO5801451,2897707,Shopify EU,2026-06-25 01:52:36.652489+00:00,UKAB (Airbox 18),2026-06-25,UKAB (Airbox 18),WCROL1905,Roll On Roller: Pink,1.0
FF5228872,SO5801451,2897707,Shopify EU,2026-06-25 01:52:36.652489+00:00,UKAB (Airbox 18),2026-06-25,UKAB (Airbox 18),WCROL747,Roll On Roller: Blue,1.0
FF5228915,SO5801494,#5952627,Shopify UK,2026-06-25 02:10:29.782645+00:00,Airbox (EU),2026-06-25,Airbox,WCC2556,Deo Case: Chrome ,1.0
FF5228920,SO5801499,#5952628,Shopify UK,2026-06-25 02:13:12.596181+00:00,Stord (US),2026-06-25,Stord,WCC2331,Deo Case: Pastel Pink,1.0
FF5228981,SO5801560,#5952626,Shopify UK,2026-06-25 02:31:21.416749+00:00,Stord (US),2026-06-25,Stord,WCLR1113,Plum & FP Lip Balm Refill,2.0
FF5229311,SO5801891,2897736,Shopify EU,2026-06-25 04:14:02.556188+00:00,UKAB (Airbox 18),2026-06-25,UKAB (Airbox 18),WCROA3994EU,AP Roll On Refill: L'Orangerie,1.0
FF5229340,SO5801920,AUS358877,Shopify AUS,2026-06-25 04:22:00.866079+00:00,Next (AU),2026-06-25,Next3PL,WCR02,Coconut Dreams - initial_delivery,1.0
FF5229343,SO5801923,AUS358890,Shopify AUS,2026-06-25 04:22:12.397797+00:00,Next (AU),2026-06-25,Next3PL,WCR02,Coconut Dreams - initial_delivery,1.0
FF5229350,SO5801930,AUS358875,Shopify AUS,2026-06-25 04:22:33.537420+00:00,Next (AU),2026-06-25,Next3PL,WCR02,Coconut Dreams - initial_delivery,2.0
FF5229351,SO5801931,AUS358880,Shopify AUS,2026-06-25 04:22:34.910064+00:00,Next (AU),2026-06-25,Next3PL,WCR02,Coconut Dreams - initial_delivery,1.0
FF5229356,SO5801936,AUS358892,Shopify AUS,2026-06-25 04:22:48.143395+00:00,Next (AU),2026-06-25,Next3PL,WCR02,Coconut Dreams - initial_delivery,3.0
FF5229358,SO5801938,AUS358897,Shopify AUS,2026-06-25 04:22:58.172324+00:00,Next (AU),2026-06-25,Next3PL,WCR02,Coconut Dreams - initial_delivery,1.0
FF5229361,SO5801941,AUS358900,Shopify AUS,2026-06-25 04:23:01.836034+00:00,Next (AU),2026-06-25,Next3PL,WCR02,Coconut Dreams - initial_delivery,2.0
FF5229363,SO5801944,AUS358903,Shopify AUS,2026-06-25 04:23:03.759942+00:00,Next (AU),2026-06-25,Next3PL,WCR02,Coconut Dreams - initial_delivery,1.0
FF5229366,SO5801946,AUS358915,Shopify AUS,2026-06-25 04:23:08.399352+00:00,Next (AU),2026-06-25,Next3PL,WCR02,Coconut Dreams - initial_delivery,1.0
FF5229371,SO5801951,AUS358896,Shopify AUS,2026-06-25 04:23:11.237665+00:00,Next (AU),2026-06-25,Next3PL,WCR02,Coconut Dreams - initial_delivery,1.0
FF5229372,SO5801952,AUS358906,Shopify AUS,2026-06-25 04:23:11.450663+00:00,Next (AU),2026-06-25,Next3PL,WCR02,Coconut Dreams - initial_delivery,1.0
FF5229375,SO5801955,AUS358922,Shopify AUS,2026-06-25 04:23:13.959763+00:00,Next (AU),2026-06-25,Next3PL,WCR02,Coconut Dreams - initial_delivery,1.0
FF5229379,SO5801959,AUS358905,Shopify AUS,2026-06-25 04:23:16.957157+00:00,Next (AU),2026-06-25,Next3PL,WCR02,Coconut Dreams - initial_delivery,1.0
FF5229380,SO5801960,AUS358919,Shopify AUS,2026-06-25 04:23:19.308265+00:00,Next (AU),2026-06-25,Next3PL,WCR02,Coconut Dreams - initial_delivery,2.0
FF5229381,SO5801961,AUS358917,Shopify AUS,2026-06-25 04:23:19.348821+00:00,Next (AU),2026-06-25,Next3PL,WCR02,Coconut Dreams - initial_delivery,1.0
FF5229385,SO5801965,AUS358923,Shopify AUS,2026-06-25 04:23:23.839140+00:00,Next (AU),2026-06-25,Next3PL,WCR02,Coconut Dreams - initial_delivery,1.0
FF5229389,SO5801969,AUS358908,Shopify AUS,2026-06-25 04:23:27.651314+00:00,Next (AU),2026-06-25,Next3PL,WCR02,Coconut Dreams - initial_delivery,3.0
FF5229404,SO5801984,AUS358921,Shopify AUS,2026-06-25 04:23:39.608952+00:00,UKAB (Airbox 18),2026-06-25,UKAB (Airbox 18),WCLR1245,Lip Balm Refill: Vanilla Frost,1.0
FF5229404,SO5801984,AUS358921,Shopify AUS,2026-06-25 04:23:39.608952+00:00,UKAB (Airbox 18),2026-06-25,UKAB (Airbox 18),WCLR620,Peach & Mango Lip Balm Refill,1.0
FF5229414,SO5801993,AUS358952,Shopify AUS,2026-06-25 04:23:44.928301+00:00,Next (AU),2026-06-25,Next3PL,WCR02,Coconut Dreams - initial_delivery,1.0
FF5229418,SO5801999,AUS358947,Shopify AUS,2026-06-25 04:23:50.836312+00:00,Next (AU),2026-06-25,Next3PL,WCR02,Coconut Dreams - initial_delivery,1.0
FF5229420,SO5802001,AUS358940,Shopify AUS,2026-06-25 04:23:51.594229+00:00,Next (AU),2026-06-25,Next3PL,WCR2260,Deo Refill: Wildflower Bloom,1.0
FF5229422,SO5802002,AUS358963,Shopify AUS,2026-06-25 04:23:51.607353+00:00,Next (AU),2026-06-25,Next3PL,WCR02,Coconut Dreams - initial_delivery,1.0
FF5229427,SO5802006,AUS358960,Shopify AUS,2026-06-25 04:23:55.022263+00:00,Next (AU),2026-06-25,Next3PL,WCR02,Coconut Dreams - initial_delivery,1.0
FF5229428,SO5802008,AUS358958,Shopify AUS,2026-06-25 04:23:55.833899+00:00,UKAB (Airbox 18),2026-06-25,UKAB (Airbox 18),WCBWR3278,Body Wash Refill: Peachy Kiss,1.0
FF5229428,SO5802008,AUS358958,Shopify AUS,2026-06-25 04:23:55.833899+00:00,UKAB (Airbox 18),2026-06-25,UKAB (Airbox 18),WCR1282,Love Potion Deo Refill,1.0
FF5229435,SO5802012,AUS358969,Shopify AUS,2026-06-25 04:23:59.014720+00:00,Next (AU),2026-06-25,Next3PL,WCR02,Coconut Dreams - initial_delivery,1.0
FF5229445,SO5802025,AUS358979,Shopify AUS,2026-06-25 04:24:06.968388+00:00,Next (AU),2026-06-25,Next3PL,WCR02,Coconut Dreams - initial_delivery,1.0
FF5229449,SO5802029,AUS358986,Shopify AUS,2026-06-25 04:24:09.135065+00:00,Next (AU),2026-06-25,Next3PL,WCR02,Coconut Dreams - initial_delivery,1.0
FF5229453,SO5802032,AUS358987,Shopify AUS,2026-06-25 04:24:10.290361+00:00,Next (AU),2026-06-25,Next3PL,WCR02,Coconut Dreams - initial_delivery,1.0
FF5229457,SO5802037,AUS358990,Shopify AUS,2026-06-25 04:24:14.494308+00:00,UKAB (Airbox 18),2026-06-25,UKAB (Airbox 18),WCRO1969,Roll On Refill: Drumsticks,1.0
FF5229457,SO5802037,AUS358990,Shopify AUS,2026-06-25 04:24:14.494308+00:00,UKAB (Airbox 18),2026-06-25,UKAB (Airbox 18),WCSGR1687,Mad Hatter's Shower Gel,1.0
FF5229463,SO5802043,AUS358992,Shopify AUS,2026-06-25 04:24:26.223578+00:00,Stord (US),2026-06-25,Stord,WCLC1250,Ghost Lip Balm case,1.0
FF5229463,SO5802043,AUS358992,Shopify AUS,2026-06-25 04:24:26.223578+00:00,Stord (US),2026-06-25,Stord,WCLR1071,Passionfruit Swirl Lip Balm Refill,1.0
FF5229523,SO5802104,US900136,Shopify USA,2026-06-25 04:27:16.114708+00:00,Stord (US),2026-06-25,Stord,WCRS1894,Cola sens. Deodorant Refill,1.0
FF5229524,SO5802109,US900150,Shopify USA,2026-06-25 04:27:17.217240+00:00,Stord (US),2026-06-25,Stord,WCRS1894,Cola sens. Deodorant Refill,1.0
FF5229587,SO5802171,US900212,Shopify USA,2026-06-25 04:27:39.942639+00:00,Stord (US),2026-06-25,Stord,WCBWR24,Fresh Cotton and Sea Salt 300ml Body Wash Refill,3.0
FF5229612,SO5802197,US900232,Shopify USA,2026-06-25 04:27:48.437194+00:00,Stord (US),2026-06-25,Stord,WCRS1894,Cola sens. Deodorant Refill,1.0
FF5229614,SO5802193,US900215,Shopify USA,2026-06-25 04:27:47.738272+00:00,Stord (US),2026-06-25,Stord,WCBWR24,Fresh Cotton and Sea Salt 300ml Body Wash Refill,3.0
FF5229681,SO5802260,US900256,Shopify USA,2026-06-25 04:28:10.336452+00:00,Stord (US),2026-06-25,Stord,WCBWR24,Fresh Cotton and Sea Salt 300ml Body Wash Refill,1.0
FF5229684,SO5802262,2897775,Shopify EU,2026-06-25 04:28:10.561427+00:00,Airbox (EU),2026-06-25,Airbox,WCR1919,Vanilla Butterscotch Deo Refill,1.0
FF5229689,SO5802270,2897781,Shopify EU,2026-06-25 04:28:11.964229+00:00,UKAB (Airbox 18),2026-06-25,UKAB (Airbox 18),WCR3205,Deo Refill: Black Rose and Velvet,1.0
FF5229693,SO5802273,US900265,Shopify USA,2026-06-25 04:28:14.788006+00:00,Stord (US),2026-06-25,Stord,WCRS1713,Love Potion sens. Deo Refill,1.0
FF5229697,SO5802278,US900259,Shopify USA,2026-06-25 04:28:15.949650+00:00,Stord (US),2026-06-25,Stord,WCR2554,Deo Refill: Winter Breeze,1.0
FF5229744,SO5802326,2897808,Shopify EU,2026-06-25 04:28:32.089679+00:00,Airbox (EU),2026-06-25,Airbox,WCR1919,Vanilla Butterscotch Deo Refill,1.0
FF5229838,SO5802419,2897847,Shopify EU,2026-06-25 04:29:07.715442+00:00,Airbox (EU),2026-06-25,Airbox,WCR1919,Vanilla Butterscotch Deo Refill,1.0
FF5229900,SO5802481,US900364,Shopify USA,2026-06-25 04:29:30.282674+00:00,Stord (US),2026-06-25,Stord,WCBWR24,Fresh Cotton and Sea Salt 300ml Body Wash Refill,1.0
FF5229920,SO5802497,US900361,Shopify USA,2026-06-25 04:29:37.021428+00:00,Stord (US),2026-06-25,Stord,WSOAPH608,Amber & Oud Hand Soap,3.0
FF5230128,SO5802705,US900493,Shopify USA,2026-06-25 04:30:57.439451+00:00,Stord (US),2026-06-25,Stord,WCBWR24,Fresh Cotton and Sea Salt 300ml Body Wash Refill,2.0
FF5230218,SO5802800,US900540,Shopify USA,2026-06-25 04:31:33.281140+00:00,Stord (US),2026-06-25,Stord,WCBWR24,Fresh Cotton and Sea Salt 300ml Body Wash Refill,3.0
FF5230223,SO5802806,US900548,Shopify USA,2026-06-25 04:31:35.598386+00:00,Stord (US),2026-06-25,Stord,WCR2554,Deo Refill: Winter Breeze,1.0
FF5230251,SO5802829,US900558,Shopify USA,2026-06-25 04:31:44.960465+00:00,Stord (US),2026-06-25,Stord,WCRS1894,Cola sens. Deodorant Refill,1.0
FF5230359,SO5802940,2898114,Shopify EU,2026-06-25 04:32:30.219362+00:00,UKAB (Airbox 18),2026-06-25,UKAB (Airbox 18),WCR3205,Deo Refill: Black Rose and Velvet,1.0
FF5230447,SO5803029,2898198,Shopify EU,2026-06-25 04:33:08.877786+00:00,Airbox (EU),2026-06-25,Airbox,WCHWR2512,Black Cherry Handwash,1.0
FF5230483,SO5803064,#5952644,Shopify UK,2026-06-25 04:33:42.542830+00:00,UKAB (Airbox 18),2026-06-25,UKAB (Airbox 18),WCRS1754,Queen of Heart's Cherry Tarts Sensitive Deo Refill,1.0
FF5230599,SO5803180,2898234,Shopify EU,2026-06-25 05:16:14.658156+00:00,UKAB (Airbox 18),2026-06-25,UKAB (Airbox 18),WCLR619V2,Original Lip Balm Refill V2,1.0
FF5230700,SO5803281,#5952650,Shopify UK,2026-06-25 05:48:12.677937+00:00,Airbox (EU),2026-06-25,Airbox,WCR251,Elderflower & Cucumber - initial_delivery,1.0
FF5230732,SO5803314,2898281,Shopify EU,2026-06-25 05:58:29.230277+00:00,Airbox (EU),2026-06-25,Airbox,WCR1919,Vanilla Butterscotch Deo Refill,1.0
FF5230765,SO5803347,US900638,Shopify USA,2026-06-25 06:08:10.239492+00:00,Stord (US),2026-06-25,Stord,WCR2554,Deo Refill: Winter Breeze,1.0
FF5230891,SO5803473,2898317,Shopify EU,2026-06-25 06:41:22.014379+00:00,UKAB (Airbox 18),2026-06-25,UKAB (Airbox 18),WCROC2738,Roll On Case: Love Heart,1.0
FF5230919,SO5803501,#5952718,Shopify UK,2026-06-25 06:49:44.942517+00:00,Airbox (EU),2026-06-25,Airbox,WCROC2556,Roll On Case: Chrome,1.0
FF5231063,SO5803645,2898368,Shopify EU,2026-06-25 07:24:04.913409+00:00,Airbox (EU),2026-06-25,Airbox,WCLC866,Sage Lip Balm Case,1.0
FF5231260,SO5803841,2898426,Shopify EU,2026-06-25 08:08:17.030525+00:00,Airbox (EU),2026-06-25,Airbox,WCROL747,Roll On Roller: Blue,1.0
FF5231356,SO5803935,#5952826,Shopify UK,2026-06-25 08:23:18.555521+00:00,UKAB (Airbox 18),2026-06-25,UKAB (Airbox 18),WCROL747,Roll On Roller: Blue,1.0
FF5231418,SO5803997,#5952844,Shopify UK,2026-06-25 08:37:37.848337+00:00,UKAB (Airbox 18),2026-06-25,UKAB (Airbox 18),WCR1687,Mad Hatter's Tea Party Deodorant Refill,2.0
FF5231440,SO5804019,#5952851,Shopify UK,2026-06-25 08:43:04.471712+00:00,Airbox (EU),2026-06-25,Airbox,WCROC2556,Roll On Case: Chrome,1.0
FF5231456,SO5804035,2898491,Shopify EU,2026-06-25 08:45:35.425281+00:00,Airbox (EU),2026-06-25,Airbox,WCROL747,Roll On Roller: Blue,1.0
FF5231458,SO5804037,#5952857,Shopify UK,2026-06-25 08:45:46.634954+00:00,UKAB (Airbox 18),2026-06-25,UKAB (Airbox 18),WCR1687,Mad Hatter's Tea Party Deodorant Refill,1.0
FF5231458,SO5804037,#5952857,Shopify UK,2026-06-25 08:45:46.634954+00:00,UKAB (Airbox 18),2026-06-25,UKAB (Airbox 18),WCRS1754,Queen of Heart's Cherry Tarts Sensitive Deo Refill,1.0
FF5231505,SO5804084,#5952874,Shopify UK,2026-06-25 08:58:44.925356+00:00,UKAB (Airbox 18),2026-06-25,UKAB (Airbox 18),WCRS1754,Queen of Heart's Cherry Tarts Sensitive Deo Refill,1.0
FF5231532,SO5804111,#5952883,Shopify UK,2026-06-25 09:03:46.472971+00:00,UKAB (Airbox 18),2026-06-25,UKAB (Airbox 18),WCR1687,Mad Hatter's Tea Party Deodorant Refill,1.0
FF5231557,SO5804136,#5952890,Shopify UK,2026-06-25 09:10:02.452888+00:00,UKAB (Airbox 18),2026-06-25,UKAB (Airbox 18),WCR1687,Mad Hatter's Tea Party Deodorant Refill,1.0
FF5231570,SO5804149,#5952892,Shopify UK,2026-06-25 09:11:59.045857+00:00,UKAB (Airbox 18),2026-06-25,UKAB (Airbox 18),WCR1687,Mad Hatter's Tea Party Deodorant Refill,1.0
FF5231657,SO5804236,#5952916,Shopify UK,2026-06-25 09:29:06.690140+00:00,UKAB (Airbox 18),2026-06-25,UKAB (Airbox 18),WCRS1754,Queen of Heart's Cherry Tarts Sensitive Deo Refill,1.0
FF5231734,SO5804313,2898571,Shopify EU,2026-06-25 09:42:51.350707+00:00,Airbox (EU),2026-06-25,Airbox,WCLC866,Sage Lip Balm Case,1.0
FF5232105,SO5804681,AUS359055,Shopify AUS,2026-06-25 10:44:15.662210+00:00,UKAB (Airbox 18),2026-06-25,UKAB (Airbox 18),WCBWR3278,Body Wash Refill: Peachy Kiss,1.0
FF5232148,SO5804723,#5953022,Shopify UK,2026-06-25 10:51:57.840413+00:00,Next (AU),2026-06-25,Next3PL,WCROA3994,AP Roll On Refill: ER Garden of England,1.0
FF5232225,SO5804799,2898717,Shopify EU,2026-06-25 11:08:08.848472+00:00,Stord (US),2026-06-25,Stord,WCBWMIN1283,Juicy Mango Body Wash Mini,1.0
FF5232225,SO5804799,2898717,Shopify EU,2026-06-25 11:08:08.848472+00:00,Stord (US),2026-06-25,Stord,WCROA02,AP Roll On: Coconut & Vanilla,1.0
FF5232225,SO5804799,2898717,Shopify EU,2026-06-25 11:08:08.848472+00:00,Stord (US),2026-06-25,Stord,WCROA24,AP Roll On: Cotton & Seasalt,1.0
FF5232225,SO5804799,2898717,Shopify EU,2026-06-25 11:08:08.848472+00:00,Stord (US),2026-06-25,Stord,WCROA3777,AP Roll On Island Paradise,1.0
FF5232225,SO5804799,2898717,Shopify EU,2026-06-25 11:08:08.848472+00:00,Stord (US),2026-06-25,Stord,WCROA3994EU,AP Roll On Refill: L'Orangerie,1.0
FF5232225,SO5804799,2898717,Shopify EU,2026-06-25 11:08:08.848472+00:00,Stord (US),2026-06-25,Stord,WCROA608,Roll On AP: Amber & Oud,1.0
FF5232225,SO5804799,2898717,Shopify EU,2026-06-25 11:08:08.848472+00:00,Stord (US),2026-06-25,Stord,WCROA86,AP Roll On Refill: Sandalwood & Cedar,1.0
FF5232226,SO5804800,#5953133,Shopify UK,2026-06-25 11:08:13.434833+00:00,UKAB (Airbox 18),2026-06-25,UKAB (Airbox 18),WCR1751,Summer Breeze Deodorant Refill,1.0
FF5232226,SO5804800,#5953133,Shopify UK,2026-06-25 11:08:13.434833+00:00,UKAB (Airbox 18),2026-06-25,UKAB (Airbox 18),WCRS1263,Energise Sensitive Deo Refill,1.0
FF5232313,SO5804886,2898747,Shopify EU,2026-06-25 11:22:41.577449+00:00,UKAB (Airbox 18),2026-06-25,UKAB (Airbox 18),WCC20,Purple Deodorant Case,1.0
FF5232313,SO5804886,2898747,Shopify EU,2026-06-25 11:22:41.577449+00:00,UKAB (Airbox 18),2026-06-25,UKAB (Airbox 18),WCLR619V2,Original Lip Balm Refill V2,1.0
FF5232313,SO5804886,2898747,Shopify EU,2026-06-25 11:22:41.577449+00:00,UKAB (Airbox 18),2026-06-25,UKAB (Airbox 18),WCR3994EU,Deo Refill: L'Orangerie Secrete / EU ER Garden of England,1.0
FF5232326,SO5804899,2898752,Shopify EU,2026-06-25 11:23:18.838128+00:00,Airbox (EU),2026-06-25,Airbox,WCROC3333,Roll On Case: Miffy,1.0
FF5232349,SO5804921,#5953168,Shopify UK,2026-06-25 11:26:55.564340+00:00,Airbox (EU),2026-06-25,Airbox,WCC2112,Forest Green Deo Case,1.0
FF5232429,SO5805001,#5953138,Shopify UK,2026-06-25 11:39:48.637944+00:00,Airbox (EU),2026-06-25,Airbox,WCROC3130,Roll On Case: Leopard,1.0
FF5232435,SO5805007,2898786,Shopify EU,2026-06-25 11:41:48.563956+00:00,Airbox (EU),2026-06-25,Airbox,WCROL1905,Roll On Roller: Pink,1.0
FF5232463,SO5805035,2898735,Shopify EU,2026-06-25 11:48:17.501295+00:00,UKAB (Airbox 18),2026-06-25,UKAB (Airbox 18),WCROA3994EU,AP Roll On Refill: L'Orangerie,2.0
FF5232466,SO5805038,2898793,Shopify EU,2026-06-25 11:48:29.593652+00:00,Airbox (EU),2026-06-25,Airbox,WCROL747,Roll On Roller: Blue,1.0
FF5232501,SO5805073,2898807,Shopify EU,2026-06-25 11:54:13.197931+00:00,Airbox (EU),2026-06-25,Airbox,WCROL1905,Roll On Roller: Pink,1.0
FF5232526,SO5805098,#5953216,Shopify UK,2026-06-25 11:59:52.539297+00:00,UKAB (Airbox 18),2026-06-25,UKAB (Airbox 18),WCROL1905,Roll On Roller: Pink,1.0
FF5232607,SO5805179,2898829,Shopify EU,2026-06-25 12:12:32.073962+00:00,Airbox (EU),2026-06-25,Airbox,WCRS2557,Deo Refill: Vanilla Butterscotch Sens,1.0
FF5232613,SO5805185,#5953235,Shopify UK,2026-06-25 12:13:53.384496+00:00,Airbox (EU),2026-06-25,Airbox,WCLC866,Sage Lip Balm Case,1.0
FF5232613,SO5805185,#5953235,Shopify UK,2026-06-25 12:13:53.384496+00:00,Airbox (EU),2026-06-25,Airbox,WCROC3129,Roll on Case: Valentine's Day Hearts,1.0
FF5232673,SO5805245,2898842,Shopify EU,2026-06-25 12:26:09.199809+00:00,UKAB (Airbox 18),2026-06-25,UKAB (Airbox 18),WCBWR3994EU,Body Wash EU ER Garden Of England,1.0
FF5232680,SO5805252,2898844,Shopify EU,2026-06-25 12:27:45.324952+00:00,Airbox (EU),2026-06-25,Airbox,WCLC866,Sage Lip Balm Case,1.0
FF5232876,SO5805448,#5953313,Shopify UK,2026-06-25 13:04:36.192933+00:00,Airbox (EU),2026-06-25,Airbox,WCBWR3207,Body Wash Refill: Cotton Cloud,1.0
FF5232876,SO5805448,#5953313,Shopify UK,2026-06-25 13:04:36.192933+00:00,Airbox (EU),2026-06-25,Airbox,WCROC2756,Roll On Case: Forest Green,1.0
FF5232876,SO5805448,#5953313,Shopify UK,2026-06-25 13:04:36.192933+00:00,Airbox (EU),2026-06-25,Airbox,WCROC3130,Roll On Case: Leopard,1.0
FF5232923,SO5805493,2898914,Shopify EU,2026-06-25 13:14:45.585410+00:00,Stord (US),2026-06-25,Stord,WCR3994EU,Deo Refill: L'Orangerie Secrete / EU ER Garden of England,1.0
FF5233087,SO5805658,#5953375,Shopify UK,2026-06-25 13:46:05.680920+00:00,Stord (US),2026-06-25,Stord,WCLR02V2,Coconut & Vanilla Lip Balm Refill V2,1.0
FF5233087,SO5805658,#5953375,Shopify UK,2026-06-25 13:46:05.680920+00:00,Stord (US),2026-06-25,Stord,WCROA24,AP Roll On: Cotton & Seasalt,1.0
FF5233087,SO5805658,#5953375,Shopify UK,2026-06-25 13:46:05.680920+00:00,Stord (US),2026-06-25,Stord,WCROA3776,AP Roll On Enchanted Bloom,1.0
FF5233100,SO5805671,2898978,Shopify EU,2026-06-25 13:48:35.000314+00:00,Airbox (EU),2026-06-25,Airbox,WCROL747,Roll On Roller: Blue,1.0
FF5233129,SO5805700,#5953379,Shopify UK,2026-06-25 13:52:01.486322+00:00,Stord (US),2026-06-25,Stord,WCBWMIN966,Honey & Almond Body Wash Mini,1.0
FF5233129,SO5805700,#5953379,Shopify UK,2026-06-25 13:52:01.486322+00:00,Stord (US),2026-06-25,Stord,WCROA3207,Roll On AP: Cotton Cloud,1.0
FF5233129,SO5805700,#5953379,Shopify UK,2026-06-25 13:52:01.486322+00:00,Stord (US),2026-06-25,Stord,WCROA3777,AP Roll On Island Paradise,1.0
FF5233154,SO5805725,2899000,Shopify EU,2026-06-25 13:55:32.989532+00:00,Stord (US),2026-06-25,Stord,WCROA3777,AP Roll On Island Paradise,1.0
FF5233154,SO5805725,2899000,Shopify EU,2026-06-25 13:55:32.989532+00:00,Stord (US),2026-06-25,Stord,WCROA507,Roll On AP: Thunderstorm,1.0
FF5233194,SO5805765,2899015,Shopify EU,2026-06-25 14:02:50.392938+00:00,UKAB (Airbox 18),2026-06-25,UKAB (Airbox 18),WCROC2738,Roll On Case: Love Heart,1.0
FF5233201,SO5805772,2899017,Shopify EU,2026-06-25 14:03:54.084125+00:00,UKAB (Airbox 18),2026-06-25,UKAB (Airbox 18),WCLR619V2,Original Lip Balm Refill V2,1.0
FF5233201,SO5805772,2899017,Shopify EU,2026-06-25 14:03:54.084125+00:00,UKAB (Airbox 18),2026-06-25,UKAB (Airbox 18),WCROC2738,Roll On Case: Love Heart,1.0
FF5233264,SO5805835,#5953371,Shopify UK,2026-06-25 14:15:14.196865+00:00,Airbox (EU),2026-06-25,Airbox,WCBWR3207,Body Wash Refill: Cotton Cloud,1.0
FF5233275,SO5805846,#5953405,Shopify UK,2026-06-25 14:17:35.667581+00:00,Airbox (EU),2026-06-25,Airbox,WCR251,Elderflower & Cucumber - initial_delivery,1.0
FF5233311,SO5805882,2899052,Shopify EU,2026-06-25 14:22:43.906827+00:00,UKAB (Airbox 18),2026-06-25,UKAB (Airbox 18),WCR3994EU,Deo Refill: L'Orangerie Secrete / EU ER Garden of England,1.0
FF5233388,SO5805959,#5953429,Shopify UK,2026-06-25 14:35:20.562773+00:00,Airbox (EU),2026-06-25,Airbox,WCR251,Elderflower & Cucumber - initial_delivery,1.0
FF5233463,SO5806033,2899100,Shopify EU,2026-06-25 14:46:07.712396+00:00,UKAB (Airbox 18),2026-06-25,UKAB (Airbox 18),WCBWR3994EU,Body Wash EU ER Garden Of England,1.0
FF5233463,SO5806033,2899100,Shopify EU,2026-06-25 14:46:07.712396+00:00,UKAB (Airbox 18),2026-06-25,UKAB (Airbox 18),WCLR619V2,Original Lip Balm Refill V2,1.0
FF5233510,SO5806080,2899115,Shopify EU,2026-06-25 14:52:46.710491+00:00,UKAB (Airbox 18),2026-06-25,UKAB (Airbox 18),WCLR619V2,Original Lip Balm Refill V2,1.0
FF5233789,SO5806397,#5953506,Shopify UK,2026-06-25 15:21:46.579131+00:00,Stord (US),2026-06-25,Stord,WCC2112,Forest Green Deo Case,1.0
FF5234056,SO5806657,#5953549,Shopify UK,2026-06-25 15:59:30.334358+00:00,Next (AU),2026-06-25,Next3PL,WCBWMIN1012,Santorini Sunset Body Wash Mini,1.0
FF5234358,SO5806959,2899255,Shopify EU,2026-06-25 16:27:18.107263+00:00,UKAB (Airbox 18),2026-06-25,UKAB (Airbox 18),WCLR619V2,Original Lip Balm Refill V2,1.0
FF5234485,SO5807086,US900916,Shopify USA,2026-06-25 16:45:43.840990+00:00,Next (AU),2026-06-25,Next3PL,WBU5533US,Snoopy His & Hers Bundle,1.0
FF5234561,SO5807162,2899302,Shopify EU,2026-06-25 16:55:51.907777+00:00,UKAB (Airbox 18),2026-06-25,UKAB (Airbox 18),WCROC2738,Roll On Case: Love Heart,1.0
FF5234752,SO5807353,#5953754,Shopify UK,2026-06-25 17:31:28.152963+00:00,Airbox (EU),2026-06-25,Airbox,WCR251,Elderflower & Cucumber - initial_delivery,2.0
FF5234752,SO5807353,#5953754,Shopify UK,2026-06-25 17:31:28.152963+00:00,Airbox (EU),2026-06-25,Airbox,WCROC3130,Roll On Case: Leopard,1.0
FF5234755,SO5807355,2899367,Shopify EU,2026-06-25 17:31:52.037972+00:00,UKAB (Airbox 18),2026-06-25,UKAB (Airbox 18),WCLR619V2,Original Lip Balm Refill V2,1.0
FF5234761,SO5807362,#5953747,Shopify UK,2026-06-25 17:32:26.460085+00:00,Airbox (EU),2026-06-25,Airbox,WCROC2756,Roll On Case: Forest Green,1.0
FF5235008,SO5807609,2899435,Shopify EU,2026-06-25 18:15:34.201969+00:00,Stord (US),2026-06-25,Stord,WCRS1117,Arctic Ice Q Sens Deo Refill,1.0
FF5235160,SO5807789,2899475,Shopify EU,2026-06-25 18:37:34.662502+00:00,UKAB (Airbox 18),2026-06-25,UKAB (Airbox 18),WCLR1245,Lip Balm Refill: Vanilla Frost,1.0
FF5235224,SO5807853,2899487,Shopify EU,2026-06-25 18:45:37.429974+00:00,UKAB (Airbox 18),2026-06-25,UKAB (Airbox 18),WCLR619V2,Original Lip Balm Refill V2,1.0
FF5235224,SO5807853,2899487,Shopify EU,2026-06-25 18:45:37.429974+00:00,UKAB (Airbox 18),2026-06-25,UKAB (Airbox 18),WCR3994EU,Deo Refill: L'Orangerie Secrete / EU ER Garden of England,1.0
FF5235228,SO5807857,2899491,Shopify EU,2026-06-25 18:46:25.981189+00:00,UKAB (Airbox 18),2026-06-25,UKAB (Airbox 18),WCLR619V2,Original Lip Balm Refill V2,1.0
FF5235228,SO5807857,2899491,Shopify EU,2026-06-25 18:46:25.981189+00:00,UKAB (Airbox 18),2026-06-25,UKAB (Airbox 18),WCROC2738,Roll On Case: Love Heart,1.0
FF5235353,SO5808024,#5953821,Shopify UK,2026-06-25 19:04:49.187651+00:00,Stord (US),2026-06-25,Stord,WCBWR1963,Spa Daydreams Body Wash Refill 300ml,1.0
FF5235353,SO5808024,#5953821,Shopify UK,2026-06-25 19:04:49.187651+00:00,Stord (US),2026-06-25,Stord,WCBWR3207,Body Wash Refill: Cotton Cloud,1.0
FF5235353,SO5808024,#5953821,Shopify UK,2026-06-25 19:04:49.187651+00:00,Stord (US),2026-06-25,Stord,WCBWR3994,Body Wash Refill: ER Garden of England,1.0
FF5235353,SO5808024,#5953821,Shopify UK,2026-06-25 19:04:49.187651+00:00,Stord (US),2026-06-25,Stord,WCR3994,Deo Refill: ER Garden Of England,1.0
FF5235365,SO5808036,2899527,Shopify EU,2026-06-25 19:06:48.079967+00:00,UKAB (Airbox 18),2026-06-25,UKAB (Airbox 18),WCROC2738,Roll On Case: Love Heart,1.0
FF5235468,SO5808139,2899555,Shopify EU,2026-06-25 19:22:25.610512+00:00,UKAB (Airbox 18),2026-06-25,UKAB (Airbox 18),WCLR619V2,Original Lip Balm Refill V2,1.0
FF5235627,SO5808298,#5953874,Shopify UK,2026-06-25 19:43:03.944122+00:00,Stord (US),2026-06-25,Stord,WCRS3206,Deo Refill: Black Rose and Velvet Sens,1.0
FF5235627,SO5808298,#5953874,Shopify UK,2026-06-25 19:43:03.944122+00:00,Stord (US),2026-06-25,Stord,WCRS3209,Deo Refill: Wild Seduction Sensitive,1.0
FF5235691,SO5808362,2899626,Shopify EU,2026-06-25 19:54:24.700891+00:00,UKAB (Airbox 18),2026-06-25,UKAB (Airbox 18),WCLR1245,Lip Balm Refill: Vanilla Frost,1.0
FF5235812,SO5808441,#5953943,Shopify UK,2026-06-25 20:05:07.505960+00:00,Airbox (EU),2026-06-25,Airbox,WCBWR3207,Body Wash Refill: Cotton Cloud,1.0
FF5235897,SO5808526,2899660,Shopify EU,2026-06-25 20:17:12.047338+00:00,Airbox (EU),2026-06-25,Airbox,WCR1919,Vanilla Butterscotch Deo Refill,1.0
FF5235929,SO5808558,2899682,Shopify EU,2026-06-25 20:19:29.831254+00:00,UKAB (Airbox 18),2026-06-25,UKAB (Airbox 18),WCR3205,Deo Refill: Black Rose and Velvet,1.0
FF5236057,SO5808686,US901132,Shopify USA,2026-06-25 20:31:52.632780+00:00,Stord (US),2026-06-25,Stord,WCRS1894,Cola sens. Deodorant Refill,1.0
FF5236061,SO5808690,AUS359098,Shopify AUS,2026-06-25 20:32:08.385277+00:00,Next (AU),2026-06-25,Next3PL,WCR02,Coconut Dreams - initial_delivery,1.0
FF5236062,SO5808691,AUS359096,Shopify AUS,2026-06-25 20:32:10.482476+00:00,Next (AU),2026-06-25,Next3PL,WCR02,Coconut Dreams - initial_delivery,1.0
FF5236085,SO5808715,AUS359111,Shopify AUS,2026-06-25 20:34:01.770450+00:00,Next (AU),2026-06-25,Next3PL,WCR02,Coconut Dreams - initial_delivery,1.0
FF5236126,SO5808755,US901157,Shopify USA,2026-06-25 20:36:25.844917+00:00,Stord (US),2026-06-25,Stord,WCBWR3207,Body Wash Refill: Cotton Cloud,3.0
FF5236132,SO5808760,US901158,Shopify USA,2026-06-25 20:36:46.624124+00:00,Stord (US),2026-06-25,Stord,WCBWR3207,Body Wash Refill: Cotton Cloud,2.0
FF5236315,SO5808944,#5954023,Shopify UK,2026-06-25 21:04:33.447798+00:00,Airbox (EU),2026-06-25,Airbox,WCC1981,EBW Pink Heart Deo Case,1.0
FF5236392,SO5808991,US901192,Shopify USA,2026-06-25 21:12:36.282747+00:00,Stord (US),2026-06-25,Stord,WMIN348,Mint & Aloe Vera Mini Deodorant,1.0
FF5236543,SO5809142,2899788,Shopify EU,2026-06-25 21:34:07.108920+00:00,UKAB (Airbox 18),2026-06-25,UKAB (Airbox 18),WCLR619V2,Original Lip Balm Refill V2,1.0
FF5237171,SO5809770,2899841,Shopify EU,2026-06-25 23:31:33.996133+00:00,Airbox (EU),2026-06-26,Airbox,WCROL1905,Roll On Roller: Pink,1.0
FF5237347,SO5809946,AUS359131,Shopify AUS,2026-06-26 00:05:10.966269+00:00,UKAB (Airbox 18),2026-06-26,UKAB (Airbox 18),WCBWR3278,Body Wash Refill: Peachy Kiss,1.0
FF5237347,SO5809946,AUS359131,Shopify AUS,2026-06-26 00:05:10.966269+00:00,UKAB (Airbox 18),2026-06-26,UKAB (Airbox 18),WCR1687,Mad Hatter's Tea Party Deodorant Refill,1.0
FF5237347,SO5809946,AUS359131,Shopify AUS,2026-06-26 00:05:10.966269+00:00,UKAB (Airbox 18),2026-06-26,UKAB (Airbox 18),WCR1923,Coconut Cream Deo Refill,1.0
FF5237414,SO5810013,2899852,Shopify EU,2026-06-26 00:18:03.295870+00:00,Airbox (EU),2026-06-26,Airbox,WCROL747,Roll On Roller: Blue,1.0
FF5237529,SO5810128,#5954130,Shopify UK,2026-06-26 00:39:34.327702+00:00,Next (AU),2026-06-26,Next3PL,WCR3994,Deo Refill: ER Garden Of England,2.0
FF5237535,SO5810134,#5954134,Shopify UK,2026-06-26 00:40:08.777059+00:00,Stord (US),2026-06-26,Stord,WCC1989,Sunflower Deo Case,1.0
FF5237646,SO5810245,2899856,Shopify EU,2026-06-26 01:02:31.043338+00:00,Airbox (EU),2026-06-26,Airbox,WCROL1905,Roll On Roller: Pink,1.0
FF5237654,SO5810253,2899858,Shopify EU,2026-06-26 01:04:25.266009+00:00,Airbox (EU),2026-06-26,Airbox,WCROL1905,Roll On Roller: Pink,1.0
FF5237709,SO5810308,#5954171,Shopify UK,2026-06-26 01:08:57.057334+00:00,Stord (US),2026-06-26,Stord,WCLR1071,Passionfruit Swirl Lip Balm Refill,1.0
FF5237709,SO5810308,#5954171,Shopify UK,2026-06-26 01:08:57.057334+00:00,Stord (US),2026-06-26,Stord,WCLR1816,Orange Marmalade Lip Balm Refill,1.0
FF5237709,SO5810308,#5954171,Shopify UK,2026-06-26 01:08:57.057334+00:00,Stord (US),2026-06-26,Stord,WCLR619,Original Lip Balm Refill,1.0
FF5237759,SO5810358,#5954226,Shopify UK,2026-06-26 01:09:52.577313+00:00,Airbox (EU),2026-06-26,Airbox,WCRO24,Roll On Refill: Fresh Cotton & Sea Salt,1.0
FF5237822,SO5810421,#5954309,Shopify UK,2026-06-26 01:10:36.944910+00:00,Next (AU),2026-06-26,Next3PL,WCLRSPF02V2,Coconut & Vanilla SPF Lip Balm Refill V2,3.0
FF5237979,SO5810578,#5954453,Shopify UK,2026-06-26 01:11:50.325694+00:00,Next (AU),2026-06-26,Next3PL,WCR02,Coconut Dreams - initial_delivery,1.0
FF5238138,SO5810737,#5954603,Shopify UK,2026-06-26 01:12:57.634844+00:00,Airbox (EU),2026-06-26,Airbox,WCR251,Elderflower & Cucumber - initial_delivery,1.0
FF5238151,SO5810745,#5954624,Shopify UK,2026-06-26 01:13:00.038338+00:00,UKAB (Airbox 18),2026-06-26,UKAB (Airbox 18),WCRS1713,Love Potion sens. Deo Refill,1.0
FF5238155,SO5810754,#5954641,Shopify UK,2026-06-26 01:13:04.716208+00:00,UKAB (Airbox 18),2026-06-26,UKAB (Airbox 18),WCBWR507,Thunderstorm 300ml Body Wash Refill,1.0
FF5238202,SO5810802,2899860,Shopify EU,2026-06-26 01:13:19.538838+00:00,Airbox (EU),2026-06-26,Airbox,WCROL1905,Roll On Roller: Pink,1.0
FF5238202,SO5810802,2899860,Shopify EU,2026-06-26 01:13:19.538838+00:00,Airbox (EU),2026-06-26,Airbox,WCROL747,Roll On Roller: Blue,1.0
FF5238231,SO5810829,#5954699,Shopify UK,2026-06-26 01:13:30.905454+00:00,UKAB (Airbox 18),2026-06-26,UKAB (Airbox 18),WCBWR507,Thunderstorm 300ml Body Wash Refill,1.0
FF5238250,SO5810845,#5954711,Shopify UK,2026-06-26 01:13:37.582295+00:00,UKAB (Airbox 18),2026-06-26,UKAB (Airbox 18),WCR1751,Summer Breeze Deodorant Refill,1.0
FF5238263,SO5810863,#5954732,Shopify UK,2026-06-26 01:13:42.063174+00:00,Next (AU),2026-06-26,Next3PL,WCROA3207,Roll On AP: Cotton Cloud,3.0
FF5238280,SO5810879,#5954745,Shopify UK,2026-06-26 01:13:48.971246+00:00,Next (AU),2026-06-26,Next3PL,WCR02,Coconut Dreams - initial_delivery,1.0
FF5238289,SO5810888,#5954755,Shopify UK,2026-06-26 01:13:51.914008+00:00,Airbox (EU),2026-06-26,Airbox,WCR251,Elderflower & Cucumber - initial_delivery,1.0
FF5238304,SO5810904,2899861,Shopify EU,2026-06-26 01:13:55.993211+00:00,Airbox (EU),2026-06-26,Airbox,WCROL747,Roll On Roller: Blue,1.0
FF5238499,SO5811099,#5954964,Shopify UK,2026-06-26 01:15:08.444427+00:00,UKAB (Airbox 18),2026-06-26,UKAB (Airbox 18),WCBWR507,Thunderstorm 300ml Body Wash Refill,1.0
FF5238499,SO5811099,#5954964,Shopify UK,2026-06-26 01:15:08.444427+00:00,UKAB (Airbox 18),2026-06-26,UKAB (Airbox 18),WCSGC984,Bee Body Wash Case,1.0
FF5238546,SO5811144,#5954973,Shopify UK,2026-06-26 01:15:28.960707+00:00,UKAB (Airbox 18),2026-06-26,UKAB (Airbox 18),WCR1751,Summer Breeze Deodorant Refill,1.0
FF5239014,SO5811613,2899862,Shopify EU,2026-06-26 01:21:08.810927+00:00,Airbox (EU),2026-06-26,Airbox,WCROL747,Roll On Roller: Blue,1.0
FF5239242,SO5811841,#5955451,Shopify UK,2026-06-26 02:12:42.490670+00:00,UKAB (Airbox 18),2026-06-26,UKAB (Airbox 18),WCROL1905,Roll On Roller: Pink,1.0
FF5239290,SO5811889,AUS359153,Shopify AUS,2026-06-26 02:28:27.556062+00:00,Next (AU),2026-06-26,Next3PL,WCR02,Coconut Dreams - initial_delivery,1.0
FF5239453,SO5812052,#5955466,Shopify UK,2026-06-26 03:13:53.766633+00:00,Next (AU),2026-06-26,Next3PL,WCLR1245V2,Vanilla Lip Balm Refill V2,1.0
FF5239635,SO5812234,#5955475,Shopify UK,2026-06-26 04:17:43.519892+00:00,Airbox (EU),2026-06-26,Airbox,WCROC3130,Roll On Case: Leopard,1.0
FF5239640,SO5812239,AUS359169,Shopify AUS,2026-06-26 04:21:45.026340+00:00,Next (AU),2026-06-26,Next3PL,WCR02,Coconut Dreams - initial_delivery,1.0
FF5239653,SO5812252,AUS359174,Shopify AUS,2026-06-26 04:22:22.094781+00:00,Next (AU),2026-06-26,Next3PL,WCR02,Coconut Dreams - initial_delivery,2.0
FF5239658,SO5812257,AUS359189,Shopify AUS,2026-06-26 04:22:36.780141+00:00,Next (AU),2026-06-26,Next3PL,WCR02,Coconut Dreams - initial_delivery,2.0
FF5239665,SO5812264,AUS359210,Shopify AUS,2026-06-26 04:23:00.484222+00:00,Next (AU),2026-06-26,Next3PL,WCR02,Coconut Dreams - initial_delivery,2.0
FF5239668,SO5812267,AUS359201,Shopify AUS,2026-06-26 04:23:06.507059+00:00,Next (AU),2026-06-26,Next3PL,WCR02,Coconut Dreams - initial_delivery,1.0
FF5239669,SO5812268,AUS359203,Shopify AUS,2026-06-26 04:23:07.071133+00:00,Next (AU),2026-06-26,Next3PL,WCR02,Coconut Dreams - initial_delivery,1.0
FF5239671,SO5812270,AUS359197,Shopify AUS,2026-06-26 04:23:07.993040+00:00,Next (AU),2026-06-26,Next3PL,WCR02,Coconut Dreams - initial_delivery,1.0
FF5239675,SO5812272,AUS359195,Shopify AUS,2026-06-26 04:23:10.169958+00:00,Next (AU),2026-06-26,Next3PL,WCR02,Coconut Dreams - initial_delivery,1.0
FF5239679,SO5812279,AUS359190,Shopify AUS,2026-06-26 04:23:16.232663+00:00,UKAB (Airbox 18),2026-06-26,UKAB (Airbox 18),WCBWR3278,Body Wash Refill: Peachy Kiss,1.0
FF5239686,SO5812285,AUS359213,Shopify AUS,2026-06-26 04:23:23.166093+00:00,Next (AU),2026-06-26,Next3PL,WCR02,Coconut Dreams - initial_delivery,1.0
FF5239694,SO5812293,AUS359219,Shopify AUS,2026-06-26 04:23:30.068569+00:00,Next (AU),2026-06-26,Next3PL,WCR02,Coconut Dreams - initial_delivery,1.0
FF5239695,SO5812295,AUS359222,Shopify AUS,2026-06-26 04:23:30.465680+00:00,Next (AU),2026-06-26,Next3PL,WCR02,Coconut Dreams - initial_delivery,1.0
FF5239699,SO5812298,AUS359237,Shopify AUS,2026-06-26 04:23:32.460274+00:00,Next (AU),2026-06-26,Next3PL,WCR02,Coconut Dreams - initial_delivery,1.0
FF5239702,SO5812301,AUS359238,Shopify AUS,2026-06-26 04:23:36.038126+00:00,Next (AU),2026-06-26,Next3PL,WCR02,Coconut Dreams - initial_delivery,1.0
FF5239710,SO5812310,AUS359236,Shopify AUS,2026-06-26 04:23:42.709410+00:00,Next (AU),2026-06-26,Next3PL,WCR02,Coconut Dreams - initial_delivery,1.0
FF5239715,SO5812314,AUS359256,Shopify AUS,2026-06-26 04:23:45.398773+00:00,Next (AU),2026-06-26,Next3PL,WCR02,Coconut Dreams - initial_delivery,1.0
FF5239719,SO5812318,AUS359259,Shopify AUS,2026-06-26 04:23:47.290184+00:00,Next (AU),2026-06-26,Next3PL,WCR02,Coconut Dreams - initial_delivery,1.0
FF5239730,SO5812329,AUS359249,Shopify AUS,2026-06-26 04:23:57.701513+00:00,Next (AU),2026-06-26,Next3PL,WCR02,Coconut Dreams - initial_delivery,1.0
FF5239741,SO5812341,AUS359244,Shopify AUS,2026-06-26 04:24:05.419087+00:00,UKAB (Airbox 18),2026-06-26,UKAB (Airbox 18),WCBWR507,Thunderstorm 300ml Body Wash Refill,1.0
FF5239742,SO5812343,AUS359269,Shopify AUS,2026-06-26 04:24:05.939300+00:00,Next (AU),2026-06-26,Next3PL,WCR02,Coconut Dreams - initial_delivery,1.0
FF5239746,SO5812347,AUS359267,Shopify AUS,2026-06-26 04:24:08.222320+00:00,Next (AU),2026-06-26,Next3PL,WCR02,Coconut Dreams - initial_delivery,1.0
FF5239750,SO5812345,AUS359260,Shopify AUS,2026-06-26 04:24:07.668322+00:00,Next (AU),2026-06-26,Next3PL,WCR02,Coconut Dreams - initial_delivery,1.0
FF5239761,SO5812361,AUS359288,Shopify AUS,2026-06-26 04:24:18.721616+00:00,Next (AU),2026-06-26,Next3PL,WCR02,Coconut Dreams - initial_delivery,1.0
FF5239762,SO5812362,AUS359286,Shopify AUS,2026-06-26 04:24:19.335215+00:00,Next (AU),2026-06-26,Next3PL,WCR02,Coconut Dreams - initial_delivery,1.0
FF5239806,SO5812403,2899939,Shopify EU,2026-06-26 04:27:33.317683+00:00,Airbox (EU),2026-06-26,Airbox,WCR1919,Vanilla Butterscotch Deo Refill,1.0
FF5239813,SO5812412,2899935,Shopify EU,2026-06-26 04:27:36.091753+00:00,Airbox (EU),2026-06-26,Airbox,WCHWR1751,Summer Breeze Hand Wash Refill,1.0
FF5239813,SO5812412,2899935,Shopify EU,2026-06-26 04:27:36.091753+00:00,Airbox (EU),2026-06-26,Airbox,WCHWR2512,Black Cherry Handwash,1.0
FF5239885,SO5812485,2900014,Shopify EU,2026-06-26 04:27:58.939936+00:00,Airbox (EU),2026-06-26,Airbox,WCR1259,Renew Deo Refill,1.0
FF5239930,SO5812529,2900062,Shopify EU,2026-06-26 04:28:14.773609+00:00,Airbox (EU),2026-06-26,Airbox,WCSGR1751,Summer Breeze Body Wash Refill,1.0
FF5239956,SO5812555,2900075,Shopify EU,2026-06-26 04:28:23.494613+00:00,Airbox (EU),2026-06-26,Airbox,WCR1919,Vanilla Butterscotch Deo Refill,1.0
FF5239962,SO5812561,2900076,Shopify EU,2026-06-26 04:28:25.108535+00:00,Airbox (EU),2026-06-26,Airbox,WMIN2514,Mini Deo: Winter Breeze,1.0
FF5239972,SO5812569,2900093,Shopify EU,2026-06-26 04:28:27.609550+00:00,Airbox (EU),2026-06-26,Airbox,WCSGR1107,Sugar Plum Fairy Shower Gel,1.0
FF5240124,SO5812722,2900239,Shopify EU,2026-06-26 04:29:22.693108+00:00,Airbox (EU),2026-06-26,Airbox,WCR1919,Vanilla Butterscotch Deo Refill,1.0
FF5240150,SO5812752,US901549,Shopify USA,2026-06-26 04:29:34.970552+00:00,Stord (US),2026-06-26,Stord,WCBWR24,Fresh Cotton and Sea Salt 300ml Body Wash Refill,2.0
FF5240260,SO5812860,US901600,Shopify USA,2026-06-26 04:30:13.281439+00:00,Stord (US),2026-06-26,Stord,WCRS1894,Cola sens. Deodorant Refill,1.0
FF5240367,SO5812966,2900364,Shopify EU,2026-06-26 04:30:49.286492+00:00,Airbox (EU),2026-06-26,Airbox,WCR1919,Vanilla Butterscotch Deo Refill,1.0
FF5240397,SO5812996,US901665,Shopify USA,2026-06-26 04:31:01.042870+00:00,Stord (US),2026-06-26,Stord,WCBWR24,Fresh Cotton and Sea Salt 300ml Body Wash Refill,1.0
FF5240404,SO5813002,US901676,Shopify USA,2026-06-26 04:31:03.013872+00:00,Stord (US),2026-06-26,Stord,WCR2554,Deo Refill: Winter Breeze,1.0
FF5240464,SO5813064,US901725,Shopify USA,2026-06-26 04:31:26.073346+00:00,Stord (US),2026-06-26,Stord,WCBWR24,Fresh Cotton and Sea Salt 300ml Body Wash Refill,1.0
FF5240464,SO5813064,US901725,Shopify USA,2026-06-26 04:31:26.073346+00:00,Stord (US),2026-06-26,Stord,WCLR1245,Lip Balm Refill: Vanilla Frost,1.0
FF5240471,SO5813070,2900411,Shopify EU,2026-06-26 04:31:27.889317+00:00,Airbox (EU),2026-06-26,Airbox,WCR1919,Vanilla Butterscotch Deo Refill,1.0
FF5240503,SO5813103,US901765,Shopify USA,2026-06-26 04:31:43.992630+00:00,Stord (US),2026-06-26,Stord,WCLR1245,Lip Balm Refill: Vanilla Frost,2.0
FF5240512,SO5813110,US901767,Shopify USA,2026-06-26 04:31:46.121580+00:00,Stord (US),2026-06-26,Stord,WCRS1894,Cola sens. Deodorant Refill,1.0
FF5240542,SO5813141,US901798,Shopify USA,2026-06-26 04:32:00.752062+00:00,Stord (US),2026-06-26,Stord,WCRS1894,Cola sens. Deodorant Refill,1.0
FF5240609,SO5813209,US901875,Shopify USA,2026-06-26 04:32:25.334953+00:00,Stord (US),2026-06-26,Stord,WCR2554,Deo Refill: Winter Breeze,1.0
FF5240623,SO5813222,US901885,Shopify USA,2026-06-26 04:32:31.098999+00:00,Stord (US),2026-06-26,Stord,WCBWR24,Fresh Cotton and Sea Salt 300ml Body Wash Refill,1.0
FF5240623,SO5813222,US901885,Shopify USA,2026-06-26 04:32:31.098999+00:00,Stord (US),2026-06-26,Stord,WCBWR3207,Body Wash Refill: Cotton Cloud,1.0
FF5240639,SO5813237,US901880,Shopify USA,2026-06-26 04:32:37.347678+00:00,Stord (US),2026-06-26,Stord,WCBWR24,Fresh Cotton and Sea Salt 300ml Body Wash Refill,1.0
FF5240640,SO5813236,US901877,Shopify USA,2026-06-26 04:32:37.069856+00:00,Stord (US),2026-06-26,Stord,WCBWR3207,Body Wash Refill: Cotton Cloud,3.0
FF5240672,SO5813273,US901917,Shopify USA,2026-06-26 04:32:50.620122+00:00,Stord (US),2026-06-26,Stord,WCBWR3207,Body Wash Refill: Cotton Cloud,1.0
FF5240749,SO5813348,US902002,Shopify USA,2026-06-26 04:33:18.014927+00:00,Stord (US),2026-06-26,Stord,WCBWR3207,Body Wash Refill: Cotton Cloud,1.0
FF5240751,SO5813350,US901996,Shopify USA,2026-06-26 04:33:18.218612+00:00,Stord (US),2026-06-26,Stord,WCBWR24,Fresh Cotton and Sea Salt 300ml Body Wash Refill,1.0
FF5240794,SO5813394,US902048,Shopify USA,2026-06-26 04:33:35.835604+00:00,Stord (US),2026-06-26,Stord,WCBWR24,Fresh Cotton and Sea Salt 300ml Body Wash Refill,1.0
FF5240794,SO5813394,US902048,Shopify USA,2026-06-26 04:33:35.835604+00:00,Stord (US),2026-06-26,Stord,WCBWR3207,Body Wash Refill: Cotton Cloud,1.0
FF5240911,SO5813509,US902161,Shopify USA,2026-06-26 04:34:22.463414+00:00,Stord (US),2026-06-26,Stord,WCR2554,Deo Refill: Winter Breeze,1.0
FF5240955,SO5813554,2900419,Shopify EU,2026-06-26 04:35:55.125492+00:00,Airbox (EU),2026-06-26,Airbox,WCR1919,Vanilla Butterscotch Deo Refill,1.0
FF5240960,SO5813559,2900425,Shopify EU,2026-06-26 04:36:05.468180+00:00,Airbox (EU),2026-06-26,Airbox,WCR1919,Vanilla Butterscotch Deo Refill,1.0
FF5240975,SO5813574,#5955479,Shopify UK,2026-06-26 04:40:45.225068+00:00,Airbox (EU),2026-06-26,Airbox,WCROC3129,Roll on Case: Valentine's Day Hearts,1.0
FF5240997,SO5813596,#5955481,Shopify UK,2026-06-26 04:51:07.860981+00:00,Airbox (EU),2026-06-26,Airbox,WCROC2756,Roll On Case: Forest Green,1.0
FF5241080,SO5813679,2900462,Shopify EU,2026-06-26 05:19:04.925115+00:00,Airbox (EU),2026-06-26,Airbox,WCROL747,Roll On Roller: Blue,1.0
FF5241121,SO5813720,2900471,Shopify EU,2026-06-26 05:31:12.145608+00:00,Airbox (EU),2026-06-26,Airbox,WCRS994,Sherbet Lemons - Sensitive Deo Refill,1.0
FF5241168,SO5813767,#5955508,Shopify UK,2026-06-26 05:49:38.153725+00:00,Stord (US),2026-06-26,Stord,WMIN01,Orange & Neroli Mini Deodorant,1.0
FF5241168,SO5813767,#5955508,Shopify UK,2026-06-26 05:49:38.153725+00:00,Stord (US),2026-06-26,Stord,WMIN02,Coconut Dreams Mini Deodorant,1.0
FF5241168,SO5813767,#5955508,Shopify UK,2026-06-26 05:49:38.153725+00:00,Stord (US),2026-06-26,Stord,WMIN03,Jasmine & Mandarin Blossom Mini Deodorant,1.0
FF5241186,SO5813785,#5955515,Shopify UK,2026-06-26 05:53:47.463945+00:00,Airbox (EU),2026-06-26,Airbox,WCR251,Elderflower & Cucumber - initial_delivery,1.0
FF5241186,SO5813785,#5955515,Shopify UK,2026-06-26 05:53:47.463945+00:00,Airbox (EU),2026-06-26,Airbox,WCROC2756,Roll On Case: Forest Green,1.0
FF5241245,SO5813844,2900513,Shopify EU,2026-06-26 06:08:55.040793+00:00,UKAB (Airbox 18),2026-06-26,UKAB (Airbox 18),WCLR1072,Watermelon Lip Balm Refill,1.0
FF5241245,SO5813844,2900513,Shopify EU,2026-06-26 06:08:55.040793+00:00,UKAB (Airbox 18),2026-06-26,UKAB (Airbox 18),WCROC2738,Roll On Case: Love Heart,1.0
FF5241314,SO5813913,2900536,Shopify EU,2026-06-26 06:22:43.716558+00:00,Airbox (EU),2026-06-26,Airbox,WBU6447,Miffy Ultimate Bathroom Bundle ,1.0
FF5241314,SO5813913,2900536,Shopify EU,2026-06-26 06:22:43.716558+00:00,Airbox (EU),2026-06-26,Airbox,WCROC3333,Roll On Case: Miffy,1.0
FF5241321,SO5813920,#5955551,Shopify UK,2026-06-26 06:25:35.341005+00:00,UKAB (Airbox 18),2026-06-26,UKAB (Airbox 18),WCR1751,Summer Breeze Deodorant Refill,1.0
FF5241385,SO5813984,2900550,Shopify EU,2026-06-26 06:38:02.139824+00:00,UKAB (Airbox 18),2026-06-26,UKAB (Airbox 18),WCLR619V2,Original Lip Balm Refill V2,1.0
FF5241385,SO5813984,2900550,Shopify EU,2026-06-26 06:38:02.139824+00:00,UKAB (Airbox 18),2026-06-26,UKAB (Airbox 18),WCROC2738,Roll On Case: Love Heart,1.0
FF5241669,SO5814270,2900640,Shopify EU,2026-06-26 07:38:32.166606+00:00,Airbox (EU),2026-06-26,Airbox,WCROL1905,Roll On Roller: Pink,1.0
FF5241736,SO5814337,2900673,Shopify EU,2026-06-26 07:56:07.575455+00:00,Airbox (EU),2026-06-26,Airbox,WCROL1905,Roll On Roller: Pink,1.0
FF5241808,SO5814409,2900697,Shopify EU,2026-06-26 08:10:19.959283+00:00,UKAB (Airbox 18),2026-06-26,UKAB (Airbox 18),WCROC2738,Roll On Case: Love Heart,1.0
FF5241854,SO5814455,2900710,Shopify EU,2026-06-26 08:18:56.051180+00:00,UKAB (Airbox 18),2026-06-26,UKAB (Airbox 18),WCR3994EU,Deo Refill: L'Orangerie Secrete / EU ER Garden of England,1.0
FF5241884,SO5814485,#5955715,Shopify UK,2026-06-26 08:25:16.595721+00:00,Airbox (EU),2026-06-26,Airbox,WCROC2756,Roll On Case: Forest Green,1.0
FF5241891,SO5814492,2900719,Shopify EU,2026-06-26 08:26:24.935069+00:00,Airbox (EU),2026-06-26,Airbox,WCBWR507,Thunderstorm 300ml Body Wash Refill,1.0
FF5241893,SO5814494,#5955718,Shopify UK,2026-06-26 08:27:14.038017+00:00,Airbox (EU),2026-06-26,Airbox,WCROL1905,Roll On Roller: Pink,1.0
FF5241902,SO5814503,2900722,Shopify EU,2026-06-26 08:28:20.733342+00:00,UKAB (Airbox 18),2026-06-26,UKAB (Airbox 18),WCLR619V2,Original Lip Balm Refill V2,1.0
FF5241902,SO5814503,2900722,Shopify EU,2026-06-26 08:28:20.733342+00:00,UKAB (Airbox 18),2026-06-26,UKAB (Airbox 18),WCR3994EU,Deo Refill: L'Orangerie Secrete / EU ER Garden of England,1.0
FF5242141,SO5814729,2900731,Shopify EU,2026-06-26 09:03:43.636785+00:00,UKAB (Airbox 18),2026-06-26,UKAB (Airbox 18),WCLR619V2,Original Lip Balm Refill V2,1.0
FF5242141,SO5814729,2900731,Shopify EU,2026-06-26 09:03:43.636785+00:00,UKAB (Airbox 18),2026-06-26,UKAB (Airbox 18),WCROA549,AP Roll On: Cherry Blossom,1.0
FF5242141,SO5814729,2900731,Shopify EU,2026-06-26 09:03:43.636785+00:00,UKAB (Airbox 18),2026-06-26,UKAB (Airbox 18),WCROC2738,Roll On Case: Love Heart,1.0
FF5242199,SO5814787,#5955799,Shopify UK,2026-06-26 09:15:01.799773+00:00,UKAB (Airbox 18),2026-06-26,UKAB (Airbox 18),WCROA549,AP Roll On: Cherry Blossom,3.0
FF5242209,SO5814797,2900807,Shopify EU,2026-06-26 09:17:31.712336+00:00,Airbox (EU),2026-06-26,Airbox,WCROL1905,Roll On Roller: Pink,1.0
FF5242210,SO5814798,AUS359319,Shopify AUS,2026-06-26 09:17:47.273476+00:00,UKAB (Airbox 18),2026-06-26,UKAB (Airbox 18),WCLR966,Honey Lip Balm Refill,1.0
FF5242294,SO5814882,2900842,Shopify EU,2026-06-26 09:35:51.000635+00:00,UKAB (Airbox 18),2026-06-26,UKAB (Airbox 18),WCBWR3994EU,Body Wash EU ER Garden Of England,1.0
FF5242320,SO5814908,AUS359326,Shopify AUS,2026-06-26 09:40:02.091166+00:00,Next (AU),2026-06-26,Next3PL,WCR02,Coconut Dreams - initial_delivery,1.0
FF5242527,SO5815115,#5955886,Shopify UK,2026-06-26 10:22:20.812570+00:00,Airbox (EU),2026-06-26,Airbox,WCROC2756,Roll On Case: Forest Green,1.0
FF5242569,SO5815157,2900929,Shopify EU,2026-06-26 10:33:18.864800+00:00,UKAB (Airbox 18),2026-06-26,UKAB (Airbox 18),WCLR619V2,Original Lip Balm Refill V2,1.0
FF5242569,SO5815157,2900929,Shopify EU,2026-06-26 10:33:18.864800+00:00,UKAB (Airbox 18),2026-06-26,UKAB (Airbox 18),WCROA549,AP Roll On: Cherry Blossom,2.0
FF5242613,SO5815201,#5955910,Shopify UK,2026-06-26 10:42:44.660373+00:00,Stord (US),2026-06-26,Stord,WMIN1014,Cucumber Cooler Mini,1.0
FF5242692,SO5815280,#5955932,Shopify UK,2026-06-26 10:57:37.477059+00:00,UKAB (Airbox 18),2026-06-26,UKAB (Airbox 18),WBU5402UK,Wild Deodorant X Paddington Bear Bundle - TIKTOK,1.0
FF5242692,SO5815280,#5955932,Shopify UK,2026-06-26 10:57:37.477059+00:00,UKAB (Airbox 18),2026-06-26,UKAB (Airbox 18),WBU7162UK,Mickey AP Starter Kit TikTok,1.0
FF5242692,SO5815280,#5955932,Shopify UK,2026-06-26 10:57:37.477059+00:00,UKAB (Airbox 18),2026-06-26,UKAB (Airbox 18),WBURO5341UK,WILD Anti Perspirant Starter Pack - Aqua Case + Refills - TikTok,1.0
FF5242877,SO5815465,2901039,Shopify EU,2026-06-26 11:28:52.447918+00:00,UKAB (Airbox 18),2026-06-26,UKAB (Airbox 18),WCROC2738,Roll On Case: Love Heart,1.0
FF5243075,SO5815662,#5956040,Shopify UK,2026-06-26 12:05:09.687480+00:00,Stord (US),2026-06-26,Stord,WCLR02V2,Coconut & Vanilla Lip Balm Refill V2,1.0
FF5243075,SO5815662,#5956040,Shopify UK,2026-06-26 12:05:09.687480+00:00,Stord (US),2026-06-26,Stord,WCLR1113,Plum & FP Lip Balm Refill,1.0
FF5243110,SO5815698,2901109,Shopify EU,2026-06-26 12:10:44.008564+00:00,Airbox (EU),2026-06-26,Airbox,WCROL1905,Roll On Roller: Pink,1.0
FF5243246,SO5815833,#5956081,Shopify UK,2026-06-26 12:36:13.548480+00:00,Airbox (EU),2026-06-26,Airbox,WCROC3129,Roll on Case: Valentine's Day Hearts,1.0
FF5243427,SO5816013,#5956088,Shopify UK,2026-06-26 13:12:40.478114+00:00,Airbox (EU),2026-06-26,Airbox,WCROC3129,Roll on Case: Valentine's Day Hearts,1.0
FF5243491,SO5816077,2901234,Shopify EU,2026-06-26 13:22:50.922526+00:00,UKAB (Airbox 18),2026-06-26,UKAB (Airbox 18),WCROA3994EU,AP Roll On Refill: L'Orangerie,2.0
FF5243491,SO5816077,2901234,Shopify EU,2026-06-26 13:22:50.922526+00:00,UKAB (Airbox 18),2026-06-26,UKAB (Airbox 18),WCROA549,AP Roll On: Cherry Blossom,2.0
FF5243493,SO5816079,US902375,Shopify USA,2026-06-26 13:23:05.040322+00:00,Stord (US),2026-06-26,Stord,WCR2554,Deo Refill: Winter Breeze,1.0
FF5243495,SO5816081,2901237,Shopify EU,2026-06-26 13:23:32.346289+00:00,UKAB (Airbox 18),2026-06-26,UKAB (Airbox 18),WCLR619V2,Original Lip Balm Refill V2,1.0
FF5243495,SO5816081,2901237,Shopify EU,2026-06-26 13:23:32.346289+00:00,UKAB (Airbox 18),2026-06-26,UKAB (Airbox 18),WCROA3994EU,AP Roll On Refill: L'Orangerie,3.0
FF5243499,SO5816085,#5956131,Shopify UK,2026-06-26 13:24:11.471390+00:00,Airbox (EU),2026-06-26,Airbox,WCROC3130,Roll On Case: Leopard,1.0
FF5243541,SO5816127,#5956143,Shopify UK,2026-06-26 13:30:40.817796+00:00,Airbox (EU),2026-06-26,Airbox,WCROL1905,Roll On Roller: Pink,2.0
FF5243599,SO5816185,2901268,Shopify EU,2026-06-26 13:42:46.743794+00:00,Airbox (EU),2026-06-26,Airbox,WCROL747,Roll On Roller: Blue,1.0
FF5243600,SO5816186,2901213,Shopify EU,2026-06-26 13:42:56.278669+00:00,UKAB (Airbox 18),2026-06-26,UKAB (Airbox 18),WCC20,Purple Deodorant Case,1.0
FF5243603,SO5816189,2901269,Shopify EU,2026-06-26 13:43:32.468251+00:00,UKAB (Airbox 18),2026-06-26,UKAB (Airbox 18),WCLR1245,Lip Balm Refill: Vanilla Frost,1.0
FF5243603,SO5816189,2901269,Shopify EU,2026-06-26 13:43:32.468251+00:00,UKAB (Airbox 18),2026-06-26,UKAB (Airbox 18),WCROA3994EU,AP Roll On Refill: L'Orangerie,1.0
FF5243603,SO5816189,2901269,Shopify EU,2026-06-26 13:43:32.468251+00:00,UKAB (Airbox 18),2026-06-26,UKAB (Airbox 18),WCROA549,AP Roll On: Cherry Blossom,1.0
FF5243815,SO5816401,#5956214,Shopify UK,2026-06-26 14:19:57.108830+00:00,Airbox (EU),2026-06-26,Airbox,WCC2556,Deo Case: Chrome ,1.0
FF5243928,SO5816513,2901366,Shopify EU,2026-06-26 14:35:33.354540+00:00,UKAB (Airbox 18),2026-06-26,UKAB (Airbox 18),WCC20,Purple Deodorant Case,1.0
FF5243928,SO5816513,2901366,Shopify EU,2026-06-26 14:35:33.354540+00:00,UKAB (Airbox 18),2026-06-26,UKAB (Airbox 18),WCLR619V2,Original Lip Balm Refill V2,1.0
FF5244193,SO5816778,2901435,Shopify EU,2026-06-26 15:22:28.045294+00:00,Airbox (EU),2026-06-26,Airbox,WCROC3333,Roll On Case: Miffy,1.0
FF5244193,SO5816778,2901435,Shopify EU,2026-06-26 15:22:28.045294+00:00,Airbox (EU),2026-06-26,Airbox,WCSGC1110,Stars Body Wash Case,1.0
FF5244193,SO5816778,2901435,Shopify EU,2026-06-26 15:22:28.045294+00:00,Airbox (EU),2026-06-26,Airbox,WCSGC984,Bee Body Wash Case,1.0
FF5244667,SO5817251,#5956326,Shopify UK,2026-06-26 15:52:10.542129+00:00,Stord (US),2026-06-26,Stord,WCRS3206,Deo Refill: Black Rose and Velvet Sens,1.0
FF5244685,SO5817269,2901438,Shopify EU,2026-06-26 15:54:11.549195+00:00,UKAB (Airbox 18),2026-06-26,UKAB (Airbox 18),WCR3994EU,Deo Refill: L'Orangerie Secrete / EU ER Garden of England,1.0
FF5244696,SO5817280,US902491,Shopify USA,2026-06-26 15:56:08.767624+00:00,Stord (US),2026-06-26,Stord,WCBWR3207,Body Wash Refill: Cotton Cloud,3.0
FF5244842,SO5817474,2901527,Shopify EU,2026-06-26 16:20:07.546207+00:00,UKAB (Airbox 18),2026-06-26,UKAB (Airbox 18),WCROA549,AP Roll On: Cherry Blossom,1.0
FF5244868,SO5817488,#5956368,Shopify UK,2026-06-26 16:22:02.113648+00:00,UKAB (Airbox 18),2026-06-26,UKAB (Airbox 18),WCR1921,Santa's Christmas Cookies Deo Refill,2.0
FF5244870,SO5817489,#5956370,Shopify UK,2026-06-26 16:22:05.386977+00:00,UKAB (Airbox 18),2026-06-26,UKAB (Airbox 18),WCR1921,Santa's Christmas Cookies Deo Refill,1.0
FF5245027,SO5817611,#5956424,Shopify UK,2026-06-26 16:26:51.547689+00:00,UKAB (Airbox 18),2026-06-26,UKAB (Airbox 18),WCR1921,Santa's Christmas Cookies Deo Refill,1.0
FF5245034,SO5817618,#5956431,Shopify UK,2026-06-26 16:27:06.232792+00:00,UKAB (Airbox 18),2026-06-26,UKAB (Airbox 18),WCROA549,AP Roll On: Cherry Blossom,2.0
FF5245036,SO5817620,#5956433,Shopify UK,2026-06-26 16:27:07.706215+00:00,UKAB (Airbox 18),2026-06-26,UKAB (Airbox 18),WCROA549,AP Roll On: Cherry Blossom,1.0
FF5245043,SO5817627,#5956439,Shopify UK,2026-06-26 16:27:19.230715+00:00,UKAB (Airbox 18),2026-06-26,UKAB (Airbox 18),WCR1921,Santa's Christmas Cookies Deo Refill,1.0
FF5245103,SO5817687,#5956485,Shopify UK,2026-06-26 16:29:31.601259+00:00,UKAB (Airbox 18),2026-06-26,UKAB (Airbox 18),WCR1921,Santa's Christmas Cookies Deo Refill,1.0
FF5245119,SO5817703,#5956502,Shopify UK,2026-06-26 16:30:17.119928+00:00,UKAB (Airbox 18),2026-06-26,UKAB (Airbox 18),WCR1921,Santa's Christmas Cookies Deo Refill,1.0
FF5245139,SO5817723,#5956517,Shopify UK,2026-06-26 16:31:26.536944+00:00,UKAB (Airbox 18),2026-06-26,UKAB (Airbox 18),WCR1921,Santa's Christmas Cookies Deo Refill,1.0
FF5245183,SO5817767,2901544,Shopify EU,2026-06-26 16:39:41.715861+00:00,Airbox (EU),2026-06-26,Airbox,WCROL747,Roll On Roller: Blue,1.0
FF5245243,SO5817827,US902525,Shopify USA,2026-06-26 16:49:29.550960+00:00,Stord (US),2026-06-26,Stord,WCR2554,Deo Refill: Winter Breeze,1.0
FF5245305,SO5817889,#5956556,Shopify UK,2026-06-26 16:59:37.696488+00:00,UKAB (Airbox 18),2026-06-26,UKAB (Airbox 18),WCR03,Jasmine & Mandarin Blossom - initial_delivery,1.0
FF5245330,SO5817914,2901588,Shopify EU,2026-06-26 17:04:47.350857+00:00,UKAB (Airbox 18),2026-06-26,UKAB (Airbox 18),WCLR619V2,Original Lip Balm Refill V2,1.0
FF5245330,SO5817914,2901588,Shopify EU,2026-06-26 17:04:47.350857+00:00,UKAB (Airbox 18),2026-06-26,UKAB (Airbox 18),WCR3994EU,Deo Refill: L'Orangerie Secrete / EU ER Garden of England,2.0
FF5245330,SO5817914,2901588,Shopify EU,2026-06-26 17:04:47.350857+00:00,UKAB (Airbox 18),2026-06-26,UKAB (Airbox 18),WCROA3994EU,AP Roll On Refill: L'Orangerie,2.0
FF5245347,SO5817931,#5956565,Shopify UK,2026-06-26 17:07:07.455864+00:00,Stord (US),2026-06-26,Stord,WCLR02V2,Coconut & Vanilla Lip Balm Refill V2,1.0
FF5245347,SO5817931,#5956565,Shopify UK,2026-06-26 17:07:07.455864+00:00,Stord (US),2026-06-26,Stord,WCLR619,Original Lip Balm Refill,1.0
FF5245347,SO5817931,#5956565,Shopify UK,2026-06-26 17:07:07.455864+00:00,Stord (US),2026-06-26,Stord,WCLR966V2,Honey Lip Balm Refill V2,1.0
FF5245347,SO5817931,#5956565,Shopify UK,2026-06-26 17:07:07.455864+00:00,Stord (US),2026-06-26,Stord,WCLRSPF619V2,Original SPF Lip Balm Refill V2,1.0
FF5245405,SO5817989,#5956581,Shopify UK,2026-06-26 17:18:52.665821+00:00,UKAB (Airbox 18),2026-06-26,UKAB (Airbox 18),WCROA549,AP Roll On: Cherry Blossom,2.0
FF5245500,SO5818084,#5956563,Shopify UK,2026-06-26 17:36:08.690561+00:00,Airbox (EU),2026-06-26,Airbox,WCROC3130,Roll On Case: Leopard,1.0
FF5245567,SO5818151,#5956580,Shopify UK,2026-06-26 17:48:54.569203+00:00,Airbox (EU),2026-06-26,Airbox,WCROC3130,Roll On Case: Leopard,1.0
FF5245710,SO5818296,#5956663,Shopify UK,2026-06-26 18:17:46.831787+00:00,Airbox (EU),2026-06-26,Airbox,WCBWR3207,Body Wash Refill: Cotton Cloud,2.0
FF5246104,SO5818689,#5956736,Shopify UK,2026-06-26 19:18:59.410434+00:00,Airbox (EU),2026-06-26,Airbox,WCC1981,EBW Pink Heart Deo Case,1.0
FF5246104,SO5818689,#5956736,Shopify UK,2026-06-26 19:18:59.410434+00:00,Airbox (EU),2026-06-26,Airbox,WCC2112,Forest Green Deo Case,1.0
FF5246104,SO5818689,#5956736,Shopify UK,2026-06-26 19:18:59.410434+00:00,Airbox (EU),2026-06-26,Airbox,WCR251,Elderflower & Cucumber - initial_delivery,1.0
FF5246160,SO5818745,2901765,Shopify EU,2026-06-26 19:30:18.735859+00:00,UKAB (Airbox 18),2026-06-26,UKAB (Airbox 18),WCR3994EU,Deo Refill: L'Orangerie Secrete / EU ER Garden of England,1.0
FF5246312,SO5818897,2901805,Shopify EU,2026-06-26 19:55:45.312558+00:00,UKAB (Airbox 18),2026-06-26,UKAB (Airbox 18),WCLR1245,Lip Balm Refill: Vanilla Frost,1.0
FF5246326,SO5818911,#5956770,Shopify UK,2026-06-26 19:58:40.317703+00:00,Stord (US),2026-06-26,Stord,WCR3994,Deo Refill: ER Garden Of England,2.0
FF5246420,SO5819005,2901790,Shopify EU,2026-06-26 20:15:55.559914+00:00,UKAB (Airbox 18),2026-06-26,UKAB (Airbox 18),WCLR619V2,Original Lip Balm Refill V2,1.0
FF5246420,SO5819005,2901790,Shopify EU,2026-06-26 20:15:55.559914+00:00,UKAB (Airbox 18),2026-06-26,UKAB (Airbox 18),WCROA3994EU,AP Roll On Refill: L'Orangerie,1.0
FF5246420,SO5819005,2901790,Shopify EU,2026-06-26 20:15:55.559914+00:00,UKAB (Airbox 18),2026-06-26,UKAB (Airbox 18),WCROA549,AP Roll On: Cherry Blossom,1.0
FF5246588,SO5819171,US902685,Shopify USA,2026-06-26 20:33:50.846803+00:00,Stord (US),2026-06-26,Stord,WCLR1245,Lip Balm Refill: Vanilla Frost,1.0
FF5246614,SO5819197,AUS359377,Shopify AUS,2026-06-26 20:36:05.923538+00:00,Next (AU),2026-06-26,Next3PL,WCR02,Coconut Dreams - initial_delivery,1.0
FF5246617,SO5819200,US902701,Shopify USA,2026-06-26 20:36:30.284117+00:00,Stord (US),2026-06-26,Stord,WCBWR24,Fresh Cotton and Sea Salt 300ml Body Wash Refill,1.0
FF5246654,SO5819237,US902726,Shopify USA,2026-06-26 20:38:01.260911+00:00,Stord (US),2026-06-26,Stord,WCBWR24,Fresh Cotton and Sea Salt 300ml Body Wash Refill,1.0
FF5246733,SO5819316,US902744,Shopify USA,2026-06-26 20:47:37.155996+00:00,Stord (US),2026-06-26,Stord,WCR2554,Deo Refill: Winter Breeze,1.0
FF5246737,SO5819320,2901904,Shopify EU,2026-06-26 20:47:52.576679+00:00,UKAB (Airbox 18),2026-06-26,UKAB (Airbox 18),WCC20,Purple Deodorant Case,1.0
FF5246737,SO5819320,2901904,Shopify EU,2026-06-26 20:47:52.576679+00:00,UKAB (Airbox 18),2026-06-26,UKAB (Airbox 18),WCLR619V2,Original Lip Balm Refill V2,1.0
FF5247036,SO5819619,#5956862,Shopify UK,2026-06-26 21:29:21.864505+00:00,Next (AU),2026-06-26,Next3PL,WCR3994,Deo Refill: ER Garden Of England,1.0
FF5247222,SO5819805,AUS359392,Shopify AUS,2026-06-26 21:57:56.061172+00:00,UKAB (Airbox 18),2026-06-26,UKAB (Airbox 18),WCBWR3278,Body Wash Refill: Peachy Kiss,1.0
FF5247266,SO5819849,#5956895,Shopify UK,2026-06-26 22:04:43.818222+00:00,Stord (US),2026-06-26,Stord,WCRS3206,Deo Refill: Black Rose and Velvet Sens,1.0
FF5247266,SO5819849,#5956895,Shopify UK,2026-06-26 22:04:43.818222+00:00,Stord (US),2026-06-26,Stord,WCRS3209,Deo Refill: Wild Seduction Sensitive,1.0
FF5247620,SO5820203,2902014,Shopify EU,2026-06-26 23:09:16.262880+00:00,UKAB (Airbox 18),2026-06-27,UKAB (Airbox 18),WCROA549,AP Roll On: Cherry Blossom,1.0
FF5247700,SO5820283,AUS359427,Shopify AUS,2026-06-26 23:23:08.635333+00:00,UKAB (Airbox 18),2026-06-27,UKAB (Airbox 18),WCR1101,Autumn Leaves Deo Refill,1.0
FF5247821,SO5820404,2902022,Shopify EU,2026-06-26 23:48:36.253539+00:00,Airbox (EU),2026-06-27,Airbox,WCROL747,Roll On Roller: Blue,1.0
FF5247993,SO5820576,AUS359452,Shopify AUS,2026-06-27 00:14:54.754343+00:00,Next (AU),2026-06-27,Next3PL,WCR02,Coconut Dreams - initial_delivery,1.0
FF5247998,SO5820581,#5956974,Shopify UK,2026-06-27 00:15:30.675913+00:00,UKAB (Airbox 18),2026-06-27,UKAB (Airbox 18),WCROL747,Roll On Roller: Blue,1.0
FF5248134,SO5820717,#5956978,Shopify UK,2026-06-27 00:44:37.018171+00:00,Airbox (EU),2026-06-27,Airbox,WCROC2756,Roll On Case: Forest Green,1.0
FF5248275,SO5820858,#5956983,Shopify UK,2026-06-27 01:07:07.365333+00:00,UKAB (Airbox 18),2026-06-27,UKAB (Airbox 18),WCROA549,AP Roll On: Cherry Blossom,1.0
FF5248279,SO5820862,#5956987,Shopify UK,2026-06-27 01:07:18.588298+00:00,UKAB (Airbox 18),2026-06-27,UKAB (Airbox 18),WCROA549,AP Roll On: Cherry Blossom,2.0
FF5248312,SO5820895,#5957019,Shopify UK,2026-06-27 01:09:08.547377+00:00,UKAB (Airbox 18),2026-06-27,UKAB (Airbox 18),WCR1751,Summer Breeze Deodorant Refill,2.0
FF5248335,SO5820918,#5957040,Shopify UK,2026-06-27 01:09:40.269889+00:00,UKAB (Airbox 18),2026-06-27,UKAB (Airbox 18),WCRS762,Rainforest Oasis - Sensitive Deo Refill,1.0
FF5248339,SO5820922,#5957041,Shopify UK,2026-06-27 01:09:43.345043+00:00,UKAB (Airbox 18),2026-06-27,UKAB (Airbox 18),WCROA549,AP Roll On: Cherry Blossom,2.0
FF5248376,SO5820961,#5957079,Shopify UK,2026-06-27 01:10:11.611626+00:00,UKAB (Airbox 18),2026-06-27,UKAB (Airbox 18),WCROA549,AP Roll On: Cherry Blossom,1.0
FF5248424,SO5821007,#5957132,Shopify UK,2026-06-27 01:10:31.049701+00:00,UKAB (Airbox 18),2026-06-27,UKAB (Airbox 18),WCR1687,Mad Hatter's Tea Party Deodorant Refill,1.0
FF5248439,SO5821022,#5957152,Shopify UK,2026-06-27 01:10:37.209651+00:00,UKAB (Airbox 18),2026-06-27,UKAB (Airbox 18),WCROA549,AP Roll On: Cherry Blossom,1.0
FF5248475,SO5821058,#5957185,Shopify UK,2026-06-27 01:10:52.111236+00:00,UKAB (Airbox 18),2026-06-27,UKAB (Airbox 18),WCROA3207,Roll On AP: Cotton Cloud,2.0
FF5248511,SO5821095,#5957203,Shopify UK,2026-06-27 01:11:03.196865+00:00,UKAB (Airbox 18),2026-06-27,UKAB (Airbox 18),WCROA549,AP Roll On: Cherry Blossom,1.0
FF5248531,SO5821114,#5957224,Shopify UK,2026-06-27 01:11:11.178663+00:00,UKAB (Airbox 18),2026-06-27,UKAB (Airbox 18),WCROA3207,Roll On AP: Cotton Cloud,1.0
FF5248537,SO5821120,#5957240,Shopify UK,2026-06-27 01:11:11.991379+00:00,UKAB (Airbox 18),2026-06-27,UKAB (Airbox 18),WCROA549,AP Roll On: Cherry Blossom,1.0
FF5248541,SO5821126,#5957258,Shopify UK,2026-06-27 01:11:13.717981+00:00,UKAB (Airbox 18),2026-06-27,UKAB (Airbox 18),WCROA549,AP Roll On: Cherry Blossom,3.0
FF5248552,SO5821135,#5957261,Shopify UK,2026-06-27 01:11:17.339007+00:00,Stord (US),2026-06-27,Stord,WCBWR24,Fresh Cotton and Sea Salt 300ml Body Wash Refill,1.0
FF5248595,SO5821179,#5957304,Shopify UK,2026-06-27 01:11:32.414975+00:00,UKAB (Airbox 18),2026-06-27,UKAB (Airbox 18),WCROA549,AP Roll On: Cherry Blossom,1.0
FF5248601,SO5821184,#5957302,Shopify UK,2026-06-27 01:11:34.306414+00:00,UKAB (Airbox 18),2026-06-27,UKAB (Airbox 18),WCROA549,AP Roll On: Cherry Blossom,1.0
FF5248616,SO5821198,#5957310,Shopify UK,2026-06-27 01:11:39.004109+00:00,UKAB (Airbox 18),2026-06-27,UKAB (Airbox 18),WCROA549,AP Roll On: Cherry Blossom,1.0
FF5248626,SO5821210,#5957321,Shopify UK,2026-06-27 01:11:42.654524+00:00,UKAB (Airbox 18),2026-06-27,UKAB (Airbox 18),WCROA549,AP Roll On: Cherry Blossom,1.0
FF5248656,SO5821238,#5957358,Shopify UK,2026-06-27 01:11:51.060471+00:00,UKAB (Airbox 18),2026-06-27,UKAB (Airbox 18),WCROA549,AP Roll On: Cherry Blossom,1.0
FF5248682,SO5821266,#5957387,Shopify UK,2026-06-27 01:11:59.533136+00:00,UKAB (Airbox 18),2026-06-27,UKAB (Airbox 18),WCR1921,Santa's Christmas Cookies Deo Refill,1.0
FF5248714,SO5821298,#5957400,Shopify UK,2026-06-27 01:12:10.461946+00:00,Stord (US),2026-06-27,Stord,WCROA02,AP Roll On: Coconut & Vanilla,1.0
FF5248714,SO5821298,#5957400,Shopify UK,2026-06-27 01:12:10.461946+00:00,Stord (US),2026-06-27,Stord,WCROA24,AP Roll On: Cotton & Seasalt,1.0
FF5248714,SO5821298,#5957400,Shopify UK,2026-06-27 01:12:10.461946+00:00,Stord (US),2026-06-27,Stord,WCROA608,Roll On AP: Amber & Oud,1.0
FF5248723,SO5821306,#5957427,Shopify UK,2026-06-27 01:12:14.418310+00:00,UKAB (Airbox 18),2026-06-27,UKAB (Airbox 18),WCR1921,Santa's Christmas Cookies Deo Refill,1.0
FF5248750,SO5821333,#5957455,Shopify UK,2026-06-27 01:12:24.245673+00:00,UKAB (Airbox 18),2026-06-27,UKAB (Airbox 18),WCROA549,AP Roll On: Cherry Blossom,1.0
FF5248829,SO5821414,#5957527,Shopify UK,2026-06-27 01:12:51.803690+00:00,UKAB (Airbox 18),2026-06-27,UKAB (Airbox 18),WCROA549,AP Roll On: Cherry Blossom,1.0
FF5248833,SO5821417,#5957526,Shopify UK,2026-06-27 01:12:52.095944+00:00,Stord (US),2026-06-27,Stord,WCBWR24,Fresh Cotton and Sea Salt 300ml Body Wash Refill,1.0
FF5248863,SO5821447,#5957568,Shopify UK,2026-06-27 01:13:02.580086+00:00,Stord (US),2026-06-27,Stord,WCC2112,Forest Green Deo Case,1.0
FF5248894,SO5821477,#5957594,Shopify UK,2026-06-27 01:13:13.088864+00:00,UKAB (Airbox 18),2026-06-27,UKAB (Airbox 18),WCR1921,Santa's Christmas Cookies Deo Refill,1.0
FF5248934,SO5821512,#5957622,Shopify UK,2026-06-27 01:13:24.094231+00:00,UKAB (Airbox 18),2026-06-27,UKAB (Airbox 18),WCR1921,Santa's Christmas Cookies Deo Refill,1.0
FF5248999,SO5821582,#5957686,Shopify UK,2026-06-27 01:13:45.866298+00:00,UKAB (Airbox 18),2026-06-27,UKAB (Airbox 18),WCBWR507,Thunderstorm 300ml Body Wash Refill,3.0
FF5249016,SO5821599,#5957719,Shopify UK,2026-06-27 01:13:54.276200+00:00,Stord (US),2026-06-27,Stord,WCR1893,Watermelon Deodorant Refill,1.0
FF5249043,SO5821626,#5957742,Shopify UK,2026-06-27 01:14:03.176189+00:00,UKAB (Airbox 18),2026-06-27,UKAB (Airbox 18),WCROA549,AP Roll On: Cherry Blossom,1.0
FF5249057,SO5821640,#5957774,Shopify UK,2026-06-27 01:14:08.799681+00:00,UKAB (Airbox 18),2026-06-27,UKAB (Airbox 18),WCROA549,AP Roll On: Cherry Blossom,1.0
FF5249099,SO5821682,#5957790,Shopify UK,2026-06-27 01:14:23.265004+00:00,UKAB (Airbox 18),2026-06-27,UKAB (Airbox 18),WCROA549,AP Roll On: Cherry Blossom,1.0
FF5249122,SO5821705,#5957812,Shopify UK,2026-06-27 01:14:32.059132+00:00,UKAB (Airbox 18),2026-06-27,UKAB (Airbox 18),WCROA549,AP Roll On: Cherry Blossom,1.0
FF5249127,SO5821708,#5957822,Shopify UK,2026-06-27 01:14:34.024418+00:00,UKAB (Airbox 18),2026-06-27,UKAB (Airbox 18),WCROA549,AP Roll On: Cherry Blossom,1.0
FF5249500,SO5822083,#5957897,Shopify UK,2026-06-27 02:34:22.203750+00:00,Stord (US),2026-06-27,Stord,WCC2332,Deo Case: Pastel Blue,1.0
FF5249641,SO5822224,#5957901,Shopify UK,2026-06-27 03:24:51.501891+00:00,Stord (US),2026-06-27,Stord,WMIN01,Orange & Neroli Mini Deodorant,1.0
FF5249673,SO5822256,#5957902,Shopify UK,2026-06-27 03:32:25.246874+00:00,UKAB (Airbox 18),2026-06-27,UKAB (Airbox 18),WCROL747,Roll On Roller: Blue,1.0
FF5249736,SO5822319,#5957903,Shopify UK,2026-06-27 03:50:51.625937+00:00,UKAB (Airbox 18),2026-06-27,UKAB (Airbox 18),WCROL747,Roll On Roller: Blue,1.0
FF5249778,SO5822361,2902045,Shopify EU,2026-06-27 04:00:17.789580+00:00,Airbox (EU),2026-06-27,Airbox,WCROL747,Roll On Roller: Blue,1.0
FF5249792,SO5822375,2902047,Shopify EU,2026-06-27 04:03:40.240237+00:00,Airbox (EU),2026-06-27,Airbox,WCROL1905,Roll On Roller: Pink,1.0
FF5249833,SO5822416,#5957907,Shopify UK,2026-06-27 04:18:10.142600+00:00,UKAB (Airbox 18),2026-06-27,UKAB (Airbox 18),WCROL747,Roll On Roller: Blue,1.0
FF5249839,SO5822422,AUS359551,Shopify AUS,2026-06-27 04:18:39.370944+00:00,Next (AU),2026-06-27,Next3PL,WCR02,Coconut Dreams - initial_delivery,3.0
FF5249841,SO5822424,AUS359552,Shopify AUS,2026-06-27 04:18:45.334180+00:00,Next (AU),2026-06-27,Next3PL,WCR02,Coconut Dreams - initial_delivery,1.0
FF5249844,SO5822427,AUS359554,Shopify AUS,2026-06-27 04:18:54.161707+00:00,Next (AU),2026-06-27,Next3PL,WCR02,Coconut Dreams - initial_delivery,1.0
FF5249847,SO5822430,AUS359558,Shopify AUS,2026-06-27 04:19:03.241136+00:00,Next (AU),2026-06-27,Next3PL,WCR02,Coconut Dreams - initial_delivery,1.0
FF5249854,SO5822437,AUS359544,Shopify AUS,2026-06-27 04:19:23.333868+00:00,Next (AU),2026-06-27,Next3PL,WCR02,Coconut Dreams - initial_delivery,1.0
FF5249856,SO5822439,AUS359559,Shopify AUS,2026-06-27 04:19:27.023256+00:00,Next (AU),2026-06-27,Next3PL,WCR02,Coconut Dreams - initial_delivery,1.0
FF5249857,SO5822440,AUS359568,Shopify AUS,2026-06-27 04:19:27.141492+00:00,UKAB (Airbox 18),2026-06-27,UKAB (Airbox 18),WCBWR3278,Body Wash Refill: Peachy Kiss,1.0
FF5249858,SO5822441,AUS359566,Shopify AUS,2026-06-27 04:19:27.370957+00:00,Next (AU),2026-06-27,Next3PL,WCR02,Coconut Dreams - initial_delivery,2.0
FF5249889,SO5822471,AUS359579,Shopify AUS,2026-06-27 04:20:20.819381+00:00,Next (AU),2026-06-27,Next3PL,WCR02,Coconut Dreams - initial_delivery,1.0
FF5249908,SO5822491,AUS359611,Shopify AUS,2026-06-27 04:20:37.756684+00:00,Next (AU),2026-06-27,Next3PL,WCR02,Coconut Dreams - initial_delivery,1.0
FF5249910,SO5822493,AUS359616,Shopify AUS,2026-06-27 04:20:41.597370+00:00,UKAB (Airbox 18),2026-06-27,UKAB (Airbox 18),WCBWR3278,Body Wash Refill: Peachy Kiss,1.0
FF5249946,SO5822530,2902066,Shopify EU,2026-06-27 04:25:19.144821+00:00,Airbox (EU),2026-06-27,Airbox,WCRS1002,Honey & Cactus Flower Sensitive- initial_delivery,1.0
FF5249967,SO5822552,2902114,Shopify EU,2026-06-27 04:25:25.138459+00:00,UKAB (Airbox 18),2026-06-27,UKAB (Airbox 18),WCLR966,Honey Lip Balm Refill,1.0
FF5250009,SO5822593,2902129,Shopify EU,2026-06-27 04:25:36.912709+00:00,Airbox (EU),2026-06-27,Airbox,WCSGR1107,Sugar Plum Fairy Shower Gel,1.0
FF5250161,SO5822744,US903030,Shopify USA,2026-06-27 04:26:30.140902+00:00,Stord (US),2026-06-27,Stord,WCLR1245,Lip Balm Refill: Vanilla Frost,1.0
FF5250179,SO5822758,2902294,Shopify EU,2026-06-27 04:26:35.706442+00:00,Airbox (EU),2026-06-27,Airbox,WCHWR1751,Summer Breeze Hand Wash Refill,1.0
FF5250179,SO5822758,2902294,Shopify EU,2026-06-27 04:26:35.706442+00:00,Airbox (EU),2026-06-27,Airbox,WCHWR2512,Black Cherry Handwash,1.0
FF5250258,SO5822843,US903049,Shopify USA,2026-06-27 04:27:04.605739+00:00,Stord (US),2026-06-27,Stord,WCR2554,Deo Refill: Winter Breeze,1.0
FF5250309,SO5822892,US903084,Shopify USA,2026-06-27 04:27:20.778187+00:00,Stord (US),2026-06-27,Stord,WCLR1245,Lip Balm Refill: Vanilla Frost,3.0
FF5250349,SO5822932,2902388,Shopify EU,2026-06-27 04:27:33.405863+00:00,Airbox (EU),2026-06-27,Airbox,WCRS3206,Deo Refill: Black Rose and Velvet Sens,1.0
FF5250391,SO5822974,US903130,Shopify USA,2026-06-27 04:27:49.146172+00:00,Stord (US),2026-06-27,Stord,WCR2554,Deo Refill: Winter Breeze,1.0
FF5250415,SO5822998,US903134,Shopify USA,2026-06-27 04:27:58.457250+00:00,Stord (US),2026-06-27,Stord,WCSGR1107,Sugar Plum Fairy Shower Gel,1.0
FF5250433,SO5823016,2902431,Shopify EU,2026-06-27 04:28:05.309055+00:00,Airbox (EU),2026-06-27,Airbox,WCRS3206,Deo Refill: Black Rose and Velvet Sens,1.0
FF5250458,SO5823042,US903172,Shopify USA,2026-06-27 04:28:13.953276+00:00,Stord (US),2026-06-27,Stord,WCLR1245,Lip Balm Refill: Vanilla Frost,3.0
FF5250530,SO5823117,US903251,Shopify USA,2026-06-27 04:28:49.043704+00:00,Stord (US),2026-06-27,Stord,WCLR1245,Lip Balm Refill: Vanilla Frost,1.0
FF5250540,SO5823123,US903240,Shopify USA,2026-06-27 04:28:50.846339+00:00,Stord (US),2026-06-27,Stord,WCLR1245,Lip Balm Refill: Vanilla Frost,1.0
FF5250545,SO5823127,US903244,Shopify USA,2026-06-27 04:28:52.440413+00:00,Stord (US),2026-06-27,Stord,WCLR1245,Lip Balm Refill: Vanilla Frost,1.0
FF5250592,SO5823175,US903316,Shopify USA,2026-06-27 04:29:12.516240+00:00,Stord (US),2026-06-27,Stord,WCBWR3207,Body Wash Refill: Cotton Cloud,1.0
FF5250631,SO5823217,US903327,Shopify USA,2026-06-27 04:29:26.815803+00:00,Stord (US),2026-06-27,Stord,WCLR1245,Lip Balm Refill: Vanilla Frost,3.0
FF5250636,SO5823216,US903335,Shopify USA,2026-06-27 04:29:26.484300+00:00,Stord (US),2026-06-27,Stord,WCR2554,Deo Refill: Winter Breeze,2.0
FF5250656,SO5823241,US903363,Shopify USA,2026-06-27 04:29:35.729806+00:00,Stord (US),2026-06-27,Stord,WCR1818,Cola Deodorant Refill,2.0
FF5250678,SO5823261,US903383,Shopify USA,2026-06-27 04:29:43.219698+00:00,Stord (US),2026-06-27,Stord,WCLR1245,Lip Balm Refill: Vanilla Frost,3.0
FF5250702,SO5823287,US903410,Shopify USA,2026-06-27 04:29:52.089020+00:00,Stord (US),2026-06-27,Stord,WCLR1245,Lip Balm Refill: Vanilla Frost,2.0
FF5250715,SO5823298,US903429,Shopify USA,2026-06-27 04:29:58.084053+00:00,Stord (US),2026-06-27,Stord,WCC2332,Deo Case: Pastel Blue,1.0
FF5250719,SO5823300,US903431,Shopify USA,2026-06-27 04:29:58.530564+00:00,Stord (US),2026-06-27,Stord,WCR1818,Cola Deodorant Refill,1.0
FF5250723,SO5823306,US903427,Shopify USA,2026-06-27 04:30:03.279830+00:00,Stord (US),2026-06-27,Stord,WCR1818,Cola Deodorant Refill,1.0
FF5250737,SO5823322,US903444,Shopify USA,2026-06-27 04:30:10.404170+00:00,Stord (US),2026-06-27,Stord,WCR1818,Cola Deodorant Refill,1.0
FF5250747,SO5823330,US903457,Shopify USA,2026-06-27 04:30:14.257431+00:00,Stord (US),2026-06-27,Stord,WCR1818,Cola Deodorant Refill,3.0
FF5250755,SO5823337,US903465,Shopify USA,2026-06-27 04:30:18.025137+00:00,Stord (US),2026-06-27,Stord,WCR1818,Cola Deodorant Refill,1.0
FF5250760,SO5823343,US903469,Shopify USA,2026-06-27 04:30:20.748363+00:00,Stord (US),2026-06-27,Stord,WCLR1245,Lip Balm Refill: Vanilla Frost,3.0
FF5250775,SO5823358,US903473,Shopify USA,2026-06-27 04:34:31.945604+00:00,Stord (US),2026-06-27,Stord,WCR1818,Cola Deodorant Refill,1.0
FF5250905,SO5823488,2902461,Shopify EU,2026-06-27 05:28:56.067730+00:00,Airbox (EU),2026-06-27,Airbox,WCROL1905,Roll On Roller: Pink,1.0
FF5250936,SO5823519,2902468,Shopify EU,2026-06-27 05:46:41.344511+00:00,Airbox (EU),2026-06-27,Airbox,WCROC3774,Roll On Case: Stitch,1.0
FF5250966,SO5823549,AUS359653,Shopify AUS,2026-06-27 05:55:24.757351+00:00,UKAB (Airbox 18),2026-06-27,UKAB (Airbox 18),WCBWR3278,Body Wash Refill: Peachy Kiss,1.0
FF5250979,SO5823562,2902462,Shopify EU,2026-06-27 06:00:04.547046+00:00,UKAB (Airbox 18),2026-06-27,UKAB (Airbox 18),WCR3994EU,Deo Refill: L'Orangerie Secrete / EU ER Garden of England,1.0
FF5251169,SO5823751,2902487,Shopify EU,2026-06-27 06:59:08.399896+00:00,UKAB (Airbox 18),2026-06-27,UKAB (Airbox 18),WCROA549,AP Roll On: Cherry Blossom,1.0
FF5251186,SO5823768,#5957970,Shopify UK,2026-06-27 07:04:07.379325+00:00,Airbox (EU),2026-06-27,Airbox,WCRS3206,Deo Refill: Black Rose and Velvet Sens,1.0
FF5251260,SO5823842,#5957993,Shopify UK,2026-06-27 07:22:00.247341+00:00,Airbox (EU),2026-06-27,Airbox,WCBWR3207,Body Wash Refill: Cotton Cloud,3.0
FF5251326,SO5823908,#5957978,Shopify UK,2026-06-27 07:40:57.854598+00:00,Airbox (EU),2026-06-27,Airbox,WCC2556,Deo Case: Chrome ,1.0
FF5251384,SO5823966,#5958027,Shopify UK,2026-06-27 07:58:01.984742+00:00,Airbox (EU),2026-06-27,Airbox,WCROC3774,Roll On Case: Stitch,1.0
FF5251496,SO5824078,#5958070,Shopify UK,2026-06-27 08:26:09.838377+00:00,Airbox (EU),2026-06-27,Airbox,WCLC864,Rose Lip Balm Case,1.0
FF5251627,SO5824209,2902640,Shopify EU,2026-06-27 08:50:27.234028+00:00,UKAB (Airbox 18),2026-06-27,UKAB (Airbox 18),WCLR619V2,Original Lip Balm Refill V2,1.0
FF5251640,SO5824222,#5958109,Shopify UK,2026-06-27 08:53:24.871855+00:00,Airbox (EU),2026-06-27,Airbox,WCROC2756,Roll On Case: Forest Green,1.0
FF5251698,SO5824280,#5958128,Shopify UK,2026-06-27 09:07:23.587537+00:00,Airbox (EU),2026-06-27,Airbox,WCC2103,Strawberry Deo Case,2.0
FF5251698,SO5824280,#5958128,Shopify UK,2026-06-27 09:07:23.587537+00:00,Airbox (EU),2026-06-27,Airbox,WCLC866,Sage Lip Balm Case,1.0
FF5251698,SO5824280,#5958128,Shopify UK,2026-06-27 09:07:23.587537+00:00,Airbox (EU),2026-06-27,Airbox,WCROC3130,Roll On Case: Leopard,2.0
FF5251698,SO5824280,#5958128,Shopify UK,2026-06-27 09:07:23.587537+00:00,Airbox (EU),2026-06-27,Airbox,WCROC3774,Roll On Case: Stitch,2.0
FF5251816,SO5824398,#5958186,Shopify UK,2026-06-27 09:22:16.913301+00:00,UKAB (Airbox 18),2026-06-27,UKAB (Airbox 18),WCROA549,AP Roll On: Cherry Blossom,2.0
FF5251857,SO5824439,#5958204,Shopify UK,2026-06-27 09:29:26.455628+00:00,Airbox (EU),2026-06-27,Airbox,WCROC3130,Roll On Case: Leopard,1.0
FF5251935,SO5824516,#5958236,Shopify UK,2026-06-27 09:43:14.582719+00:00,UKAB (Airbox 18),2026-06-27,UKAB (Airbox 18),WCR1921,Santa's Christmas Cookies Deo Refill,1.0
FF5251964,SO5824545,2902764,Shopify EU,2026-06-27 09:48:11.149254+00:00,UKAB (Airbox 18),2026-06-27,UKAB (Airbox 18),WCR3994EU,Deo Refill: L'Orangerie Secrete / EU ER Garden of England,1.0
FF5252117,SO5824698,#5958240,Shopify UK,2026-06-27 10:14:46.166110+00:00,Stord (US),2026-06-27,Stord,WCR3994,Deo Refill: ER Garden Of England,2.0
FF5252211,SO5824792,#5958348,Shopify UK,2026-06-27 10:33:09.892586+00:00,Airbox (EU),2026-06-27,Airbox,WCROC2756,Roll On Case: Forest Green,1.0
FF5252246,SO5824827,#5958362,Shopify UK,2026-06-27 10:40:48.054388+00:00,Airbox (EU),2026-06-27,Airbox,WCROC3774,Roll On Case: Stitch,1.0
FF5252291,SO5824872,#5958381,Shopify UK,2026-06-27 10:49:40.436953+00:00,Airbox (EU),2026-06-27,Airbox,WCC2112,Forest Green Deo Case,1.0
FF5252514,SO5825095,#5958337,Shopify UK,2026-06-27 11:30:09.382624+00:00,Airbox (EU),2026-06-27,Airbox,WCROC3130,Roll On Case: Leopard,1.0
FF5252544,SO5825125,AUS359720,Shopify AUS,2026-06-27 11:35:08.925178+00:00,UKAB (Airbox 18),2026-06-27,UKAB (Airbox 18),WCBWR3278,Body Wash Refill: Peachy Kiss,1.0
FF5252573,SO5825154,2902974,Shopify EU,2026-06-27 11:41:55.661894+00:00,UKAB (Airbox 18),2026-06-27,UKAB (Airbox 18),WCROA549,AP Roll On: Cherry Blossom,1.0
FF5252579,SO5825160,AUS359736,Shopify AUS,2026-06-27 11:43:04.820688+00:00,UKAB (Airbox 18),2026-06-27,UKAB (Airbox 18),WCBWR3278,Body Wash Refill: Peachy Kiss,1.0
FF5252579,SO5825160,AUS359736,Shopify AUS,2026-06-27 11:43:04.820688+00:00,UKAB (Airbox 18),2026-06-27,UKAB (Airbox 18),WCR1687,Mad Hatter's Tea Party Deodorant Refill,2.0
FF5252650,SO5825231,2902997,Shopify EU,2026-06-27 11:56:16.005367+00:00,Airbox (EU),2026-06-27,Airbox,WCROC3774,Roll On Case: Stitch,1.0
FF5252683,SO5825264,#5958471,Shopify UK,2026-06-27 12:03:31.363376+00:00,Stord (US),2026-06-27,Stord,WCBWMIN966,Honey & Almond Body Wash Mini,1.0
FF5252706,SO5825287,#5958537,Shopify UK,2026-06-27 12:07:54.559456+00:00,Stord (US),2026-06-27,Stord,WCR3994,Deo Refill: ER Garden Of England,5.0
FF5252729,SO5825310,2902975,Shopify EU,2026-06-27 12:11:48.970138+00:00,Stord (US),2026-06-27,Stord,WCR3994EU,Deo Refill: L'Orangerie Secrete / EU ER Garden of England,2.0
FF5252729,SO5825310,2902975,Shopify EU,2026-06-27 12:11:48.970138+00:00,Stord (US),2026-06-27,Stord,WMIN3111,Mini Deo: Peachy Kisses,1.0
FF5252734,SO5825315,2903023,Shopify EU,2026-06-27 12:12:15.543989+00:00,Airbox (EU),2026-06-27,Airbox,WCHWR2512,Black Cherry Handwash,1.0
FF5252806,SO5825387,2903044,Shopify EU,2026-06-27 12:28:39.826834+00:00,UKAB (Airbox 18),2026-06-27,UKAB (Airbox 18),WCLR619V2,Original Lip Balm Refill V2,2.0
FF5252806,SO5825387,2903044,Shopify EU,2026-06-27 12:28:39.826834+00:00,UKAB (Airbox 18),2026-06-27,UKAB (Airbox 18),WCROA3994EU,AP Roll On Refill: L'Orangerie,1.0
FF5252806,SO5825387,2903044,Shopify EU,2026-06-27 12:28:39.826834+00:00,UKAB (Airbox 18),2026-06-27,UKAB (Airbox 18),WCROC2738,Roll On Case: Love Heart,1.0
FF5252838,SO5825419,#5958578,Shopify UK,2026-06-27 12:34:27.831225+00:00,UKAB (Airbox 18),2026-06-27,UKAB (Airbox 18),WCROL1905,Roll On Roller: Pink,1.0
FF5252897,SO5825478,2903076,Shopify EU,2026-06-27 12:45:54.786005+00:00,Airbox (EU),2026-06-27,Airbox,WCR2554,Deo Refill: Winter Breeze,1.0
FF5252968,SO5825549,#5958623,Shopify UK,2026-06-27 13:02:14.428530+00:00,Airbox (EU),2026-06-27,Airbox,WCC2103,Strawberry Deo Case,1.0
FF5253092,SO5825673,#5958654,Shopify UK,2026-06-27 13:26:23.433409+00:00,Airbox (EU),2026-06-27,Airbox,WCROC3774,Roll On Case: Stitch,1.0
FF5253182,SO5825763,#5958591,Shopify UK,2026-06-27 13:45:07.506202+00:00,Airbox (EU),2026-06-27,Airbox,WCR251,Elderflower & Cucumber - initial_delivery,1.0
FF5253209,SO5825790,#5958637,Shopify UK,2026-06-27 13:50:51.534984+00:00,Stord (US),2026-06-27,Stord,WCC1989,Sunflower Deo Case,1.0
FF5253246,SO5825827,#5958696,Shopify UK,2026-06-27 14:00:18.776394+00:00,Airbox (EU),2026-06-27,Airbox,WCR1689,Sunkissed Deodorant Refill,1.0
FF5253438,SO5826019,#5958711,Shopify UK,2026-06-27 14:40:56.692271+00:00,Airbox (EU),2026-06-27,Airbox,WCROC3774,Roll On Case: Stitch,1.0
FF5253535,SO5826116,2903271,Shopify EU,2026-06-27 14:56:17.641196+00:00,Airbox (EU),2026-06-27,Airbox,WCLC866,Sage Lip Balm Case,1.0
FF5253541,SO5826122,2903275,Shopify EU,2026-06-27 14:57:06.040926+00:00,Airbox (EU),2026-06-27,Airbox,WCR251,Elderflower & Cucumber - initial_delivery,1.0
FF5253599,SO5826180,#5958788,Shopify UK,2026-06-27 15:05:02.038388+00:00,Stord (US),2026-06-27,Stord,WCBWMIN24,Fresh Cotton and Sea Salt Body Wash Mini,1.0
FF5253599,SO5826180,#5958788,Shopify UK,2026-06-27 15:05:02.038388+00:00,Stord (US),2026-06-27,Stord,WCLC747V2,Lip Balm Case: Bee,1.0
FF5253599,SO5826180,#5958788,Shopify UK,2026-06-27 15:05:02.038388+00:00,Stord (US),2026-06-27,Stord,WCLR966V2,Honey Lip Balm Refill V2,1.0
FF5253599,SO5826180,#5958788,Shopify UK,2026-06-27 15:05:02.038388+00:00,Stord (US),2026-06-27,Stord,WMIN01,Orange & Neroli Mini Deodorant,1.0
FF5253693,SO5826273,2903327,Shopify EU,2026-06-27 15:20:09.410501+00:00,Airbox (EU),2026-06-27,Airbox,WCLC866,Sage Lip Balm Case,1.0
FF5253693,SO5826273,2903327,Shopify EU,2026-06-27 15:20:09.410501+00:00,Airbox (EU),2026-06-27,Airbox,WCRS2557,Deo Refill: Vanilla Butterscotch Sens,1.0
FF5253710,SO5826290,2903332,Shopify EU,2026-06-27 15:22:01.217136+00:00,Airbox (EU),2026-06-27,Airbox,WCLC2556,Lip Balm Case: Chrome,1.0
FF5253710,SO5826290,2903332,Shopify EU,2026-06-27 15:22:01.217136+00:00,Airbox (EU),2026-06-27,Airbox,WCLC866,Sage Lip Balm Case,1.0
FF5253867,SO5826447,2903374,Shopify EU,2026-06-27 15:46:06.537629+00:00,UKAB (Airbox 18),2026-06-27,UKAB (Airbox 18),WCBWR3994EU,Body Wash EU ER Garden Of England,1.0
FF5253867,SO5826447,2903374,Shopify EU,2026-06-27 15:46:06.537629+00:00,UKAB (Airbox 18),2026-06-27,UKAB (Airbox 18),WCR3994EU,Deo Refill: L'Orangerie Secrete / EU ER Garden of England,1.0
FF5253875,SO5826455,2903378,Shopify EU,2026-06-27 15:48:01.274032+00:00,Airbox (EU),2026-06-27,Airbox,WCLC866,Sage Lip Balm Case,1.0
FF5253888,SO5826468,2903383,Shopify EU,2026-06-27 15:50:27.797959+00:00,Airbox (EU),2026-06-27,Airbox,WCLC866,Sage Lip Balm Case,1.0
FF5253987,SO5826567,#5958874,Shopify UK,2026-06-27 16:06:43.302211+00:00,Stord (US),2026-06-27,Stord,WMIN02,Coconut Dreams Mini Deodorant,1.0
FF5254107,SO5826687,#5958909,Shopify UK,2026-06-27 16:22:10.329101+00:00,UKAB (Airbox 18),2026-06-27,UKAB (Airbox 18),WCRS1016,Peach Iced Tea Sensitive Deo Refill,1.0
FF5254117,SO5826697,#5958917,Shopify UK,2026-06-27 16:23:07.493133+00:00,UKAB (Airbox 18),2026-06-27,UKAB (Airbox 18),WCROA549,AP Roll On: Cherry Blossom,1.0
FF5254121,SO5826701,#5958856,Shopify UK,2026-06-27 16:23:22.891673+00:00,Stord (US),2026-06-27,Stord,WCR3994,Deo Refill: ER Garden Of England,1.0
FF5254125,SO5826705,#5958921,Shopify UK,2026-06-27 16:23:31.788008+00:00,UKAB (Airbox 18),2026-06-27,UKAB (Airbox 18),WCROA549,AP Roll On: Cherry Blossom,1.0
FF5254130,SO5826710,#5958924,Shopify UK,2026-06-27 16:23:50.326334+00:00,UKAB (Airbox 18),2026-06-27,UKAB (Airbox 18),WCR1921,Santa's Christmas Cookies Deo Refill,1.0
FF5254160,SO5826740,#5958949,Shopify UK,2026-06-27 16:26:03.131795+00:00,UKAB (Airbox 18),2026-06-27,UKAB (Airbox 18),WCROA549,AP Roll On: Cherry Blossom,1.0
FF5254167,SO5826747,#5958953,Shopify UK,2026-06-27 16:26:27.337897+00:00,UKAB (Airbox 18),2026-06-27,UKAB (Airbox 18),WCROA549,AP Roll On: Cherry Blossom,3.0
FF5254338,SO5826918,#5959020,Shopify UK,2026-06-27 16:48:40.063220+00:00,Airbox (EU),2026-06-27,Airbox,WCROC2556,Roll On Case: Chrome,1.0
FF5254372,SO5826952,2903481,Shopify EU,2026-06-27 16:57:25.627643+00:00,Airbox (EU),2026-06-27,Airbox,WCROC3333,Roll On Case: Miffy,1.0
FF5254400,SO5826980,AUS359760,Shopify AUS,2026-06-27 17:02:06.626167+00:00,UKAB (Airbox 18),2026-06-27,UKAB (Airbox 18),WCR1947,Caramel Latte Deo Refill,1.0
FF5254433,SO5827013,AUS359761,Shopify AUS,2026-06-27 17:08:03.862524+00:00,UKAB (Airbox 18),2026-06-27,UKAB (Airbox 18),WCROA549,AP Roll On: Cherry Blossom,1.0
FF5254453,SO5827033,#5959041,Shopify UK,2026-06-27 17:11:44.272018+00:00,Airbox (EU),2026-06-27,Airbox,WCR251,Elderflower & Cucumber - initial_delivery,1.0
FF5254453,SO5827033,#5959041,Shopify UK,2026-06-27 17:11:44.272018+00:00,Airbox (EU),2026-06-27,Airbox,WCROC2756,Roll On Case: Forest Green,1.0
FF5254592,SO5827172,#5959038,Shopify UK,2026-06-27 17:39:39.814559+00:00,Stord (US),2026-06-27,Stord,WCBWR1963,Spa Daydreams Body Wash Refill 300ml,1.0
FF5254592,SO5827172,#5959038,Shopify UK,2026-06-27 17:39:39.814559+00:00,Stord (US),2026-06-27,Stord,WCBWR3994,Body Wash Refill: ER Garden of England,1.0
FF5254679,SO5827259,#5959096,Shopify UK,2026-06-27 18:02:35.578940+00:00,Next (AU),2026-06-27,Next3PL,WCROA3994,AP Roll On Refill: ER Garden of England,1.0
FF5254716,SO5827295,#5959105,Shopify UK,2026-06-27 18:10:30.399275+00:00,Stord (US),2026-06-27,Stord,WCBWMIN1963,Spa Daydreams Body Wash Mini,1.0
FF5254716,SO5827295,#5959105,Shopify UK,2026-06-27 18:10:30.399275+00:00,Stord (US),2026-06-27,Stord,WCBWMIN24,Fresh Cotton and Sea Salt Body Wash Mini,1.0
FF5254716,SO5827295,#5959105,Shopify UK,2026-06-27 18:10:30.399275+00:00,Stord (US),2026-06-27,Stord,WCBWR3994,Body Wash Refill: ER Garden of England,1.0
FF5254716,SO5827295,#5959105,Shopify UK,2026-06-27 18:10:30.399275+00:00,Stord (US),2026-06-27,Stord,WCLC1053V2,Lip Balm Case: Ombre,1.0
FF5254716,SO5827295,#5959105,Shopify UK,2026-06-27 18:10:30.399275+00:00,Stord (US),2026-06-27,Stord,WCLR966V2,Honey Lip Balm Refill V2,1.0
FF5254734,SO5827314,2903589,Shopify EU,2026-06-27 18:16:06.837750+00:00,Airbox (EU),2026-06-27,Airbox,WCROC3333,Roll On Case: Miffy,1.0
FF5255028,SO5827608,2903661,Shopify EU,2026-06-27 19:14:08.665010+00:00,UKAB (Airbox 18),2026-06-27,UKAB (Airbox 18),WCR3994EU,Deo Refill: L'Orangerie Secrete / EU ER Garden of England,1.0
FF5255169,SO5827749,#5959171,Shopify UK,2026-06-27 19:40:51.534921+00:00,Airbox (EU),2026-06-27,Airbox,WCR251,Elderflower & Cucumber - initial_delivery,1.0
FF5255380,SO5827960,2903744,Shopify EU,2026-06-27 20:16:35.737823+00:00,UKAB (Airbox 18),2026-06-27,UKAB (Airbox 18),WCROA549,AP Roll On: Cherry Blossom,1.0
FF5255391,SO5827971,2903749,Shopify EU,2026-06-27 20:17:32.651767+00:00,Airbox (EU),2026-06-27,Airbox,WCR1919,Vanilla Butterscotch Deo Refill,1.0
FF5255401,SO5827981,2903756,Shopify EU,2026-06-27 20:17:52.851470+00:00,Airbox (EU),2026-06-27,Airbox,WCR1919,Vanilla Butterscotch Deo Refill,1.0
FF5255465,SO5828045,US903997,Shopify USA,2026-06-27 20:25:25.956980+00:00,Stord (US),2026-06-27,Stord,WCR1818,Cola Deodorant Refill,1.0
FF5255467,SO5828047,US903998,Shopify USA,2026-06-27 20:25:35.811931+00:00,Stord (US),2026-06-27,Stord,WCBWR1919,Body Wash Refill: Vanilla Butterscotch,1.0
FF5255473,SO5828053,US904001,Shopify USA,2026-06-27 20:25:55.603317+00:00,Stord (US),2026-06-27,Stord,WCBWR24,Fresh Cotton and Sea Salt 300ml Body Wash Refill,3.0
FF5255478,SO5828058,US904003,Shopify USA,2026-06-27 20:26:07.447769+00:00,Stord (US),2026-06-27,Stord,WCR1818,Cola Deodorant Refill,1.0
FF5255484,SO5828064,AUS359767,Shopify AUS,2026-06-27 20:26:34.391839+00:00,Next (AU),2026-06-27,Next3PL,WCR02,Coconut Dreams - initial_delivery,1.0
FF5255488,SO5828068,AUS359768,Shopify AUS,2026-06-27 20:27:01.214304+00:00,Next (AU),2026-06-27,Next3PL,WCR02,Coconut Dreams - initial_delivery,1.0
FF5255489,SO5828069,AUS359769,Shopify AUS,2026-06-27 20:27:04.221794+00:00,Next (AU),2026-06-27,Next3PL,WCR02,Coconut Dreams - initial_delivery,1.0
FF5255494,SO5828074,AUS359770,Shopify AUS,2026-06-27 20:27:23.918073+00:00,Next (AU),2026-06-27,Next3PL,WCR02,Coconut Dreams - initial_delivery,1.0
FF5255499,SO5828079,AUS359772,Shopify AUS,2026-06-27 20:27:41.638946+00:00,Next (AU),2026-06-27,Next3PL,WCR02,Coconut Dreams - initial_delivery,1.0
FF5255501,SO5828081,AUS359773,Shopify AUS,2026-06-27 20:27:52.917923+00:00,Next (AU),2026-06-27,Next3PL,WCR02,Coconut Dreams - initial_delivery,1.0
FF5255513,SO5828093,#5959268,Shopify UK,2026-06-27 20:28:50.318141+00:00,Airbox (EU),2026-06-27,Airbox,WCROC2556,Roll On Case: Chrome,1.0
FF5255537,SO5828117,US904028,Shopify USA,2026-06-27 20:29:16.598400+00:00,Stord (US),2026-06-27,Stord,WCR1818,Cola Deodorant Refill,1.0
FF5255599,SO5828179,2903798,Shopify EU,2026-06-27 20:38:55.837117+00:00,UKAB (Airbox 18),2026-06-27,UKAB (Airbox 18),WCROA3994EU,AP Roll On Refill: L'Orangerie,1.0
FF5255599,SO5828179,2903798,Shopify EU,2026-06-27 20:38:55.837117+00:00,UKAB (Airbox 18),2026-06-27,UKAB (Airbox 18),WCROA549,AP Roll On: Cherry Blossom,1.0
FF5255648,SO5828228,#5959294,Shopify UK,2026-06-27 20:47:34.981170+00:00,Stord (US),2026-06-27,Stord,WCC2332,Deo Case: Pastel Blue,1.0
FF5256132,SO5828712,#5959397,Shopify UK,2026-06-27 22:28:50.844993+00:00,Airbox (EU),2026-06-27,Airbox,WCC2556,Deo Case: Chrome ,2.0
FF5256132,SO5828712,#5959397,Shopify UK,2026-06-27 22:28:50.844993+00:00,Airbox (EU),2026-06-27,Airbox,WCRS3206,Deo Refill: Black Rose and Velvet Sens,1.0
FF5256187,SO5828767,#5959381,Shopify UK,2026-06-27 22:39:51.438156+00:00,Airbox (EU),2026-06-27,Airbox,WCROC3130,Roll On Case: Leopard,1.0
FF5256422,SO5829002,US904202,Shopify USA,2026-06-27 23:40:19.889750+00:00,Stord (US),2026-06-27,Stord,WCR2554,Deo Refill: Winter Breeze,1.0
FF5256411,SO5828991,#5959430,Shopify UK,2026-06-27 23:37:23.526172+00:00,Stord (US),2026-06-28,Stord,WCRS3206,Deo Refill: Black Rose and Velvet Sens,1.0
FF5256420,SO5829000,AUS359797,Shopify AUS,2026-06-27 23:40:07.824502+00:00,UKAB (Airbox 18),2026-06-28,UKAB (Airbox 18),WCLR1245,Lip Balm Refill: Vanilla Frost,1.0
FF5256469,SO5829049,2903911,Shopify EU,2026-06-27 23:51:08.492335+00:00,Airbox (EU),2026-06-28,Airbox,WCR1919,Vanilla Butterscotch Deo Refill,1.0
FF5256576,SO5829156,#5959438,Shopify UK,2026-06-28 00:17:03.491850+00:00,Stord (US),2026-06-28,Stord,WCR3994,Deo Refill: ER Garden Of England,1.0
FF5256576,SO5829156,#5959438,Shopify UK,2026-06-28 00:17:03.491850+00:00,Stord (US),2026-06-28,Stord,WCRS3206,Deo Refill: Black Rose and Velvet Sens,1.0
FF5256576,SO5829156,#5959438,Shopify UK,2026-06-28 00:17:03.491850+00:00,Stord (US),2026-06-28,Stord,WCRS3209,Deo Refill: Wild Seduction Sensitive,1.0
FF5256594,SO5829174,#5959448,Shopify UK,2026-06-28 00:21:09.072460+00:00,Stord (US),2026-06-28,Stord,WCC1989,Sunflower Deo Case,1.0
FF5256594,SO5829174,#5959448,Shopify UK,2026-06-28 00:21:09.072460+00:00,Stord (US),2026-06-28,Stord,WCLR966V2,Honey Lip Balm Refill V2,1.0
FF5256800,SO5829380,#5959489,Shopify UK,2026-06-28 01:09:02.160867+00:00,UKAB (Airbox 18),2026-06-28,UKAB (Airbox 18),WCROA549,AP Roll On: Cherry Blossom,2.0
FF5256848,SO5829428,#5959545,Shopify UK,2026-06-28 01:09:54.967466+00:00,UKAB (Airbox 18),2026-06-28,UKAB (Airbox 18),WCROA3207,Roll On AP: Cotton Cloud,1.0
FF5256848,SO5829428,#5959545,Shopify UK,2026-06-28 01:09:54.967466+00:00,UKAB (Airbox 18),2026-06-28,UKAB (Airbox 18),WCROA549,AP Roll On: Cherry Blossom,1.0
FF5256850,SO5829430,#5959536,Shopify UK,2026-06-28 01:09:56.420757+00:00,UKAB (Airbox 18),2026-06-28,UKAB (Airbox 18),WCROA549,AP Roll On: Cherry Blossom,1.0
FF5256890,SO5829471,#5959582,Shopify UK,2026-06-28 01:10:15.139490+00:00,UKAB (Airbox 18),2026-06-28,UKAB (Airbox 18),WCROA549,AP Roll On: Cherry Blossom,1.0
FF5256892,SO5829469,#5959570,Shopify UK,2026-06-28 01:10:14.704450+00:00,UKAB (Airbox 18),2026-06-28,UKAB (Airbox 18),WCROA3207,Roll On AP: Cotton Cloud,3.0
FF5256896,SO5829476,#5959585,Shopify UK,2026-06-28 01:10:18.164481+00:00,UKAB (Airbox 18),2026-06-28,UKAB (Airbox 18),WCROA549,AP Roll On: Cherry Blossom,1.0
FF5256898,SO5829478,#5959578,Shopify UK,2026-06-28 01:10:18.553306+00:00,UKAB (Airbox 18),2026-06-28,UKAB (Airbox 18),WCR2554,Deo Refill: Winter Breeze,1.0
FF5256929,SO5829509,#5959611,Shopify UK,2026-06-28 01:10:36.138223+00:00,UKAB (Airbox 18),2026-06-28,UKAB (Airbox 18),WCR1687,Mad Hatter's Tea Party Deodorant Refill,1.0
FF5256934,SO5829513,#5959608,Shopify UK,2026-06-28 01:10:37.779174+00:00,UKAB (Airbox 18),2026-06-28,UKAB (Airbox 18),WCR1751,Summer Breeze Deodorant Refill,1.0
FF5256941,SO5829521,#5959630,Shopify UK,2026-06-28 01:10:39.844005+00:00,UKAB (Airbox 18),2026-06-28,UKAB (Airbox 18),WCROA549,AP Roll On: Cherry Blossom,2.0
FF5256990,SO5829570,#5959649,Shopify UK,2026-06-28 01:10:57.133080+00:00,UKAB (Airbox 18),2026-06-28,UKAB (Airbox 18),WCROA549,AP Roll On: Cherry Blossom,1.0
FF5257005,SO5829585,#5959681,Shopify UK,2026-06-28 01:11:02.202540+00:00,UKAB (Airbox 18),2026-06-28,UKAB (Airbox 18),WCROA549,AP Roll On: Cherry Blossom,1.0
FF5257019,SO5829599,#5959690,Shopify UK,2026-06-28 01:11:07.120329+00:00,UKAB (Airbox 18),2026-06-28,UKAB (Airbox 18),WCROA549,AP Roll On: Cherry Blossom,1.0
FF5257039,SO5829615,#5959722,Shopify UK,2026-06-28 01:11:12.226352+00:00,UKAB (Airbox 18),2026-06-28,UKAB (Airbox 18),WCROA549,AP Roll On: Cherry Blossom,3.0
FF5257046,SO5829625,#5959732,Shopify UK,2026-06-28 01:11:15.050484+00:00,UKAB (Airbox 18),2026-06-28,UKAB (Airbox 18),WCROA3207,Roll On AP: Cotton Cloud,3.0
FF5257074,SO5829654,#5959762,Shopify UK,2026-06-28 01:11:23.964293+00:00,UKAB (Airbox 18),2026-06-28,UKAB (Airbox 18),WCROA549,AP Roll On: Cherry Blossom,1.0
FF5257079,SO5829658,#5959757,Shopify UK,2026-06-28 01:11:25.308050+00:00,Airbox (EU),2026-06-28,Airbox,WCBWR3207,Body Wash Refill: Cotton Cloud,3.0
FF5257087,SO5829667,#5959775,Shopify UK,2026-06-28 01:11:27.511848+00:00,UKAB (Airbox 18),2026-06-28,UKAB (Airbox 18),WCROA3207,Roll On AP: Cotton Cloud,3.0
FF5257131,SO5829710,#5959794,Shopify UK,2026-06-28 01:11:38.100518+00:00,UKAB (Airbox 18),2026-06-28,UKAB (Airbox 18),WCROA3207,Roll On AP: Cotton Cloud,3.0
FF5257163,SO5829744,#5959857,Shopify UK,2026-06-28 01:11:51.846136+00:00,UKAB (Airbox 18),2026-06-28,UKAB (Airbox 18),WCROA549,AP Roll On: Cherry Blossom,1.0
FF5257191,SO5829770,#5959880,Shopify UK,2026-06-28 01:11:58.727212+00:00,UKAB (Airbox 18),2026-06-28,UKAB (Airbox 18),WCROA549,AP Roll On: Cherry Blossom,1.0
FF5257223,SO5829801,#5959907,Shopify UK,2026-06-28 01:12:08.922896+00:00,UKAB (Airbox 18),2026-06-28,UKAB (Airbox 18),WCROA3207,Roll On AP: Cotton Cloud,3.0
FF5257268,SO5829847,#5959964,Shopify UK,2026-06-28 01:12:22.238719+00:00,UKAB (Airbox 18),2026-06-28,UKAB (Airbox 18),WCROA549,AP Roll On: Cherry Blossom,1.0
FF5257283,SO5829864,#5959962,Shopify UK,2026-06-28 01:12:28.812239+00:00,UKAB (Airbox 18),2026-06-28,UKAB (Airbox 18),WCROA549,AP Roll On: Cherry Blossom,1.0
FF5257298,SO5829878,#5960004,Shopify UK,2026-06-28 01:12:34.702393+00:00,UKAB (Airbox 18),2026-06-28,UKAB (Airbox 18),WCROA549,AP Roll On: Cherry Blossom,1.0
FF5257315,SO5829894,#5959988,Shopify UK,2026-06-28 01:12:37.145861+00:00,UKAB (Airbox 18),2026-06-28,UKAB (Airbox 18),WCROA549,AP Roll On: Cherry Blossom,1.0
FF5257354,SO5829933,#5960046,Shopify UK,2026-06-28 01:12:50.037640+00:00,UKAB (Airbox 18),2026-06-28,UKAB (Airbox 18),WCROA549,AP Roll On: Cherry Blossom,1.0
FF5257372,SO5829953,#5960054,Shopify UK,2026-06-28 01:12:55.051288+00:00,UKAB (Airbox 18),2026-06-28,UKAB (Airbox 18),WCROA549,AP Roll On: Cherry Blossom,1.0
FF5257405,SO5829985,#5960083,Shopify UK,2026-06-28 01:13:05.551467+00:00,UKAB (Airbox 18),2026-06-28,UKAB (Airbox 18),WCR1751,Summer Breeze Deodorant Refill,1.0
FF5257406,SO5829986,#5960091,Shopify UK,2026-06-28 01:13:06.609419+00:00,Stord (US),2026-06-28,Stord,WCR1893,Watermelon Deodorant Refill,1.0
FF5257478,SO5830057,#5960159,Shopify UK,2026-06-28 01:13:30.821301+00:00,UKAB (Airbox 18),2026-06-28,UKAB (Airbox 18),WCROA549,AP Roll On: Cherry Blossom,1.0
FF5257522,SO5830102,#5960216,Shopify UK,2026-06-28 01:13:45.249832+00:00,UKAB (Airbox 18),2026-06-28,UKAB (Airbox 18),WCR1921,Santa's Christmas Cookies Deo Refill,1.0
FF5257539,SO5830118,#5960225,Shopify UK,2026-06-28 01:13:51.322226+00:00,Stord (US),2026-06-28,Stord,WCR1893,Watermelon Deodorant Refill,1.0
FF5257562,SO5830142,#5960251,Shopify UK,2026-06-28 01:14:01.162006+00:00,UKAB (Airbox 18),2026-06-28,UKAB (Airbox 18),WCROA549,AP Roll On: Cherry Blossom,1.0
FF5257625,SO5830205,#5960306,Shopify UK,2026-06-28 01:14:55.243514+00:00,UKAB (Airbox 18),2026-06-28,UKAB (Airbox 18),WMIN1105,Enchanted Forest Deo Mini,2.0
FF5257751,SO5830330,#5960320,Shopify UK,2026-06-28 01:55:32.602507+00:00,Stord (US),2026-06-28,Stord,WCBWR1963,Spa Daydreams Body Wash Refill 300ml,1.0
FF5257751,SO5830330,#5960320,Shopify UK,2026-06-28 01:55:32.602507+00:00,Stord (US),2026-06-28,Stord,WCBWR3207,Body Wash Refill: Cotton Cloud,1.0
FF5257751,SO5830330,#5960320,Shopify UK,2026-06-28 01:55:32.602507+00:00,Stord (US),2026-06-28,Stord,WCBWR3994,Body Wash Refill: ER Garden of England,1.0
FF5258099,SO5830678,AUS359865,Shopify AUS,2026-06-28 04:22:18.212871+00:00,Next (AU),2026-06-28,Next3PL,WCR02,Coconut Dreams - initial_delivery,1.0
FF5258106,SO5830685,AUS359870,Shopify AUS,2026-06-28 04:22:43.437954+00:00,UKAB (Airbox 18),2026-06-28,UKAB (Airbox 18),WCBWR3278,Body Wash Refill: Peachy Kiss,1.0
FF5258106,SO5830685,AUS359870,Shopify AUS,2026-06-28 04:22:43.437954+00:00,UKAB (Airbox 18),2026-06-28,UKAB (Airbox 18),WCRS1896,Watermelon sens. Deodorant Refill,1.0
FF5258111,SO5830690,AUS359888,Shopify AUS,2026-06-28 04:22:52.903519+00:00,Next (AU),2026-06-28,Next3PL,WCR02,Coconut Dreams - initial_delivery,1.0
FF5258118,SO5830697,AUS359885,Shopify AUS,2026-06-28 04:23:14.228615+00:00,UKAB (Airbox 18),2026-06-28,UKAB (Airbox 18),WCBWR3278,Body Wash Refill: Peachy Kiss,1.0
FF5258120,SO5830699,AUS359886,Shopify AUS,2026-06-28 04:23:19.197822+00:00,UKAB (Airbox 18),2026-06-28,UKAB (Airbox 18),WCROA549,AP Roll On: Cherry Blossom,1.0
FF5258139,SO5830718,AUS359896,Shopify AUS,2026-06-28 04:24:06.890210+00:00,Next (AU),2026-06-28,Next3PL,WCR02,Coconut Dreams - initial_delivery,3.0
FF5258140,SO5830719,AUS359904,Shopify AUS,2026-06-28 04:24:07.120234+00:00,UKAB (Airbox 18),2026-06-28,UKAB (Airbox 18),WCBWR3278,Body Wash Refill: Peachy Kiss,1.0
FF5258142,SO5830721,AUS359909,Shopify AUS,2026-06-28 04:24:08.968958+00:00,Next (AU),2026-06-28,Next3PL,WCR02,Coconut Dreams - initial_delivery,1.0
FF5258149,SO5830728,AUS359917,Shopify AUS,2026-06-28 04:24:15.766545+00:00,Next (AU),2026-06-28,Next3PL,WCR02,Coconut Dreams - initial_delivery,1.0
FF5258158,SO5830737,AUS359915,Shopify AUS,2026-06-28 04:24:24.995560+00:00,Next (AU),2026-06-28,Next3PL,WCR02,Coconut Dreams - initial_delivery,1.0
FF5258167,SO5830746,AUS359934,Shopify AUS,2026-06-28 04:24:32.470331+00:00,Next (AU),2026-06-28,Next3PL,WCR02,Coconut Dreams - initial_delivery,1.0
FF5258172,SO5830751,#5960330,Shopify UK,2026-06-28 04:24:51.100532+00:00,Airbox (EU),2026-06-28,Airbox,WCROC2756,Roll On Case: Forest Green,1.0
FF5258245,SO5830826,2903983,Shopify EU,2026-06-28 04:32:55.839903+00:00,Airbox (EU),2026-06-28,Airbox,WCRS3206,Deo Refill: Black Rose and Velvet Sens,1.0
FF5258288,SO5830866,2904017,Shopify EU,2026-06-28 04:33:28.196746+00:00,Airbox (EU),2026-06-28,Airbox,WCRS3206,Deo Refill: Black Rose and Velvet Sens,1.0
FF5258367,SO5830946,2904094,Shopify EU,2026-06-28 04:34:31.428159+00:00,Airbox (EU),2026-06-28,Airbox,WCR1919,Vanilla Butterscotch Deo Refill,1.0
FF5258401,SO5830980,2904134,Shopify EU,2026-06-28 04:34:54.010205+00:00,Airbox (EU),2026-06-28,Airbox,WCRS3206,Deo Refill: Black Rose and Velvet Sens,1.0
FF5258453,SO5831032,2904186,Shopify EU,2026-06-28 04:35:22.558950+00:00,UKAB (Airbox 18),2026-06-28,UKAB (Airbox 18),WRREFDE1040,Body Wash DE Coconut,1.0
FF5258470,SO5831050,2904187,Shopify EU,2026-06-28 04:35:32.258514+00:00,Airbox (EU),2026-06-28,Airbox,WCRS3206,Deo Refill: Black Rose and Velvet Sens,1.0
FF5258498,SO5831077,2904231,Shopify EU,2026-06-28 04:35:53.322031+00:00,Airbox (EU),2026-06-28,Airbox,WCRS3206,Deo Refill: Black Rose and Velvet Sens,1.0
FF5258524,SO5831103,2904263,Shopify EU,2026-06-28 04:36:08.885257+00:00,UKAB (Airbox 18),2026-06-28,UKAB (Airbox 18),WCR3205,Deo Refill: Black Rose and Velvet,1.0
FF5258572,SO5831149,US904432,Shopify USA,2026-06-28 04:36:37.334561+00:00,Stord (US),2026-06-28,Stord,WCR1818,Cola Deodorant Refill,1.0
FF5258592,SO5831172,US904461,Shopify USA,2026-06-28 04:36:45.776585+00:00,Stord (US),2026-06-28,Stord,WCRS1894,Cola sens. Deodorant Refill,1.0
FF5258608,SO5831183,2904294,Shopify EU,2026-06-28 04:36:48.987235+00:00,Airbox (EU),2026-06-28,Airbox,WCRS3206,Deo Refill: Black Rose and Velvet Sens,2.0
FF5258613,SO5831194,US904484,Shopify USA,2026-06-28 04:36:52.746628+00:00,Stord (US),2026-06-28,Stord,WCLR1245,Lip Balm Refill: Vanilla Frost,3.0
FF5258665,SO5831245,US904523,Shopify USA,2026-06-28 04:37:11.904215+00:00,Stord (US),2026-06-28,Stord,WCR1818,Cola Deodorant Refill,1.0
FF5258675,SO5831255,US904529,Shopify USA,2026-06-28 04:37:13.965942+00:00,Stord (US),2026-06-28,Stord,WCLR1245,Lip Balm Refill: Vanilla Frost,1.0
FF5258690,SO5831265,US904532,Shopify USA,2026-06-28 04:37:20.212893+00:00,Stord (US),2026-06-28,Stord,WCR1818,Cola Deodorant Refill,1.0
FF5258693,SO5831269,US904527,Shopify USA,2026-06-28 04:37:20.892565+00:00,Stord (US),2026-06-28,Stord,WCR2554,Deo Refill: Winter Breeze,1.0
FF5258695,SO5831273,US904549,Shopify USA,2026-06-28 04:37:22.742913+00:00,Stord (US),2026-06-28,Stord,WCLR1245,Lip Balm Refill: Vanilla Frost,1.0
FF5258701,SO5831279,US904547,Shopify USA,2026-06-28 04:37:25.597742+00:00,Stord (US),2026-06-28,Stord,WCR1818,Cola Deodorant Refill,3.0
FF5258714,SO5831296,US904578,Shopify USA,2026-06-28 04:37:31.808301+00:00,Stord (US),2026-06-28,Stord,WCR1818,Cola Deodorant Refill,1.0
FF5258736,SO5831315,US904585,Shopify USA,2026-06-28 04:37:40.229184+00:00,Stord (US),2026-06-28,Stord,WCR1818,Cola Deodorant Refill,1.0
FF5258753,SO5831332,US904607,Shopify USA,2026-06-28 04:37:48.546388+00:00,Stord (US),2026-06-28,Stord,WCR1818,Cola Deodorant Refill,1.0
FF5258761,SO5831345,US904624,Shopify USA,2026-06-28 04:37:52.143795+00:00,Stord (US),2026-06-28,Stord,WCR2554,Deo Refill: Winter Breeze,1.0
FF5258788,SO5831367,US904636,Shopify USA,2026-06-28 04:38:01.011967+00:00,Stord (US),2026-06-28,Stord,WCLR1245,Lip Balm Refill: Vanilla Frost,2.0
FF5258806,SO5831388,US904652,Shopify USA,2026-06-28 04:38:08.229706+00:00,Stord (US),2026-06-28,Stord,WCLR1245,Lip Balm Refill: Vanilla Frost,1.0
FF5258814,SO5831393,US904672,Shopify USA,2026-06-28 04:38:10.185273+00:00,Stord (US),2026-06-28,Stord,WCR1818,Cola Deodorant Refill,1.0
FF5258831,SO5831410,US904683,Shopify USA,2026-06-28 04:38:14.854712+00:00,Stord (US),2026-06-28,Stord,WCR1818,Cola Deodorant Refill,1.0
FF5258850,SO5831429,US904710,Shopify USA,2026-06-28 04:38:22.918142+00:00,Stord (US),2026-06-28,Stord,WCR2554,Deo Refill: Winter Breeze,1.0
FF5258884,SO5831463,US904732,Shopify USA,2026-06-28 04:38:35.672317+00:00,Stord (US),2026-06-28,Stord,WCR1818,Cola Deodorant Refill,1.0
FF5258932,SO5831513,US904798,Shopify USA,2026-06-28 04:38:52.554410+00:00,Stord (US),2026-06-28,Stord,WCLR1245,Lip Balm Refill: Vanilla Frost,3.0
FF5258945,SO5831525,US904795,Shopify USA,2026-06-28 04:38:56.216302+00:00,Stord (US),2026-06-28,Stord,WCR1818,Cola Deodorant Refill,1.0
FF5258953,SO5831532,US904806,Shopify USA,2026-06-28 04:38:58.926939+00:00,Stord (US),2026-06-28,Stord,WCLR1245,Lip Balm Refill: Vanilla Frost,1.0
FF5258980,SO5831560,US904842,Shopify USA,2026-06-28 04:39:08.593272+00:00,Stord (US),2026-06-28,Stord,WCR1818,Cola Deodorant Refill,1.0
FF5258988,SO5831567,US904844,Shopify USA,2026-06-28 04:39:11.262413+00:00,Stord (US),2026-06-28,Stord,WCR2554,Deo Refill: Winter Breeze,1.0
FF5258994,SO5831573,US904860,Shopify USA,2026-06-28 04:39:13.924854+00:00,Stord (US),2026-06-28,Stord,WCR1818,Cola Deodorant Refill,1.0
FF5258998,SO5831577,US904859,Shopify USA,2026-06-28 04:39:15.822784+00:00,Stord (US),2026-06-28,Stord,WCLR1245,Lip Balm Refill: Vanilla Frost,1.0
FF5259009,SO5831585,US904863,Shopify USA,2026-06-28 04:39:19.350094+00:00,Stord (US),2026-06-28,Stord,WCLR1245,Lip Balm Refill: Vanilla Frost,1.0
FF5259035,SO5831615,US904897,Shopify USA,2026-06-28 04:39:31.755953+00:00,Stord (US),2026-06-28,Stord,WCR1818,Cola Deodorant Refill,2.0
FF5259042,SO5831620,US904893,Shopify USA,2026-06-28 04:39:34.005543+00:00,Stord (US),2026-06-28,Stord,WCLR1245,Lip Balm Refill: Vanilla Frost,1.0
FF5259043,SO5831621,US904891,Shopify USA,2026-06-28 04:39:34.219412+00:00,Stord (US),2026-06-28,Stord,WCR2554,Deo Refill: Winter Breeze,1.0
FF5259052,SO5831633,US904904,Shopify USA,2026-06-28 04:39:39.114378+00:00,Stord (US),2026-06-28,Stord,WCLR1245,Lip Balm Refill: Vanilla Frost,1.0
FF5259057,SO5831636,US904902,Shopify USA,2026-06-28 04:39:40.382877+00:00,Stord (US),2026-06-28,Stord,WCR1818,Cola Deodorant Refill,2.0
FF5259101,SO5831680,AUS359946,Shopify AUS,2026-06-28 04:46:20.959186+00:00,Next (AU),2026-06-28,Next3PL,WCROA24,AP Roll On: Cotton & Seasalt,1.0
FF5259111,SO5831690,2904311,Shopify EU,2026-06-28 04:47:07.735288+00:00,Airbox (EU),2026-06-28,Airbox,WCLR1072,Watermelon Lip Balm Refill,1.0
FF5259151,SO5831730,#5960336,Shopify UK,2026-06-28 05:13:08.123316+00:00,Next (AU),2026-06-28,Next3PL,WCR251,Elderflower & Cucumber - initial_delivery,1.0
FF5259305,SO5831883,#5960361,Shopify UK,2026-06-28 06:31:56.468360+00:00,Next (AU),2026-06-28,Next3PL,WCR251,Elderflower & Cucumber - initial_delivery,1.0
FF5259421,SO5831999,#5960396,Shopify UK,2026-06-28 07:21:17.821928+00:00,Next (AU),2026-06-28,Next3PL,WCR1689,Sunkissed Deodorant Refill,1.0
FF5259516,SO5832094,#5960406,Shopify UK,2026-06-28 07:49:58.813872+00:00,Next (AU),2026-06-28,Next3PL,WCBWMIN1283,Juicy Mango Body Wash Mini,1.0
FF5259581,SO5832160,2904438,Shopify EU,2026-06-28 08:07:09.818653+00:00,Airbox (EU),2026-06-28,Airbox,WCC3295,Deo Case: EBW Ladybird,1.0
FF5259616,SO5832194,2904448,Shopify EU,2026-06-28 08:14:21.070876+00:00,UKAB (Airbox 18),2026-06-28,UKAB (Airbox 18),WCLR619V2,Original Lip Balm Refill V2,1.0
FF5259616,SO5832194,2904448,Shopify EU,2026-06-28 08:14:21.070876+00:00,UKAB (Airbox 18),2026-06-28,UKAB (Airbox 18),WCROA3994EU,AP Roll On Refill: L'Orangerie,1.0
FF5259634,SO5832212,#5960457,Shopify UK,2026-06-28 08:19:51.941822+00:00,UKAB (Airbox 18),2026-06-28,UKAB (Airbox 18),WCROA549,AP Roll On: Cherry Blossom,1.0
FF5259844,SO5832422,#5960536,Shopify UK,2026-06-28 09:12:39.160665+00:00,UKAB (Airbox 18),2026-06-28,UKAB (Airbox 18),WCROA3207,Roll On AP: Cotton Cloud,1.0
FF5259844,SO5832422,#5960536,Shopify UK,2026-06-28 09:12:39.160665+00:00,UKAB (Airbox 18),2026-06-28,UKAB (Airbox 18),WCROA549,AP Roll On: Cherry Blossom,1.0
FF5259892,SO5832473,2904507,Shopify EU,2026-06-28 09:27:43.598134+00:00,UKAB (Airbox 18),2026-06-28,UKAB (Airbox 18),WCROA3994EU,AP Roll On Refill: L'Orangerie,1.0
FF5259892,SO5832473,2904507,Shopify EU,2026-06-28 09:27:43.598134+00:00,UKAB (Airbox 18),2026-06-28,UKAB (Airbox 18),WCROA549,AP Roll On: Cherry Blossom,1.0
FF5259915,SO5832496,#5960556,Shopify UK,2026-06-28 09:33:20.902570+00:00,Airbox (EU),2026-06-28,Airbox,WCC2556,Deo Case: Chrome ,1.0
FF5259915,SO5832496,#5960556,Shopify UK,2026-06-28 09:33:20.902570+00:00,Airbox (EU),2026-06-28,Airbox,WCRS3206,Deo Refill: Black Rose and Velvet Sens,1.0
FF5259955,SO5832536,#5960566,Shopify UK,2026-06-28 09:42:13.764418+00:00,Airbox (EU),2026-06-28,Airbox,WCC2103,Strawberry Deo Case,1.0
FF5259976,SO5832557,#5960580,Shopify UK,2026-06-28 09:48:03.431872+00:00,Stord (US),2026-06-28,Stord,WCR3994,Deo Refill: ER Garden Of England,2.0
FF5260023,SO5832604,#5960595,Shopify UK,2026-06-28 10:00:07.271569+00:00,Airbox (EU),2026-06-28,Airbox,WCLC864,Rose Lip Balm Case,1.0
FF5260103,SO5832684,2904620,Shopify EU,2026-06-28 10:18:04.792690+00:00,UKAB (Airbox 18),2026-06-28,UKAB (Airbox 18),WCLR619V2,Original Lip Balm Refill V2,1.0
FF5260304,SO5832882,#5960642,Shopify UK,2026-06-28 11:07:25.930041+00:00,Airbox (EU),2026-06-28,Airbox,WCR251,Elderflower & Cucumber - initial_delivery,1.0
FF5260330,SO5832907,#5960697,Shopify UK,2026-06-28 11:13:17.429173+00:00,Airbox (EU),2026-06-28,Airbox,WCROC3774,Roll On Case: Stitch,1.0
FF5260422,SO5833000,#5960637,Shopify UK,2026-06-28 11:35:07.065088+00:00,Airbox (EU),2026-06-28,Airbox,WCRO24,Roll On Refill: Fresh Cotton & Sea Salt,1.0
FF5260602,SO5833180,US904994,Shopify USA,2026-06-28 12:20:41.770170+00:00,Stord (US),2026-06-28,Stord,WCR2554,Deo Refill: Winter Breeze,1.0
FF5260929,SO5833507,#5960874,Shopify UK,2026-06-28 13:39:32.591857+00:00,Stord (US),2026-06-28,Stord,WCRS3209,Deo Refill: Wild Seduction Sensitive,2.0
FF5261040,SO5833618,2904940,Shopify EU,2026-06-28 14:09:17.344659+00:00,UKAB (Airbox 18),2026-06-28,UKAB (Airbox 18),WCROA3994EU,AP Roll On Refill: L'Orangerie,1.0
FF5261040,SO5833618,2904940,Shopify EU,2026-06-28 14:09:17.344659+00:00,UKAB (Airbox 18),2026-06-28,UKAB (Airbox 18),WCROA549,AP Roll On: Cherry Blossom,1.0
FF5261085,SO5833663,2904956,Shopify EU,2026-06-28 14:21:14.366230+00:00,Airbox (EU),2026-06-28,Airbox,WCROL1905,Roll On Roller: Pink,1.0
FF5261168,SO5833746,2904983,Shopify EU,2026-06-28 14:38:31.262330+00:00,UKAB (Airbox 18),2026-06-28,UKAB (Airbox 18),WCROA549,AP Roll On: Cherry Blossom,1.0
FF5261209,SO5833787,AUS360051,Shopify AUS,2026-06-28 14:48:53.937354+00:00,Next (AU),2026-06-28,Next3PL,WCR02,Coconut Dreams - initial_delivery,1.0
FF5261219,SO5833797,2904999,Shopify EU,2026-06-28 14:51:38.641935+00:00,UKAB (Airbox 18),2026-06-28,UKAB (Airbox 18),WCROA3994EU,AP Roll On Refill: L'Orangerie,1.0
FF5261249,SO5833827,US905088,Shopify USA,2026-06-28 14:57:35.942749+00:00,Stord (US),2026-06-28,Stord,WCBWR3207,Body Wash Refill: Cotton Cloud,1.0
FF5261249,SO5833827,US905088,Shopify USA,2026-06-28 14:57:35.942749+00:00,Stord (US),2026-06-28,Stord,WCLR1245,Lip Balm Refill: Vanilla Frost,1.0
FF5261249,SO5833827,US905088,Shopify USA,2026-06-28 14:57:35.942749+00:00,Stord (US),2026-06-28,Stord,WCR1818,Cola Deodorant Refill,1.0
FF5261511,SO5834089,#5961020,Shopify UK,2026-06-28 15:50:14.875889+00:00,Airbox (EU),2026-06-28,Airbox,WCROC3774,Roll On Case: Stitch,1.0
FF5261611,SO5834189,#5961042,Shopify UK,2026-06-28 16:16:41.805785+00:00,UKAB (Airbox 18),2026-06-28,UKAB (Airbox 18),WCROA549,AP Roll On: Cherry Blossom,1.0
FF5261644,SO5834222,#5961019,Shopify UK,2026-06-28 16:21:21.806434+00:00,Airbox (EU),2026-06-28,Airbox,WCR251,Elderflower & Cucumber - initial_delivery,6.0
FF5261671,SO5834249,#5961080,Shopify UK,2026-06-28 16:23:13.350723+00:00,UKAB (Airbox 18),2026-06-28,UKAB (Airbox 18),WCROA549,AP Roll On: Cherry Blossom,2.0
FF5261684,SO5834262,#5961089,Shopify UK,2026-06-28 16:23:54.113349+00:00,UKAB (Airbox 18),2026-06-28,UKAB (Airbox 18),WCROA549,AP Roll On: Cherry Blossom,1.0
FF5261690,SO5834268,#5961094,Shopify UK,2026-06-28 16:24:23.780272+00:00,UKAB (Airbox 18),2026-06-28,UKAB (Airbox 18),WCROA549,AP Roll On: Cherry Blossom,1.0
FF5261748,SO5834326,#5961131,Shopify UK,2026-06-28 16:29:09.126925+00:00,UKAB (Airbox 18),2026-06-28,UKAB (Airbox 18),WCR1751,Summer Breeze Deodorant Refill,1.0
FF5261748,SO5834326,#5961131,Shopify UK,2026-06-28 16:29:09.126925+00:00,UKAB (Airbox 18),2026-06-28,UKAB (Airbox 18),WCR1923,Coconut Cream Deo Refill,1.0
FF5261748,SO5834326,#5961131,Shopify UK,2026-06-28 16:29:09.126925+00:00,UKAB (Airbox 18),2026-06-28,UKAB (Airbox 18),WCRS1713,Love Potion sens. Deo Refill,1.0
FF5261923,SO5834502,#5961140,Shopify UK,2026-06-28 17:06:13.162295+00:00,Airbox (EU),2026-06-28,Airbox,WCROC3130,Roll On Case: Leopard,1.0
FF5262006,SO5834584,#5961199,Shopify UK,2026-06-28 17:21:39.093796+00:00,UKAB (Airbox 18),2026-06-28,UKAB (Airbox 18),WCROA549,AP Roll On: Cherry Blossom,1.0
FF5262026,SO5834604,2905220,Shopify EU,2026-06-28 17:28:10.661533+00:00,UKAB (Airbox 18),2026-06-28,UKAB (Airbox 18),WCROA3994EU,AP Roll On Refill: L'Orangerie,1.0
FF5262026,SO5834604,2905220,Shopify EU,2026-06-28 17:28:10.661533+00:00,UKAB (Airbox 18),2026-06-28,UKAB (Airbox 18),WCROA549,AP Roll On: Cherry Blossom,1.0
FF5262026,SO5834604,2905220,Shopify EU,2026-06-28 17:28:10.661533+00:00,UKAB (Airbox 18),2026-06-28,UKAB (Airbox 18),WCROC2738,Roll On Case: Love Heart,1.0
FF5262026,SO5834604,2905220,Shopify EU,2026-06-28 17:28:10.661533+00:00,UKAB (Airbox 18),2026-06-28,UKAB (Airbox 18),WCSGC984,Bee Body Wash Case,1.0
FF5262058,SO5834636,#5961213,Shopify UK,2026-06-28 17:36:48.122568+00:00,UKAB (Airbox 18),2026-06-28,UKAB (Airbox 18),WCROL747,Roll On Roller: Blue,1.0
FF5262071,SO5834649,#5961178,Shopify UK,2026-06-28 17:39:27.719562+00:00,Stord (US),2026-06-28,Stord,WCBWMIN966,Honey & Almond Body Wash Mini,1.0
FF5262114,SO5834692,#5961227,Shopify UK,2026-06-28 17:51:50.918839+00:00,UKAB (Airbox 18),2026-06-28,UKAB (Airbox 18),WCROL1905,Roll On Roller: Pink,1.0
FF5262165,SO5834743,#5961240,Shopify UK,2026-06-28 18:01:41.843293+00:00,UKAB (Airbox 18),2026-06-28,UKAB (Airbox 18),WCROL1905,Roll On Roller: Pink,1.0
FF5262333,SO5834911,#5961276,Shopify UK,2026-06-28 18:34:55.950721+00:00,Airbox (EU),2026-06-28,Airbox,WCROL747,Roll On Roller: Blue,1.0
FF5262337,SO5834915,#5961278,Shopify UK,2026-06-28 18:35:49.585213+00:00,Airbox (EU),2026-06-28,Airbox,WCROC3774,Roll On Case: Stitch,1.0
FF5262403,SO5834981,#5961297,Shopify UK,2026-06-28 18:48:10.907865+00:00,Stord (US),2026-06-28,Stord,WCR1893,Watermelon Deodorant Refill,1.0
FF5262583,SO5835161,2905384,Shopify EU,2026-06-28 19:27:28.933329+00:00,UKAB (Airbox 18),2026-06-28,UKAB (Airbox 18),WCLR619V2,Original Lip Balm Refill V2,1.0
FF5262583,SO5835161,2905384,Shopify EU,2026-06-28 19:27:28.933329+00:00,UKAB (Airbox 18),2026-06-28,UKAB (Airbox 18),WCROA549,AP Roll On: Cherry Blossom,1.0
FF5262583,SO5835161,2905384,Shopify EU,2026-06-28 19:27:28.933329+00:00,UKAB (Airbox 18),2026-06-28,UKAB (Airbox 18),WCROC2738,Roll On Case: Love Heart,1.0
FF5262703,SO5835281,2905419,Shopify EU,2026-06-28 19:52:27.413040+00:00,Airbox (EU),2026-06-28,Airbox,WCROL747,Roll On Roller: Blue,1.0
FF5262747,SO5835325,2905425,Shopify EU,2026-06-28 19:59:49.705084+00:00,Airbox (EU),2026-06-28,Airbox,WCROL747,Roll On Roller: Blue,1.0
FF5262867,SO5835445,2905464,Shopify EU,2026-06-28 20:18:17.183114+00:00,UKAB (Airbox 18),2026-06-28,UKAB (Airbox 18),WCRS1896,Watermelon sens. Deodorant Refill,1.0
FF5262869,SO5835447,2905467,Shopify EU,2026-06-28 20:18:35.437922+00:00,Airbox (EU),2026-06-28,Airbox,WMIN2513,Mini Deo: Warm Cinnamon Bun,1.0
FF5262961,SO5835539,AUS360059,Shopify AUS,2026-06-28 20:30:32.707009+00:00,Next (AU),2026-06-28,Next3PL,WCR02,Coconut Dreams - initial_delivery,1.0
FF5262963,SO5835541,AUS360061,Shopify AUS,2026-06-28 20:30:53.580428+00:00,Next (AU),2026-06-28,Next3PL,WCR02,Coconut Dreams - initial_delivery,2.0
FF5262966,SO5835544,AUS360063,Shopify AUS,2026-06-28 20:31:07.906220+00:00,Next (AU),2026-06-28,Next3PL,WCR02,Coconut Dreams - initial_delivery,1.0
FF5262970,SO5835548,AUS360065,Shopify AUS,2026-06-28 20:31:42.009855+00:00,Next (AU),2026-06-28,Next3PL,WCROA24,AP Roll On: Cotton & Seasalt,1.0
FF5262999,SO5835577,#5961471,Shopify UK,2026-06-28 20:33:18.696023+00:00,Stord (US),2026-06-28,Stord,WMIN02,Coconut Dreams Mini Deodorant,1.0
FF5263178,SO5835756,#5961398,Shopify UK,2026-06-28 21:00:09.872766+00:00,Airbox (EU),2026-06-28,Airbox,WCRS3206,Deo Refill: Black Rose and Velvet Sens,1.0
FF5263240,SO5835818,AUS360071,Shopify AUS,2026-06-28 21:11:00.887574+00:00,Next (AU),2026-06-28,Next3PL,WCR02,Coconut Dreams - initial_delivery,1.0
FF5263277,SO5835855,#5961529,Shopify UK,2026-06-28 21:16:17.928383+00:00,Airbox (EU),2026-06-28,Airbox,WCROC2556,Roll On Case: Chrome,1.0
FF5263319,SO5835897,US905391,Shopify USA,2026-06-28 21:23:53.122477+00:00,Stord (US),2026-06-28,Stord,WCR1818,Cola Deodorant Refill,1.0
FF5263325,SO5835903,2905565,Shopify EU,2026-06-28 21:24:41.133857+00:00,UKAB (Airbox 18),2026-06-28,UKAB (Airbox 18),WCROA3994EU,AP Roll On Refill: L'Orangerie,1.0
FF5263426,SO5836004,#5961565,Shopify UK,2026-06-28 21:42:19.417895+00:00,Stord (US),2026-06-28,Stord,WMIN02,Coconut Dreams Mini Deodorant,1.0
FF5263426,SO5836004,#5961565,Shopify UK,2026-06-28 21:42:19.417895+00:00,Stord (US),2026-06-28,Stord,WMIN03,Jasmine & Mandarin Blossom Mini Deodorant,1.0
FF5263426,SO5836004,#5961565,Shopify UK,2026-06-28 21:42:19.417895+00:00,Stord (US),2026-06-28,Stord,WMIN1266,Love Potion Mini Deodorant,1.0
FF5263426,SO5836004,#5961565,Shopify UK,2026-06-28 21:42:19.417895+00:00,Stord (US),2026-06-28,Stord,WMIN3111,Mini Deo: Peachy Kisses,1.0
FF5263426,SO5836004,#5961565,Shopify UK,2026-06-28 21:42:19.417895+00:00,Stord (US),2026-06-28,Stord,WMIN612,Spiced Orange & Pear Mini,1.0
FF5263426,SO5836004,#5961565,Shopify UK,2026-06-28 21:42:19.417895+00:00,Stord (US),2026-06-28,Stord,WMIN966,Honey & Cactus Mini Deodorant,1.0
FF5263518,SO5836096,#5961580,Shopify UK,2026-06-28 21:56:17.992451+00:00,Stord (US),2026-06-28,Stord,WCC1989,Sunflower Deo Case,1.0
FF5263669,SO5836247,#5961586,Shopify UK,2026-06-28 22:31:36.720544+00:00,Airbox (EU),2026-06-28,Airbox,WCC2112,Forest Green Deo Case,1.0
FF5263787,SO5836365,#5961628,Shopify UK,2026-06-28 23:06:55.718007+00:00,Stord (US),2026-06-29,Stord,WCLC1053V2,Lip Balm Case: Ombre,1.0
FF5263787,SO5836365,#5961628,Shopify UK,2026-06-28 23:06:55.718007+00:00,Stord (US),2026-06-29,Stord,WCLR02V2,Coconut & Vanilla Lip Balm Refill V2,1.0
FF5263925,SO5836503,AUS358047R,Shopify AUS,2026-06-28 23:54:47.311096+00:00,Next (AU),2026-06-29,Next3PL,WCC20,Purple Deodorant Case,1.0
FF5263934,SO5836512,AUS358059R,Shopify AUS,2026-06-28 23:55:14.306375+00:00,Next (AU),2026-06-29,Next3PL,WCR02,Coconut Dreams - initial_delivery,2.0
FF5263936,SO5836514,AUS358111R,Shopify AUS,2026-06-28 23:55:22.559646+00:00,Next (AU),2026-06-29,Next3PL,WCR02,Coconut Dreams - initial_delivery,1.0
FF5263955,SO5836533,AUS358290R,Shopify AUS,2026-06-28 23:56:12.694806+00:00,Next (AU),2026-06-29,Next3PL,WCROA3777,AP Roll On Island Paradise,1.0
FF5263963,SO5836541,AUS358361R,Shopify AUS,2026-06-28 23:56:20.644274+00:00,Next (AU),2026-06-29,Next3PL,WCROA3777,AP Roll On Island Paradise,1.0
FF5263974,SO5836552,AUS358427R,Shopify AUS,2026-06-28 23:56:26.627469+00:00,Next (AU),2026-06-29,Next3PL,WCROA3777,AP Roll On Island Paradise,1.0
FF5264042,SO5836615,#5961640,Shopify UK,2026-06-29 00:10:54.536669+00:00,Next (AU),2026-06-29,Next3PL,WCROA3777,AP Roll On Island Paradise,1.0
FF5264133,SO5836697,AUS360163,Shopify AUS,2026-06-29 00:32:58.179135+00:00,UKAB (Airbox 18),2026-06-29,UKAB (Airbox 18),WCLR1245,Lip Balm Refill: Vanilla Frost,1.0
FF5264153,SO5836716,#5961644,Shopify UK,2026-06-29 00:36:53.078594+00:00,Stord (US),2026-06-29,Stord,WCLR02V2,Coconut & Vanilla Lip Balm Refill V2,1.0
FF5264153,SO5836716,#5961644,Shopify UK,2026-06-29 00:36:53.078594+00:00,Stord (US),2026-06-29,Stord,WCLR1071,Passionfruit Swirl Lip Balm Refill,1.0
FF5264153,SO5836716,#5961644,Shopify UK,2026-06-29 00:36:53.078594+00:00,Stord (US),2026-06-29,Stord,WCLR966V2,Honey Lip Balm Refill V2,1.0
FF5264445,SO5837007,#5961820,Shopify UK,2026-06-29 01:10:45.423450+00:00,UKAB (Airbox 18),2026-06-29,UKAB (Airbox 18),WCROA549,AP Roll On: Cherry Blossom,3.0
FF5264503,SO5837065,#5961885,Shopify UK,2026-06-29 01:11:09.513706+00:00,UKAB (Airbox 18),2026-06-29,UKAB (Airbox 18),WCROA549,AP Roll On: Cherry Blossom,1.0
FF5264519,SO5837079,#5961902,Shopify UK,2026-06-29 01:11:14.702200+00:00,UKAB (Airbox 18),2026-06-29,UKAB (Airbox 18),WCROA549,AP Roll On: Cherry Blossom,1.0
FF5264541,SO5837105,#5961928,Shopify UK,2026-06-29 01:11:24.084372+00:00,UKAB (Airbox 18),2026-06-29,UKAB (Airbox 18),WCROA549,AP Roll On: Cherry Blossom,3.0
FF5264548,SO5837110,#5961930,Shopify UK,2026-06-29 01:11:24.802999+00:00,UKAB (Airbox 18),2026-06-29,UKAB (Airbox 18),WCROA549,AP Roll On: Cherry Blossom,1.0
FF5264551,SO5837111,#5961926,Shopify UK,2026-06-29 01:11:25.635325+00:00,UKAB (Airbox 18),2026-06-29,UKAB (Airbox 18),WCROA549,AP Roll On: Cherry Blossom,1.0
FF5264556,SO5837118,#5961927,Shopify UK,2026-06-29 01:11:29.107226+00:00,Airbox (EU),2026-06-29,Airbox,WCR251,Elderflower & Cucumber - initial_delivery,1.0
FF5264562,SO5837121,#5961948,Shopify UK,2026-06-29 01:11:30.167714+00:00,UKAB (Airbox 18),2026-06-29,UKAB (Airbox 18),WCROA549,AP Roll On: Cherry Blossom,1.0
FF5264581,SO5837142,#5961968,Shopify UK,2026-06-29 01:11:40.359932+00:00,Stord (US),2026-06-29,Stord,WCROA24,AP Roll On: Cotton & Seasalt,1.0
FF5264581,SO5837142,#5961968,Shopify UK,2026-06-29 01:11:40.359932+00:00,Stord (US),2026-06-29,Stord,WCROA507,Roll On AP: Thunderstorm,1.0
FF5264581,SO5837142,#5961968,Shopify UK,2026-06-29 01:11:40.359932+00:00,Stord (US),2026-06-29,Stord,WCROA608,Roll On AP: Amber & Oud,1.0
FF5264599,SO5837161,#5961974,Shopify UK,2026-06-29 01:11:47.976524+00:00,Stord (US),2026-06-29,Stord,WCLR1071,Passionfruit Swirl Lip Balm Refill,1.0
FF5264599,SO5837161,#5961974,Shopify UK,2026-06-29 01:11:47.976524+00:00,Stord (US),2026-06-29,Stord,WCLR1816,Orange Marmalade Lip Balm Refill,1.0
FF5264599,SO5837161,#5961974,Shopify UK,2026-06-29 01:11:47.976524+00:00,Stord (US),2026-06-29,Stord,WCLR1971,Love Heart Swizzles Lip Balm Refill,1.0
FF5264599,SO5837161,#5961974,Shopify UK,2026-06-29 01:11:47.976524+00:00,Stord (US),2026-06-29,Stord,WCLR966V2,Honey Lip Balm Refill V2,1.0
FF5264599,SO5837161,#5961974,Shopify UK,2026-06-29 01:11:47.976524+00:00,Stord (US),2026-06-29,Stord,WCLRSPF620V2,Peach & Mango SPF Lip Balm Refill V2,1.0
FF5264599,SO5837161,#5961974,Shopify UK,2026-06-29 01:11:47.976524+00:00,Stord (US),2026-06-29,Stord,WCRS1894,Cola sens. Deodorant Refill,1.0
FF5264599,SO5837161,#5961974,Shopify UK,2026-06-29 01:11:47.976524+00:00,Stord (US),2026-06-29,Stord,WCRS3206,Deo Refill: Black Rose and Velvet Sens,1.0
FF5264599,SO5837161,#5961974,Shopify UK,2026-06-29 01:11:47.976524+00:00,Stord (US),2026-06-29,Stord,WCRS3209,Deo Refill: Wild Seduction Sensitive,1.0
FF5264703,SO5837267,#5962072,Shopify UK,2026-06-29 01:12:25.947770+00:00,UKAB (Airbox 18),2026-06-29,UKAB (Airbox 18),WCROA549,AP Roll On: Cherry Blossom,2.0
FF5264707,SO5837270,#5962063,Shopify UK,2026-06-29 01:12:27.141326+00:00,UKAB (Airbox 18),2026-06-29,UKAB (Airbox 18),WCROA549,AP Roll On: Cherry Blossom,3.0
FF5264709,SO5837269,#5962082,Shopify UK,2026-06-29 01:12:26.194487+00:00,UKAB (Airbox 18),2026-06-29,UKAB (Airbox 18),WCROA549,AP Roll On: Cherry Blossom,1.0
FF5264735,SO5837297,#5962113,Shopify UK,2026-06-29 01:12:41.429588+00:00,UKAB (Airbox 18),2026-06-29,UKAB (Airbox 18),WCR1921,Santa's Christmas Cookies Deo Refill,1.0
FF5264743,SO5837306,#5962121,Shopify UK,2026-06-29 01:12:43.370492+00:00,UKAB (Airbox 18),2026-06-29,UKAB (Airbox 18),WCROA549,AP Roll On: Cherry Blossom,1.0
FF5264756,SO5837319,#5962118,Shopify UK,2026-06-29 01:12:48.265054+00:00,UKAB (Airbox 18),2026-06-29,UKAB (Airbox 18),WCR1751,Summer Breeze Deodorant Refill,1.0
FF5264770,SO5837332,#5962135,Shopify UK,2026-06-29 01:12:55.050907+00:00,UKAB (Airbox 18),2026-06-29,UKAB (Airbox 18),WCROA549,AP Roll On: Cherry Blossom,3.0
FF5264787,SO5837348,#5962129,Shopify UK,2026-06-29 01:13:00.534974+00:00,UKAB (Airbox 18),2026-06-29,UKAB (Airbox 18),WCR1921,Santa's Christmas Cookies Deo Refill,1.0
FF5264798,SO5837360,#5962148,Shopify UK,2026-06-29 01:13:05.280787+00:00,UKAB (Airbox 18),2026-06-29,UKAB (Airbox 18),WCROA549,AP Roll On: Cherry Blossom,1.0
FF5264801,SO5837363,AUS360149,Shopify AUS,2026-06-29 01:13:06.437572+00:00,Next (AU),2026-06-29,Next3PL,WCROA3777,AP Roll On Island Paradise,1.0
FF5264861,SO5837423,#5962227,Shopify UK,2026-06-29 01:13:27.967117+00:00,UKAB (Airbox 18),2026-06-29,UKAB (Airbox 18),WCR1751,Summer Breeze Deodorant Refill,1.0
FF5264869,SO5837432,#5962231,Shopify UK,2026-06-29 01:13:30.971526+00:00,UKAB (Airbox 18),2026-06-29,UKAB (Airbox 18),WCROA549,AP Roll On: Cherry Blossom,1.0
FF5264888,SO5837450,#5962261,Shopify UK,2026-06-29 01:13:38.968907+00:00,UKAB (Airbox 18),2026-06-29,UKAB (Airbox 18),WCR1921,Santa's Christmas Cookies Deo Refill,3.0
FF5264902,SO5837463,#5962265,Shopify UK,2026-06-29 01:13:43.414485+00:00,UKAB (Airbox 18),2026-06-29,UKAB (Airbox 18),WCRS1025,Strawberry Daiquiri Sensitive- initial_delivery,9.0
FF5264958,SO5837520,#5962323,Shopify UK,2026-06-29 01:14:04.568562+00:00,UKAB (Airbox 18),2026-06-29,UKAB (Airbox 18),WCROA3207,Roll On AP: Cotton Cloud,3.0
FF5264963,SO5837526,#5962305,Shopify UK,2026-06-29 01:14:05.236244+00:00,UKAB (Airbox 18),2026-06-29,UKAB (Airbox 18),WCR1921,Santa's Christmas Cookies Deo Refill,1.0
FF5264989,SO5837551,#5962375,Shopify UK,2026-06-29 01:14:15.693611+00:00,UKAB (Airbox 18),2026-06-29,UKAB (Airbox 18),WCROA549,AP Roll On: Cherry Blossom,2.0
FF5265002,SO5837565,#5962357,Shopify UK,2026-06-29 01:14:19.974879+00:00,UKAB (Airbox 18),2026-06-29,UKAB (Airbox 18),WCROA549,AP Roll On: Cherry Blossom,3.0
FF5265006,SO5837568,#5962372,Shopify UK,2026-06-29 01:14:20.948492+00:00,UKAB (Airbox 18),2026-06-29,UKAB (Airbox 18),WCROA549,AP Roll On: Cherry Blossom,1.0
FF5265052,SO5837616,#5962420,Shopify UK,2026-06-29 01:14:38.360544+00:00,UKAB (Airbox 18),2026-06-29,UKAB (Airbox 18),WCR1751,Summer Breeze Deodorant Refill,1.0
FF5265063,SO5837623,#5962408,Shopify UK,2026-06-29 01:14:39.804238+00:00,UKAB (Airbox 18),2026-06-29,UKAB (Airbox 18),WCR1921,Santa's Christmas Cookies Deo Refill,1.0
FF5265066,SO5837629,#5962438,Shopify UK,2026-06-29 01:14:43.036052+00:00,Stord (US),2026-06-29,Stord,WCRS3206,Deo Refill: Black Rose and Velvet Sens,1.0
FF5265066,SO5837629,#5962438,Shopify UK,2026-06-29 01:14:43.036052+00:00,Stord (US),2026-06-29,Stord,WCRS712,Spiced O&PSEN,1.0
FF5265066,SO5837629,#5962438,Shopify UK,2026-06-29 01:14:43.036052+00:00,Stord (US),2026-06-29,Stord,WCRS996,Pink Grapefruit & Lime - Sensitive Deo Refill,1.0
FF5265107,SO5837670,#5962474,Shopify UK,2026-06-29 01:15:02.210163+00:00,UKAB (Airbox 18),2026-06-29,UKAB (Airbox 18),WCR1921,Santa's Christmas Cookies Deo Refill,1.0
FF5265114,SO5837678,#5962473,Shopify UK,2026-06-29 01:15:04.892002+00:00,UKAB (Airbox 18),2026-06-29,UKAB (Airbox 18),WCROA549,AP Roll On: Cherry Blossom,1.0
FF5265117,SO5837677,#5962487,Shopify UK,2026-06-29 01:15:04.743325+00:00,UKAB (Airbox 18),2026-06-29,UKAB (Airbox 18),WCRS762,Rainforest Oasis - Sensitive Deo Refill,1.0
FF5265123,SO5837685,#5962471,Shopify UK,2026-06-29 01:15:08.046176+00:00,UKAB (Airbox 18),2026-06-29,UKAB (Airbox 18),WCROA549,AP Roll On: Cherry Blossom,1.0
FF5265134,SO5837697,#5962488,Shopify UK,2026-06-29 01:15:13.692204+00:00,Airbox (EU),2026-06-29,Airbox,WCLR619,Original Lip Balm Refill,2.0
FF5265137,SO5837700,#5962501,Shopify UK,2026-06-29 01:15:13.909393+00:00,UKAB (Airbox 18),2026-06-29,UKAB (Airbox 18),WCR1921,Santa's Christmas Cookies Deo Refill,1.0
FF5265161,SO5837723,#5962523,Shopify UK,2026-06-29 01:15:24.901693+00:00,UKAB (Airbox 18),2026-06-29,UKAB (Airbox 18),WCBWR507,Thunderstorm 300ml Body Wash Refill,3.0
FF5265174,SO5837736,#5962551,Shopify UK,2026-06-29 01:15:32.244435+00:00,UKAB (Airbox 18),2026-06-29,UKAB (Airbox 18),WCROA549,AP Roll On: Cherry Blossom,2.0
FF5265243,SO5837804,#5962624,Shopify UK,2026-06-29 01:16:00.415467+00:00,UKAB (Airbox 18),2026-06-29,UKAB (Airbox 18),WCR1921,Santa's Christmas Cookies Deo Refill,1.0
FF5265249,SO5837809,#5962615,Shopify UK,2026-06-29 01:16:01.298134+00:00,UKAB (Airbox 18),2026-06-29,UKAB (Airbox 18),WCR1921,Santa's Christmas Cookies Deo Refill,1.0
FF5265415,SO5837978,#5962781,Shopify UK,2026-06-29 01:17:01.112987+00:00,UKAB (Airbox 18),2026-06-29,UKAB (Airbox 18),WCROA549,AP Roll On: Cherry Blossom,1.0
FF5265440,SO5838002,#5962804,Shopify UK,2026-06-29 01:17:14.080968+00:00,UKAB (Airbox 18),2026-06-29,UKAB (Airbox 18),WCR1921,Santa's Christmas Cookies Deo Refill,1.0
FF5265472,SO5838032,#5962830,Shopify UK,2026-06-29 01:17:29.279963+00:00,UKAB (Airbox 18),2026-06-29,UKAB (Airbox 18),WCR1921,Santa's Christmas Cookies Deo Refill,1.0
FF5265683,SO5838245,AUS360189,Shopify AUS,2026-06-29 02:04:54.753992+00:00,UKAB (Airbox 18),2026-06-29,UKAB (Airbox 18),WCBWR3278,Body Wash Refill: Peachy Kiss,1.0
FF5265844,SO5838406,#5962876,Shopify UK,2026-06-29 02:59:25.643300+00:00,Stord (US),2026-06-29,Stord,WCBWR1963,Spa Daydreams Body Wash Refill 300ml,1.0
FF5265885,SO5838447,US905668,Shopify USA,2026-06-29 03:13:23.791868+00:00,Stord (US),2026-06-29,Stord,WCR2554,Deo Refill: Winter Breeze,1.0
FF5266035,SO5838597,AUS360225,Shopify AUS,2026-06-29 04:20:52.552460+00:00,Next (AU),2026-06-29,Next3PL,WCR02,Coconut Dreams - initial_delivery,1.0
FF5266039,SO5838601,AUS360230,Shopify AUS,2026-06-29 04:21:08.366740+00:00,Next (AU),2026-06-29,Next3PL,WCR02,Coconut Dreams - initial_delivery,1.0
FF5266042,SO5838604,AUS360231,Shopify AUS,2026-06-29 04:21:23.906750+00:00,Next (AU),2026-06-29,Next3PL,WCR02,Coconut Dreams - initial_delivery,1.0
FF5266043,SO5838605,AUS360243,Shopify AUS,2026-06-29 04:21:27.741262+00:00,Next (AU),2026-06-29,Next3PL,WCR02,Coconut Dreams - initial_delivery,2.0
FF5266043,SO5838605,AUS360243,Shopify AUS,2026-06-29 04:21:27.741262+00:00,Next (AU),2026-06-29,Next3PL,WCR02,Coconut Dreams - initial_delivery,1.0
FF5266045,SO5838607,AUS360233,Shopify AUS,2026-06-29 04:21:36.803819+00:00,Next (AU),2026-06-29,Next3PL,WCR02,Coconut Dreams - initial_delivery,1.0
FF5266047,SO5838612,AUS360239,Shopify AUS,2026-06-29 04:21:46.566688+00:00,Next (AU),2026-06-29,Next3PL,WCR02,Coconut Dreams - initial_delivery,1.0
FF5266049,SO5838611,AUS360228,Shopify AUS,2026-06-29 04:21:46.546574+00:00,Next (AU),2026-06-29,Next3PL,WCR02,Coconut Dreams - initial_delivery,2.0
FF5266049,SO5838611,AUS360228,Shopify AUS,2026-06-29 04:21:46.546574+00:00,Next (AU),2026-06-29,Next3PL,WCR02,Coconut Dreams - initial_delivery,1.0
FF5266058,SO5838620,AUS360251,Shopify AUS,2026-06-29 04:21:54.660412+00:00,Next (AU),2026-06-29,Next3PL,WCR02,Coconut Dreams - initial_delivery,1.0
FF5266060,SO5838622,AUS360258,Shopify AUS,2026-06-29 04:21:55.705654+00:00,Next (AU),2026-06-29,Next3PL,WCR02,Coconut Dreams - initial_delivery,1.0
FF5266063,SO5838626,AUS360259,Shopify AUS,2026-06-29 04:22:00.592138+00:00,UKAB (Airbox 18),2026-06-29,UKAB (Airbox 18),WCBWR507,Thunderstorm 300ml Body Wash Refill,4.0
FF5266072,SO5838634,AUS360249,Shopify AUS,2026-06-29 04:22:02.572197+00:00,Next (AU),2026-06-29,Next3PL,WCROA24,AP Roll On: Cotton & Seasalt,3.0
FF5266076,SO5838639,AUS360279,Shopify AUS,2026-06-29 04:22:06.287758+00:00,Next (AU),2026-06-29,Next3PL,WCR02,Coconut Dreams - initial_delivery,1.0
FF5266079,SO5838641,AUS360280,Shopify AUS,2026-06-29 04:22:08.885116+00:00,Next (AU),2026-06-29,Next3PL,WCROA24,AP Roll On: Cotton & Seasalt,1.0
FF5266085,SO5838649,AUS360267,Shopify AUS,2026-06-29 04:22:15.495957+00:00,Next (AU),2026-06-29,Next3PL,WCR02,Coconut Dreams - initial_delivery,3.0
FF5266086,SO5838647,AUS360284,Shopify AUS,2026-06-29 04:22:15.348064+00:00,Next (AU),2026-06-29,Next3PL,WCR02,Coconut Dreams - initial_delivery,1.0
FF5266087,SO5838648,AUS360274,Shopify AUS,2026-06-29 04:22:15.332428+00:00,Next (AU),2026-06-29,Next3PL,WCROA24,AP Roll On: Cotton & Seasalt,1.0
FF5266089,SO5838651,AUS360268,Shopify AUS,2026-06-29 04:22:18.958353+00:00,Stord (US),2026-06-29,Stord,WCR2554,Deo Refill: Winter Breeze,2.0
FF5266095,SO5838656,AUS360272,Shopify AUS,2026-06-29 04:22:20.479809+00:00,Next (AU),2026-06-29,Next3PL,WCROA24,AP Roll On: Cotton & Seasalt,1.0
FF5266098,SO5838660,AUS360300,Shopify AUS,2026-06-29 04:22:24.994791+00:00,Next (AU),2026-06-29,Next3PL,WCR02,Coconut Dreams - initial_delivery,2.0
FF5266101,SO5838663,AUS360303,Shopify AUS,2026-06-29 04:22:26.044050+00:00,Next (AU),2026-06-29,Next3PL,WCR02,Coconut Dreams - initial_delivery,1.0
FF5266113,SO5838675,AUS360294,Shopify AUS,2026-06-29 04:22:35.724307+00:00,Next (AU),2026-06-29,Next3PL,WCR02,Coconut Dreams - initial_delivery,1.0
FF5266120,SO5838681,AUS360310,Shopify AUS,2026-06-29 04:22:43.157735+00:00,Next (AU),2026-06-29,Next3PL,WCR02,Coconut Dreams - initial_delivery,1.0
FF5266123,SO5838685,AUS360305,Shopify AUS,2026-06-29 04:22:47.381499+00:00,Next (AU),2026-06-29,Next3PL,WCR02,Coconut Dreams - initial_delivery,1.0
FF5266125,SO5838687,AUS360317,Shopify AUS,2026-06-29 04:22:50.172919+00:00,UKAB (Airbox 18),2026-06-29,UKAB (Airbox 18),WCBWR3278,Body Wash Refill: Peachy Kiss,1.0
FF5266127,SO5838689,AUS360314,Shopify AUS,2026-06-29 04:22:50.629772+00:00,Next (AU),2026-06-29,Next3PL,WCROA24,AP Roll On: Cotton & Seasalt,1.0
FF5266130,SO5838692,AUS360319,Shopify AUS,2026-06-29 04:22:54.112356+00:00,Next (AU),2026-06-29,Next3PL,WCR02,Coconut Dreams - initial_delivery,1.0
FF5266187,SO5838749,US905729,Shopify USA,2026-06-29 04:26:51.882124+00:00,Stord (US),2026-06-29,Stord,WCLR1245,Lip Balm Refill: Vanilla Frost,2.0
FF5266246,SO5838810,US905748,Shopify USA,2026-06-29 04:27:11.152243+00:00,Stord (US),2026-06-29,Stord,WCR1818,Cola Deodorant Refill,1.0
FF5266252,SO5838818,US905749,Shopify USA,2026-06-29 04:27:12.751495+00:00,Stord (US),2026-06-29,Stord,WCR1818,Cola Deodorant Refill,1.0
FF5266256,SO5838821,US905747,Shopify USA,2026-06-29 04:27:13.538269+00:00,Stord (US),2026-06-29,Stord,WCR2554,Deo Refill: Winter Breeze,1.0
FF5266286,SO5838848,2905732,Shopify EU,2026-06-29 04:27:21.815954+00:00,Airbox (EU),2026-06-29,Airbox,WCRS3206,Deo Refill: Black Rose and Velvet Sens,1.0
FF5266312,SO5838868,US905766,Shopify USA,2026-06-29 04:27:27.521950+00:00,Stord (US),2026-06-29,Stord,WCR1818,Cola Deodorant Refill,1.0
FF5266316,SO5838878,US905785,Shopify USA,2026-06-29 04:27:32.479899+00:00,Stord (US),2026-06-29,Stord,WCR1818,Cola Deodorant Refill,1.0
FF5266334,SO5838894,2905751,Shopify EU,2026-06-29 04:27:37.363822+00:00,Airbox (EU),2026-06-29,Airbox,WCRS3206,Deo Refill: Black Rose and Velvet Sens,2.0
FF5266335,SO5838898,2905752,Shopify EU,2026-06-29 04:27:38.252696+00:00,UKAB (Airbox 18),2026-06-29,UKAB (Airbox 18),WCROA3207,Roll On AP: Cotton Cloud,1.0
FF5266335,SO5838898,2905752,Shopify EU,2026-06-29 04:27:38.252696+00:00,UKAB (Airbox 18),2026-06-29,UKAB (Airbox 18),WCROA549,AP Roll On: Cherry Blossom,1.0
FF5266372,SO5838933,2905763,Shopify EU,2026-06-29 04:27:48.897728+00:00,Airbox (EU),2026-06-29,Airbox,WCLR1072,Watermelon Lip Balm Refill,1.0
FF5266377,SO5838940,US905834,Shopify USA,2026-06-29 04:27:52.040970+00:00,Stord (US),2026-06-29,Stord,WCRS1894,Cola sens. Deodorant Refill,1.0
FF5266394,SO5838957,US905842,Shopify USA,2026-06-29 04:27:58.328528+00:00,Stord (US),2026-06-29,Stord,WCR1818,Cola Deodorant Refill,1.0
FF5266395,SO5838956,US905839,Shopify USA,2026-06-29 04:27:58.265405+00:00,Stord (US),2026-06-29,Stord,WCRS1894,Cola sens. Deodorant Refill,3.0
FF5266500,SO5839063,US905887,Shopify USA,2026-06-29 04:28:35.873555+00:00,Stord (US),2026-06-29,Stord,WCLR1245,Lip Balm Refill: Vanilla Frost,1.0
FF5266552,SO5839114,US905901,Shopify USA,2026-06-29 04:28:51.537966+00:00,Stord (US),2026-06-29,Stord,WCLR1245,Lip Balm Refill: Vanilla Frost,1.0
FF5266557,SO5839123,US905913,Shopify USA,2026-06-29 04:28:53.495355+00:00,Stord (US),2026-06-29,Stord,WCLR1245,Lip Balm Refill: Vanilla Frost,1.0
FF5266611,SO5839174,US905935,Shopify USA,2026-06-29 04:29:13.460596+00:00,Stord (US),2026-06-29,Stord,WCR1818,Cola Deodorant Refill,1.0
FF5266628,SO5839191,US905951,Shopify USA,2026-06-29 04:29:18.752749+00:00,Stord (US),2026-06-29,Stord,WCR1818,Cola Deodorant Refill,2.0
FF5266658,SO5839219,2905911,Shopify EU,2026-06-29 04:29:28.921349+00:00,Airbox (EU),2026-06-29,Airbox,WCBWR507,Thunderstorm 300ml Body Wash Refill,1.0
FF5266673,SO5839231,2905915,Shopify EU,2026-06-29 04:29:33.266834+00:00,Airbox (EU),2026-06-29,Airbox,WCRS3206,Deo Refill: Black Rose and Velvet Sens,1.0
FF5266684,SO5839247,US905973,Shopify USA,2026-06-29 04:29:40.440409+00:00,Stord (US),2026-06-29,Stord,WCR1818,Cola Deodorant Refill,1.0
FF5266692,SO5839252,2905913,Shopify EU,2026-06-29 04:29:42.655557+00:00,Airbox (EU),2026-06-29,Airbox,WCLR1072,Watermelon Lip Balm Refill,1.0
FF5266693,SO5839257,2905949,Shopify EU,2026-06-29 04:29:43.902057+00:00,Airbox (EU),2026-06-29,Airbox,WCRS3206,Deo Refill: Black Rose and Velvet Sens,1.0
FF5266719,SO5839282,2905941,Shopify EU,2026-06-29 04:29:52.676241+00:00,UKAB (Airbox 18),2026-06-29,UKAB (Airbox 18),WCR1947,Caramel Latte Deo Refill,1.0
FF5266741,SO5839303,US906017,Shopify USA,2026-06-29 04:30:03.898642+00:00,Stord (US),2026-06-29,Stord,WCR1818,Cola Deodorant Refill,1.0
FF5266749,SO5839314,US906014,Shopify USA,2026-06-29 04:30:06.638989+00:00,Stord (US),2026-06-29,Stord,WCR1818,Cola Deodorant Refill,1.0
FF5266759,SO5839321,US906018,Shopify USA,2026-06-29 04:30:10.640167+00:00,Stord (US),2026-06-29,Stord,WCR1818,Cola Deodorant Refill,1.0
FF5266761,SO5839322,US906012,Shopify USA,2026-06-29 04:30:10.819594+00:00,Stord (US),2026-06-29,Stord,WCR1818,Cola Deodorant Refill,1.0
FF5266773,SO5839336,US906036,Shopify USA,2026-06-29 04:30:15.378895+00:00,Stord (US),2026-06-29,Stord,WCR1818,Cola Deodorant Refill,1.0
FF5266782,SO5839347,2905976,Shopify EU,2026-06-29 04:30:19.700075+00:00,Airbox (EU),2026-06-29,Airbox,WCRS3206,Deo Refill: Black Rose and Velvet Sens,3.0
FF5266798,SO5839361,2905977,Shopify EU,2026-06-29 04:30:23.669733+00:00,Airbox (EU),2026-06-29,Airbox,WCHWR2512,Black Cherry Handwash,1.0
FF5266799,SO5839363,US906038,Shopify USA,2026-06-29 04:30:24.121271+00:00,Stord (US),2026-06-29,Stord,WCR1818,Cola Deodorant Refill,1.0
FF5266843,SO5839407,2906004,Shopify EU,2026-06-29 04:30:42.448855+00:00,Airbox (EU),2026-06-29,Airbox,WCRS3206,Deo Refill: Black Rose and Velvet Sens,1.0
FF5266845,SO5839411,2906021,Shopify EU,2026-06-29 04:30:43.114347+00:00,Airbox (EU),2026-06-29,Airbox,WCRS3206,Deo Refill: Black Rose and Velvet Sens,1.0
FF5266851,SO5839414,US906054,Shopify USA,2026-06-29 04:30:44.391633+00:00,Stord (US),2026-06-29,Stord,WCRS1894,Cola sens. Deodorant Refill,1.0
FF5266855,SO5839420,US906075,Shopify USA,2026-06-29 04:30:46.358243+00:00,Stord (US),2026-06-29,Stord,WCLR1245,Lip Balm Refill: Vanilla Frost,1.0
FF5266855,SO5839420,US906075,Shopify USA,2026-06-29 04:30:46.358243+00:00,Stord (US),2026-06-29,Stord,WCR1818,Cola Deodorant Refill,1.0
FF5266873,SO5839436,US906064,Shopify USA,2026-06-29 04:30:52.991277+00:00,Stord (US),2026-06-29,Stord,WCR1818,Cola Deodorant Refill,1.0
FF5266874,SO5839437,US906065,Shopify USA,2026-06-29 04:30:52.961712+00:00,Stord (US),2026-06-29,Stord,WCR2554,Deo Refill: Winter Breeze,1.0
FF5266923,SO5839486,US906092,Shopify USA,2026-06-29 04:31:11.032455+00:00,Stord (US),2026-06-29,Stord,WCR2554,Deo Refill: Winter Breeze,1.0
FF5266945,SO5839506,US906119,Shopify USA,2026-06-29 04:31:21.129170+00:00,Stord (US),2026-06-29,Stord,WCR1818,Cola Deodorant Refill,1.0
FF5266963,SO5839530,2906062,Shopify EU,2026-06-29 04:31:29.247519+00:00,Airbox (EU),2026-06-29,Airbox,WCROA3776,AP Roll On Enchanted Bloom,1.0
FF5266983,SO5839545,2906065,Shopify EU,2026-06-29 04:31:35.131709+00:00,Airbox (EU),2026-06-29,Airbox,WCR1919,Vanilla Butterscotch Deo Refill,1.0
FF5267000,SO5839563,2906078,Shopify EU,2026-06-29 04:31:43.637492+00:00,Airbox (EU),2026-06-29,Airbox,WCRS1693,Sunkissed sens. Deodorant Refill,1.0
FF5267030,SO5839593,2906088,Shopify EU,2026-06-29 04:31:55.297768+00:00,Airbox (EU),2026-06-29,Airbox,WCRS3206,Deo Refill: Black Rose and Velvet Sens,1.0
FF5267043,SO5839607,US906165,Shopify USA,2026-06-29 04:32:01.284997+00:00,Stord (US),2026-06-29,Stord,WCR1818,Cola Deodorant Refill,1.0
FF5267052,SO5839615,2906109,Shopify EU,2026-06-29 04:32:04.784032+00:00,Airbox (EU),2026-06-29,Airbox,WCRS3206,Deo Refill: Black Rose and Velvet Sens,1.0
FF5267054,SO5839617,US906167,Shopify USA,2026-06-29 04:32:06.008866+00:00,Stord (US),2026-06-29,Stord,WCR1818,Cola Deodorant Refill,1.0
FF5267063,SO5839626,US906160,Shopify USA,2026-06-29 04:32:09.588147+00:00,Stord (US),2026-06-29,Stord,WCLR1245,Lip Balm Refill: Vanilla Frost,1.0
FF5267064,SO5839629,US906161,Shopify USA,2026-06-29 04:32:10.632238+00:00,Stord (US),2026-06-29,Stord,WCR1818,Cola Deodorant Refill,1.0
FF5267086,SO5839650,US906197,Shopify USA,2026-06-29 04:32:20.035366+00:00,Stord (US),2026-06-29,Stord,WCR1818,Cola Deodorant Refill,1.0
FF5267094,SO5839659,US906185,Shopify USA,2026-06-29 04:32:21.404853+00:00,Stord (US),2026-06-29,Stord,WCR1818,Cola Deodorant Refill,1.0
FF5267100,SO5839663,US906191,Shopify USA,2026-06-29 04:32:24.538020+00:00,Stord (US),2026-06-29,Stord,WCR1818,Cola Deodorant Refill,1.0
FF5267108,SO5839671,US906184,Shopify USA,2026-06-29 04:32:28.182793+00:00,Stord (US),2026-06-29,Stord,WCRS1894,Cola sens. Deodorant Refill,1.0
FF5267142,SO5839707,US906218,Shopify USA,2026-06-29 04:32:45.578752+00:00,Stord (US),2026-06-29,Stord,WCR1818,Cola Deodorant Refill,1.0
FF5267144,SO5839703,2906142,Shopify EU,2026-06-29 04:32:44.646523+00:00,Airbox (EU),2026-06-29,Airbox,WCLR1072,Watermelon Lip Balm Refill,1.0
FF5267147,SO5839710,US906220,Shopify USA,2026-06-29 04:32:46.583978+00:00,Stord (US),2026-06-29,Stord,WCR1818,Cola Deodorant Refill,1.0
FF5267166,SO5839729,US906232,Shopify USA,2026-06-29 04:32:57.212081+00:00,Stord (US),2026-06-29,Stord,WCR1818,Cola Deodorant Refill,1.0
FF5267188,SO5839750,2906149,Shopify EU,2026-06-29 04:33:07.522049+00:00,UKAB (Airbox 18),2026-06-29,UKAB (Airbox 18),WCR3205,Deo Refill: Black Rose and Velvet,1.0
FF5267198,SO5839761,US906255,Shopify USA,2026-06-29 04:33:19.986716+00:00,Stord (US),2026-06-29,Stord,WCR1818,Cola Deodorant Refill,1.0
FF5267209,SO5839772,US906265,Shopify USA,2026-06-29 04:34:49.493990+00:00,Stord (US),2026-06-29,Stord,WCLR1245,Lip Balm Refill: Vanilla Frost,1.0
FF5267210,SO5839773,2906160,Shopify EU,2026-06-29 04:34:49.575939+00:00,Airbox (EU),2026-06-29,Airbox,WCLR1072,Watermelon Lip Balm Refill,1.0
FF5267210,SO5839773,2906160,Shopify EU,2026-06-29 04:34:49.575939+00:00,Airbox (EU),2026-06-29,Airbox,WCROA3776,AP Roll On Enchanted Bloom,1.0
FF5267326,SO5839889,#5962896,Shopify UK,2026-06-29 05:30:52.086923+00:00,Airbox (EU),2026-06-29,Airbox,WCR251,Elderflower & Cucumber - initial_delivery,1.0
FF5267361,SO5839924,2906198,Shopify EU,2026-06-29 05:47:58.516495+00:00,UKAB (Airbox 18),2026-06-29,UKAB (Airbox 18),WCROA549,AP Roll On: Cherry Blossom,1.0
FF5267371,SO5839934,2906202,Shopify EU,2026-06-29 05:51:21.789601+00:00,Airbox (EU),2026-06-29,Airbox,WCLC866,Sage Lip Balm Case,1.0
FF5267371,SO5839934,2906202,Shopify EU,2026-06-29 05:51:21.789601+00:00,Airbox (EU),2026-06-29,Airbox,WCRS3206,Deo Refill: Black Rose and Velvet Sens,1.0
FF5267379,SO5839942,#5962913,Shopify UK,2026-06-29 05:55:02.043527+00:00,UKAB (Airbox 18),2026-06-29,UKAB (Airbox 18),WCRS1754,Queen of Heart's Cherry Tarts Sensitive Deo Refill,1.0
FF5267420,SO5839983,#5962922,Shopify UK,2026-06-29 06:11:42.253556+00:00,UKAB (Airbox 18),2026-06-29,UKAB (Airbox 18),WCR1687,Mad Hatter's Tea Party Deodorant Refill,1.0
FF5267420,SO5839983,#5962922,Shopify UK,2026-06-29 06:11:42.253556+00:00,UKAB (Airbox 18),2026-06-29,UKAB (Airbox 18),WCR1751,Summer Breeze Deodorant Refill,1.0
FF5267449,SO5840012,#5962928,Shopify UK,2026-06-29 06:21:08.234490+00:00,Airbox (EU),2026-06-29,Airbox,WCRO24,Roll On Refill: Fresh Cotton & Sea Salt,1.0
FF5267526,SO5840089,#5962923,Shopify UK,2026-06-29 06:42:26.743965+00:00,Airbox (EU),2026-06-29,Airbox,WCROC3774,Roll On Case: Stitch,1.0
FF5267572,SO5840134,2906267,Shopify EU,2026-06-29 06:56:58.194561+00:00,Airbox (EU),2026-06-29,Airbox,WCLC866,Sage Lip Balm Case,1.0
FF5267578,SO5840140,AUS360345,Shopify AUS,2026-06-29 06:58:19.280282+00:00,UKAB (Airbox 18),2026-06-29,UKAB (Airbox 18),WCBWR3278,Body Wash Refill: Peachy Kiss,1.0
FF5267578,SO5840140,AUS360345,Shopify AUS,2026-06-29 06:58:19.280282+00:00,UKAB (Airbox 18),2026-06-29,UKAB (Airbox 18),WCSGC866,Sage Shower Gel Case,1.0
FF5267609,SO5840171,#5962987,Shopify UK,2026-06-29 07:08:59.038753+00:00,UKAB (Airbox 18),2026-06-29,UKAB (Airbox 18),WCROA3207,Roll On AP: Cotton Cloud,1.0
FF5267672,SO5840234,2906299,Shopify EU,2026-06-29 07:28:01.280131+00:00,Airbox (EU),2026-06-29,Airbox,WCLR1072,Watermelon Lip Balm Refill,1.0
FF5267672,SO5840234,2906299,Shopify EU,2026-06-29 07:28:01.280131+00:00,Airbox (EU),2026-06-29,Airbox,WCROC3774,Roll On Case: Stitch,1.0
FF5267758,SO5840288,2906313,Shopify EU,2026-06-29 07:41:21.622445+00:00,Airbox (EU),2026-06-29,Airbox,WCBWR507,Thunderstorm 300ml Body Wash Refill,1.0
FF5267758,SO5840288,2906313,Shopify EU,2026-06-29 07:41:21.622445+00:00,Airbox (EU),2026-06-29,Airbox,WCRS2557,Deo Refill: Vanilla Butterscotch Sens,1.0
FF5267842,SO5840371,#5963063,Shopify UK,2026-06-29 08:04:04.576815+00:00,Airbox (EU),2026-06-29,Airbox,WCROA3776,AP Roll On Enchanted Bloom,1.0
FF5267842,SO5840371,#5963063,Shopify UK,2026-06-29 08:04:04.576815+00:00,Airbox (EU),2026-06-29,Airbox,WCROC3129,Roll on Case: Valentine's Day Hearts,1.0
FF5267947,SO5840476,2906373,Shopify EU,2026-06-29 08:26:44.487453+00:00,Airbox (EU),2026-06-29,Airbox,WCLC2556,Lip Balm Case: Chrome,1.0
FF5267974,SO5840503,#5963111,Shopify UK,2026-06-29 08:32:50.844209+00:00,UKAB (Airbox 18),2026-06-29,UKAB (Airbox 18),WCR1751,Summer Breeze Deodorant Refill,1.0
FF5267974,SO5840503,#5963111,Shopify UK,2026-06-29 08:32:50.844209+00:00,UKAB (Airbox 18),2026-06-29,UKAB (Airbox 18),WCRS1754,Queen of Heart's Cherry Tarts Sensitive Deo Refill,2.0
FF5268016,SO5840545,#5963076,Shopify UK,2026-06-29 08:42:32.831490+00:00,Airbox (EU),2026-06-29,Airbox,WCROC3130,Roll On Case: Leopard,1.0
FF5268094,SO5840623,2906423,Shopify EU,2026-06-29 09:04:03.138132+00:00,Airbox (EU),2026-06-29,Airbox,WCLC866,Sage Lip Balm Case,1.0
FF5268094,SO5840623,2906423,Shopify EU,2026-06-29 09:04:03.138132+00:00,Airbox (EU),2026-06-29,Airbox,WCRS2557,Deo Refill: Vanilla Butterscotch Sens,1.0
FF5268099,SO5840628,2906424,Shopify EU,2026-06-29 09:05:59.341477+00:00,Airbox (EU),2026-06-29,Airbox,WBU6453,Miffy Deo & Lip Bundle,1.0
FF5268099,SO5840628,2906424,Shopify EU,2026-06-29 09:05:59.341477+00:00,Airbox (EU),2026-06-29,Airbox,WCLC866,Sage Lip Balm Case,1.0
FF5268099,SO5840628,2906424,Shopify EU,2026-06-29 09:05:59.341477+00:00,Airbox (EU),2026-06-29,Airbox,WCRS2557,Deo Refill: Vanilla Butterscotch Sens,1.0
FF5268167,SO5840724,#5963184,Shopify UK,2026-06-29 09:22:26.945476+00:00,Airbox (EU),2026-06-29,Airbox,WCROA3776,AP Roll On Enchanted Bloom,1.0
FF5268354,SO5840911,#5963241,Shopify UK,2026-06-29 10:11:08.922689+00:00,UKAB (Airbox 18),2026-06-29,UKAB (Airbox 18),WMIN2513,Mini Deo: Warm Cinnamon Bun,1.0
FF5268442,SO5840999,2906551,Shopify EU,2026-06-29 10:28:09.091393+00:00,Airbox (EU),2026-06-29,Airbox,WCROA3776,AP Roll On Enchanted Bloom,1.0
FF5268455,SO5841012,2906559,Shopify EU,2026-06-29 10:32:44.997192+00:00,Airbox (EU),2026-06-29,Airbox,WCLC2556,Lip Balm Case: Chrome,1.0
FF5268457,SO5841014,2906561,Shopify EU,2026-06-29 10:33:48.209135+00:00,Airbox (EU),2026-06-29,Airbox,WCROA3776,AP Roll On Enchanted Bloom,1.0
FF5268514,SO5841071,#5963281,Shopify UK,2026-06-29 10:48:39.774476+00:00,Airbox (EU),2026-06-29,Airbox,WCBWR3207,Body Wash Refill: Cotton Cloud,2.0
FF5268530,SO5841087,#5963288,Shopify UK,2026-06-29 10:52:59.451083+00:00,Airbox (EU),2026-06-29,Airbox,WCROC2756,Roll On Case: Forest Green,1.0
FF5268557,SO5841114,#5963294,Shopify UK,2026-06-29 10:59:13.007749+00:00,Airbox (EU),2026-06-29,Airbox,WCR251,Elderflower & Cucumber - initial_delivery,1.0
FF5268562,SO5841119,AUS360394,Shopify AUS,2026-06-29 11:00:13.903742+00:00,UKAB (Airbox 18),2026-06-29,UKAB (Airbox 18),WCLRSPF02,Coconut & Vanilla SPF Lip Balm Refill,1.0
FF5268562,SO5841119,AUS360394,Shopify AUS,2026-06-29 11:00:13.903742+00:00,UKAB (Airbox 18),2026-06-29,UKAB (Airbox 18),WCRO1969,Roll On Refill: Drumsticks,2.0
FF5268605,SO5841162,2906624,Shopify EU,2026-06-29 11:11:41.394131+00:00,Airbox (EU),2026-06-29,Airbox,WCC3295,Deo Case: EBW Ladybird,1.0
FF5268634,SO5841191,2906638,Shopify EU,2026-06-29 11:15:49.087208+00:00,UKAB (Airbox 18),2026-06-29,UKAB (Airbox 18),WCBWR3994EU,Body Wash EU ER Garden Of England,1.0
FF5268700,SO5841257,#5963333,Shopify UK,2026-06-29 11:29:25.382160+00:00,Stord (US),2026-06-29,Stord,WCROL1905,Roll On Roller: Pink,1.0
FF5268751,SO5841308,#5963347,Shopify UK,2026-06-29 11:38:37.895933+00:00,UKAB (Airbox 18),2026-06-29,UKAB (Airbox 18),WCROL1905,Roll On Roller: Pink,1.0
FF5268756,SO5841313,#5963349,Shopify UK,2026-06-29 11:39:52.578593+00:00,UKAB (Airbox 18),2026-06-29,UKAB (Airbox 18),WCROL1905,Roll On Roller: Pink,1.0
FF5268765,SO5841322,#5963351,Shopify UK,2026-06-29 11:42:32.966366+00:00,UKAB (Airbox 18),2026-06-29,UKAB (Airbox 18),WCROL747,Roll On Roller: Blue,1.0
FF5268799,SO5841356,#5963362,Shopify UK,2026-06-29 11:52:24.252636+00:00,UKAB (Airbox 18),2026-06-29,UKAB (Airbox 18),WCROL747,Roll On Roller: Blue,1.0
FF5268810,SO5841367,2906700,Shopify EU,2026-06-29 11:55:10.851895+00:00,Airbox (EU),2026-06-29,Airbox,WCROL1905,Roll On Roller: Pink,1.0
FF5268848,SO5841405,2906714,Shopify EU,2026-06-29 12:01:23.099781+00:00,Airbox (EU),2026-06-29,Airbox,WCR2554,Deo Refill: Winter Breeze,5.0
FF5268914,SO5841470,2906742,Shopify EU,2026-06-29 12:15:38.017781+00:00,UKAB (Airbox 18),2026-06-29,UKAB (Airbox 18),WCROA549,AP Roll On: Cherry Blossom,1.0
FF5268966,SO5841522,#5963395,Shopify UK,2026-06-29 12:28:05.776667+00:00,Airbox (EU),2026-06-29,Airbox,WCBWR3207,Body Wash Refill: Cotton Cloud,1.0
FF5268966,SO5841522,#5963395,Shopify UK,2026-06-29 12:28:05.776667+00:00,Airbox (EU),2026-06-29,Airbox,WCLC864,Rose Lip Balm Case,1.0
FF5268966,SO5841522,#5963395,Shopify UK,2026-06-29 12:28:05.776667+00:00,Airbox (EU),2026-06-29,Airbox,WCSGC984,Bee Body Wash Case,1.0
FF5269062,SO5841618,2906779,Shopify EU,2026-06-29 12:48:14.710597+00:00,Airbox (EU),2026-06-29,Airbox,WCROL1905,Roll On Roller: Pink,1.0
FF5269067,SO5841623,2906782,Shopify EU,2026-06-29 12:50:21.691584+00:00,UKAB (Airbox 18),2026-06-29,UKAB (Airbox 18),WCROA3994EU,AP Roll On Refill: L'Orangerie,1.0
FF5269067,SO5841623,2906782,Shopify EU,2026-06-29 12:50:21.691584+00:00,UKAB (Airbox 18),2026-06-29,UKAB (Airbox 18),WCROA549,AP Roll On: Cherry Blossom,1.0
FF5269090,SO5841646,2906798,Shopify EU,2026-06-29 12:58:11.960549+00:00,Airbox (EU),2026-06-29,Airbox,WCLC866,Sage Lip Balm Case,1.0
FF5269129,SO5841685,US899173R,Shopify USA,2026-06-29 13:02:44.346712+00:00,Stord (US),2026-06-29,Stord,WCR1818,Cola Deodorant Refill,1.0
FF5269140,SO5841696,US898206R,Shopify USA,2026-06-29 13:02:51.583446+00:00,Stord (US),2026-06-29,Stord,WBU1879-ToffeeApple,Ghost Cat + Toffee Apple duo pack,1.0
FF5269140,SO5841696,US898206R,Shopify USA,2026-06-29 13:02:51.583446+00:00,Stord (US),2026-06-29,Stord,WCLR1245,Lip Balm Refill: Vanilla Frost,1.0
FF5269141,SO5841698,US898119R,Shopify USA,2026-06-29 13:02:53.214900+00:00,Stord (US),2026-06-29,Stord,WCLR1245,Lip Balm Refill: Vanilla Frost,1.0
FF5269150,SO5841705,US898173R,Shopify USA,2026-06-29 13:02:56.477279+00:00,Stord (US),2026-06-29,Stord,WBU1879-ToffeeApple,Ghost Cat + Toffee Apple duo pack,1.0
FF5269150,SO5841705,US898173R,Shopify USA,2026-06-29 13:02:56.477279+00:00,Stord (US),2026-06-29,Stord,WCR3207,Deo Refill: Cotton Cloud,1.0
FF5269151,SO5841707,US898110R,Shopify USA,2026-06-29 13:02:58.337672+00:00,Stord (US),2026-06-29,Stord,WCLR1245,Lip Balm Refill: Vanilla Frost,1.0
FF5269158,SO5841715,US897883R,Shopify USA,2026-06-29 13:03:02.831914+00:00,Stord (US),2026-06-29,Stord,WCR3207,Deo Refill: Cotton Cloud,1.0
FF5269160,SO5841713,US897995R,Shopify USA,2026-06-29 13:03:02.446118+00:00,Stord (US),2026-06-29,Stord,WCLR1245,Lip Balm Refill: Vanilla Frost,1.0
FF5269161,SO5841717,US897932R,Shopify USA,2026-06-29 13:03:04.273810+00:00,Stord (US),2026-06-29,Stord,WCR1818,Cola Deodorant Refill,1.0
FF5269167,SO5841723,US897758R,Shopify USA,2026-06-29 13:03:06.714886+00:00,Stord (US),2026-06-29,Stord,WCR3207,Deo Refill: Cotton Cloud,1.0
FF5269173,SO5841728,US897739R,Shopify USA,2026-06-29 13:03:09.697608+00:00,Stord (US),2026-06-29,Stord,WBU1879-ToffeeApple,Ghost Cat + Toffee Apple duo pack,1.0
FF5269173,SO5841728,US897739R,Shopify USA,2026-06-29 13:03:09.697608+00:00,Stord (US),2026-06-29,Stord,WCRS1970,Drumsticks Sensitive Deo Refill,1.0
FF5269182,SO5841738,US896689R,Shopify USA,2026-06-29 13:03:14.954920+00:00,Stord (US),2026-06-29,Stord,WCR1818,Cola Deodorant Refill,1.0
FF5269184,SO5841740,US896423R,Shopify USA,2026-06-29 13:03:15.656442+00:00,Stord (US),2026-06-29,Stord,WCR3207,Deo Refill: Cotton Cloud,1.0
FF5269186,SO5841742,US896348R,Shopify USA,2026-06-29 13:03:17.914222+00:00,Stord (US),2026-06-29,Stord,WCLR1245,Lip Balm Refill: Vanilla Frost,1.0
FF5269186,SO5841742,US896348R,Shopify USA,2026-06-29 13:03:17.914222+00:00,Stord (US),2026-06-29,Stord,WCR3207,Deo Refill: Cotton Cloud,1.0
FF5269189,SO5841744,US896449R,Shopify USA,2026-06-29 13:03:18.541040+00:00,Stord (US),2026-06-29,Stord,WCR3207,Deo Refill: Cotton Cloud,1.0
FF5269194,SO5841751,US896073R,Shopify USA,2026-06-29 13:03:22.099514+00:00,Stord (US),2026-06-29,Stord,WBU1879-ToffeeApple,Ghost Cat + Toffee Apple duo pack,1.0
FF5269194,SO5841751,US896073R,Shopify USA,2026-06-29 13:03:22.099514+00:00,Stord (US),2026-06-29,Stord,WCLR1245,Lip Balm Refill: Vanilla Frost,2.0
FF5269197,SO5841753,US886684RR,Shopify USA,2026-06-29 13:03:24.508262+00:00,Stord (US),2026-06-29,Stord,WCR3207,Deo Refill: Cotton Cloud,1.0
FF5269198,SO5841756,US884643RR,Shopify USA,2026-06-29 13:03:25.050607+00:00,Stord (US),2026-06-29,Stord,WCR1818,Cola Deodorant Refill,12.0
FF5269205,SO5841761,US889066RR,Shopify USA,2026-06-29 13:03:29.036712+00:00,Stord (US),2026-06-29,Stord,WCR3207,Deo Refill: Cotton Cloud,1.0
FF5269205,SO5841761,US889066RR,Shopify USA,2026-06-29 13:03:29.036712+00:00,Stord (US),2026-06-29,Stord,WCRS1970,Drumsticks Sensitive Deo Refill,1.0
FF5269206,SO5841762,US892915RR,Shopify USA,2026-06-29 13:03:30.043835+00:00,Stord (US),2026-06-29,Stord,WCR3207,Deo Refill: Cotton Cloud,1.0
FF5269208,SO5841763,US889456RR,Shopify USA,2026-06-29 13:03:30.850356+00:00,Stord (US),2026-06-29,Stord,WCR1818,Cola Deodorant Refill,1.0
FF5269209,SO5841765,US892682RR,Shopify USA,2026-06-29 13:03:32.540936+00:00,Stord (US),2026-06-29,Stord,WCBWR3207,Body Wash Refill: Cotton Cloud,1.0
FF5269210,SO5841766,US893464RR,Shopify USA,2026-06-29 13:03:33.201533+00:00,Stord (US),2026-06-29,Stord,WBU1879-ToffeeApple,Ghost Cat + Toffee Apple duo pack,1.0
FF5269210,SO5841766,US893464RR,Shopify USA,2026-06-29 13:03:33.201533+00:00,Stord (US),2026-06-29,Stord,WCR3207,Deo Refill: Cotton Cloud,1.0
FF5269211,SO5841767,US894267RR,Shopify USA,2026-06-29 13:03:33.393217+00:00,Stord (US),2026-06-29,Stord,WCLR1245,Lip Balm Refill: Vanilla Frost,1.0
FF5269211,SO5841767,US894267RR,Shopify USA,2026-06-29 13:03:33.393217+00:00,Stord (US),2026-06-29,Stord,WCR3207,Deo Refill: Cotton Cloud,1.0
FF5269214,SO5841770,US894305RR,Shopify USA,2026-06-29 13:03:34.560996+00:00,Stord (US),2026-06-29,Stord,WCR1818,Cola Deodorant Refill,1.0
FF5269215,SO5841771,US894642RR,Shopify USA,2026-06-29 13:03:34.868345+00:00,Stord (US),2026-06-29,Stord,WCR1818,Cola Deodorant Refill,1.0
FF5269218,SO5841774,US895697R,Shopify USA,2026-06-29 13:03:37.986862+00:00,Stord (US),2026-06-29,Stord,WCR1818,Cola Deodorant Refill,1.0
FF5269222,SO5841775,US895700R,Shopify USA,2026-06-29 13:03:38.591715+00:00,Stord (US),2026-06-29,Stord,WBU1879-ToffeeApple,Ghost Cat + Toffee Apple duo pack,1.0
FF5269222,SO5841775,US895700R,Shopify USA,2026-06-29 13:03:38.591715+00:00,Stord (US),2026-06-29,Stord,WCR1818,Cola Deodorant Refill,2.0
FF5269223,SO5841778,US883625RR,Shopify USA,2026-06-29 13:03:39.124476+00:00,Stord (US),2026-06-29,Stord,WCR1818,Cola Deodorant Refill,1.0
FF5269223,SO5841778,US883625RR,Shopify USA,2026-06-29 13:03:39.124476+00:00,Stord (US),2026-06-29,Stord,WCR3207,Deo Refill: Cotton Cloud,4.0
FF5269228,SO5841785,US894769R,Shopify USA,2026-06-29 13:03:42.588098+00:00,Stord (US),2026-06-29,Stord,WCR1818,Cola Deodorant Refill,1.0
FF5269231,SO5841788,US894779R,Shopify USA,2026-06-29 13:03:44.563170+00:00,Stord (US),2026-06-29,Stord,WCR1818,Cola Deodorant Refill,1.0
FF5269236,SO5841792,US894527R,Shopify USA,2026-06-29 13:03:47.920474+00:00,Stord (US),2026-06-29,Stord,WCR1818,Cola Deodorant Refill,1.0
FF5269239,SO5841796,US894271R,Shopify USA,2026-06-29 13:03:49.087531+00:00,Stord (US),2026-06-29,Stord,WCR3207,Deo Refill: Cotton Cloud,1.0
FF5269243,SO5841800,US894138R,Shopify USA,2026-06-29 13:03:51.429429+00:00,Stord (US),2026-06-29,Stord,WCR1818,Cola Deodorant Refill,1.0
FF5269244,SO5841801,US894176R,Shopify USA,2026-06-29 13:03:51.522886+00:00,Stord (US),2026-06-29,Stord,WCLR1245,Lip Balm Refill: Vanilla Frost,3.0
FF5269244,SO5841801,US894176R,Shopify USA,2026-06-29 13:03:51.522886+00:00,Stord (US),2026-06-29,Stord,WCR1818,Cola Deodorant Refill,1.0
FF5269244,SO5841801,US894176R,Shopify USA,2026-06-29 13:03:51.522886+00:00,Stord (US),2026-06-29,Stord,WCR3207,Deo Refill: Cotton Cloud,1.0
FF5269246,SO5841802,US894101R,Shopify USA,2026-06-29 13:03:52.599449+00:00,Stord (US),2026-06-29,Stord,WCR3207,Deo Refill: Cotton Cloud,1.0
FF5269249,SO5841807,US893519R,Shopify USA,2026-06-29 13:03:55.523231+00:00,Stord (US),2026-06-29,Stord,WCR1818,Cola Deodorant Refill,1.0
FF5269250,SO5841806,US893590R,Shopify USA,2026-06-29 13:03:55.000722+00:00,Stord (US),2026-06-29,Stord,WCLR1245,Lip Balm Refill: Vanilla Frost,1.0
FF5269252,SO5841809,US893425R,Shopify USA,2026-06-29 13:03:56.055886+00:00,Stord (US),2026-06-29,Stord,WCR1818,Cola Deodorant Refill,1.0
FF5269253,SO5841808,US893612R,Shopify USA,2026-06-29 13:03:55.165355+00:00,Stord (US),2026-06-29,Stord,WCR1818,Cola Deodorant Refill,1.0
FF5269255,SO5841811,US893188R,Shopify USA,2026-06-29 13:03:57.428115+00:00,Stord (US),2026-06-29,Stord,WCR3207,Deo Refill: Cotton Cloud,1.0
FF5269258,SO5841814,US893393R,Shopify USA,2026-06-29 13:03:57.994376+00:00,Stord (US),2026-06-29,Stord,WCBWR3207,Body Wash Refill: Cotton Cloud,1.0
FF5269258,SO5841814,US893393R,Shopify USA,2026-06-29 13:03:57.994376+00:00,Stord (US),2026-06-29,Stord,WCLR1245,Lip Balm Refill: Vanilla Frost,2.0
FF5269258,SO5841814,US893393R,Shopify USA,2026-06-29 13:03:57.994376+00:00,Stord (US),2026-06-29,Stord,WCR3207,Deo Refill: Cotton Cloud,1.0
FF5269262,SO5841817,US893128R,Shopify USA,2026-06-29 13:04:00.519594+00:00,Stord (US),2026-06-29,Stord,WCBWR3207,Body Wash Refill: Cotton Cloud,1.0
FF5269262,SO5841817,US893128R,Shopify USA,2026-06-29 13:04:00.519594+00:00,Stord (US),2026-06-29,Stord,WCR3207,Deo Refill: Cotton Cloud,1.0
FF5269263,SO5841819,US893086R,Shopify USA,2026-06-29 13:04:01.193402+00:00,Stord (US),2026-06-29,Stord,WCR1818,Cola Deodorant Refill,1.0
FF5269277,SO5841835,US892422R,Shopify USA,2026-06-29 13:04:09.863046+00:00,Stord (US),2026-06-29,Stord,WCR1818,Cola Deodorant Refill,1.0
FF5269280,SO5841838,US892499R,Shopify USA,2026-06-29 13:04:10.726967+00:00,Stord (US),2026-06-29,Stord,WCHCC863,Blue Shower Gel Case,1.0
FF5269280,SO5841838,US892499R,Shopify USA,2026-06-29 13:04:10.726967+00:00,Stord (US),2026-06-29,Stord,WCR1818,Cola Deodorant Refill,1.0
FF5269280,SO5841838,US892499R,Shopify USA,2026-06-29 13:04:10.726967+00:00,Stord (US),2026-06-29,Stord,WCR3207,Deo Refill: Cotton Cloud,2.0
FF5269280,SO5841838,US892499R,Shopify USA,2026-06-29 13:04:10.726967+00:00,Stord (US),2026-06-29,Stord,WCRS1970,Drumsticks Sensitive Deo Refill,1.0
FF5269284,SO5841834,US892772R,Shopify USA,2026-06-29 13:04:09.484601+00:00,Stord (US),2026-06-29,Stord,WCR3207,Deo Refill: Cotton Cloud,1.0
FF5269285,SO5841842,US891743R,Shopify USA,2026-06-29 13:04:12.515886+00:00,Stord (US),2026-06-29,Stord,WCLR2513,Lip Balm Refill: Warm Cinnamon Bun,1.0
FF5269286,SO5841841,US891760R,Shopify USA,2026-06-29 13:04:12.506543+00:00,Stord (US),2026-06-29,Stord,WCLR1245,Lip Balm Refill: Vanilla Frost,2.0
FF5269289,SO5841845,US891608R,Shopify USA,2026-06-29 13:04:14.695984+00:00,Stord (US),2026-06-29,Stord,WCR3207,Deo Refill: Cotton Cloud,1.0
FF5269294,SO5841848,US891582R,Shopify USA,2026-06-29 13:04:15.810327+00:00,Stord (US),2026-06-29,Stord,WCR3207,Deo Refill: Cotton Cloud,1.0
FF5269301,SO5841857,US890774R,Shopify USA,2026-06-29 13:04:21.967080+00:00,Stord (US),2026-06-29,Stord,WCR1818,Cola Deodorant Refill,1.0
FF5269303,SO5841859,US890794R,Shopify USA,2026-06-29 13:04:22.136307+00:00,Stord (US),2026-06-29,Stord,WCR1818,Cola Deodorant Refill,1.0
FF5269303,SO5841859,US890794R,Shopify USA,2026-06-29 13:04:22.136307+00:00,Stord (US),2026-06-29,Stord,WCR3207,Deo Refill: Cotton Cloud,1.0
FF5269305,SO5841864,US890680R,Shopify USA,2026-06-29 13:04:24.641614+00:00,Stord (US),2026-06-29,Stord,WCR3207,Deo Refill: Cotton Cloud,1.0
FF5269309,SO5841861,US891444R,Shopify USA,2026-06-29 13:04:23.412052+00:00,Stord (US),2026-06-29,Stord,WCR3207,Deo Refill: Cotton Cloud,1.0
FF5269314,SO5841870,US890408R,Shopify USA,2026-06-29 13:04:29.041106+00:00,Stord (US),2026-06-29,Stord,WCLR1245,Lip Balm Refill: Vanilla Frost,1.0
FF5269314,SO5841870,US890408R,Shopify USA,2026-06-29 13:04:29.041106+00:00,Stord (US),2026-06-29,Stord,WCLR2513,Lip Balm Refill: Warm Cinnamon Bun,1.0
FF5269314,SO5841870,US890408R,Shopify USA,2026-06-29 13:04:29.041106+00:00,Stord (US),2026-06-29,Stord,WCR3207,Deo Refill: Cotton Cloud,1.0
FF5269315,SO5841871,US889622R,Shopify USA,2026-06-29 13:04:29.316972+00:00,Stord (US),2026-06-29,Stord,WCR1818,Cola Deodorant Refill,1.0
FF5269315,SO5841871,US889622R,Shopify USA,2026-06-29 13:04:29.316972+00:00,Stord (US),2026-06-29,Stord,WCR3207,Deo Refill: Cotton Cloud,2.0
FF5269322,SO5841880,US890412R,Shopify USA,2026-06-29 13:04:33.004585+00:00,Stord (US),2026-06-29,Stord,WCR1818,Cola Deodorant Refill,1.0
FF5269323,SO5841881,US889115R,Shopify USA,2026-06-29 13:04:33.180738+00:00,Stord (US),2026-06-29,Stord,WCLR1245,Lip Balm Refill: Vanilla Frost,1.0
FF5269331,SO5841887,US888480R,Shopify USA,2026-06-29 13:04:38.323991+00:00,Stord (US),2026-06-29,Stord,WCR3207,Deo Refill: Cotton Cloud,1.0
FF5269334,SO5841890,US888469R,Shopify USA,2026-06-29 13:04:39.678675+00:00,Stord (US),2026-06-29,Stord,WCLR2513,Lip Balm Refill: Warm Cinnamon Bun,1.0
FF5269335,SO5841894,US888313R,Shopify USA,2026-06-29 13:04:39.917387+00:00,Stord (US),2026-06-29,Stord,WCLR2513,Lip Balm Refill: Warm Cinnamon Bun,1.0
FF5269336,SO5841889,US888387R,Shopify USA,2026-06-29 13:04:39.009778+00:00,Stord (US),2026-06-29,Stord,WCR3207,Deo Refill: Cotton Cloud,1.0
FF5269337,SO5841893,US888690R,Shopify USA,2026-06-29 13:04:39.517771+00:00,Stord (US),2026-06-29,Stord,WCR1818,Cola Deodorant Refill,1.0
FF5269341,SO5841896,US888358R,Shopify USA,2026-06-29 13:04:41.631496+00:00,Stord (US),2026-06-29,Stord,WCLR1816,Orange Marmalade Lip Balm Refill,1.0
FF5269343,SO5841899,US888059R,Shopify USA,2026-06-29 13:04:44.153277+00:00,Stord (US),2026-06-29,Stord,WCR1818,Cola Deodorant Refill,1.0
FF5269344,SO5841903,US861392RRR,Shopify USA,2026-06-29 13:04:46.322051+00:00,Stord (US),2026-06-29,Stord,WCR1105,Enchanted Forest Deo Refill,2.0
FF5269344,SO5841903,US861392RRR,Shopify USA,2026-06-29 13:04:46.322051+00:00,Stord (US),2026-06-29,Stord,WRREF1246,US Coconut Refill,2.0
FF5269345,SO5841904,US862728RRR,Shopify USA,2026-06-29 13:04:46.321607+00:00,Stord (US),2026-06-29,Stord,WCLR2513,Lip Balm Refill: Warm Cinnamon Bun,1.0
FF5269345,SO5841904,US862728RRR,Shopify USA,2026-06-29 13:04:46.321607+00:00,Stord (US),2026-06-29,Stord,WCR1105,Enchanted Forest Deo Refill,2.0
FF5269345,SO5841904,US862728RRR,Shopify USA,2026-06-29 13:04:46.321607+00:00,Stord (US),2026-06-29,Stord,WCR1818,Cola Deodorant Refill,1.0
FF5269345,SO5841904,US862728RRR,Shopify USA,2026-06-29 13:04:46.321607+00:00,Stord (US),2026-06-29,Stord,WCRS2557,Deo Refill: Vanilla Butterscotch Sens,2.0
FF5269347,SO5841902,US887436R,Shopify USA,2026-06-29 13:04:46.240242+00:00,Stord (US),2026-06-29,Stord,WBU3157-FLEX,His & Hers Halloween Bundle ,1.0
FF5269347,SO5841902,US887436R,Shopify USA,2026-06-29 13:04:46.240242+00:00,Stord (US),2026-06-29,Stord,WCR1818,Cola Deodorant Refill,1.0
FF5269347,SO5841902,US887436R,Shopify USA,2026-06-29 13:04:46.240242+00:00,Stord (US),2026-06-29,Stord,WCR3207,Deo Refill: Cotton Cloud,1.0
FF5269348,SO5841900,US887462R,Shopify USA,2026-06-29 13:04:45.510763+00:00,Stord (US),2026-06-29,Stord,WCLR1816,Orange Marmalade Lip Balm Refill,1.0
FF5269348,SO5841900,US887462R,Shopify USA,2026-06-29 13:04:45.510763+00:00,Stord (US),2026-06-29,Stord,WCR1818,Cola Deodorant Refill,5.0
FF5269348,SO5841900,US887462R,Shopify USA,2026-06-29 13:04:45.510763+00:00,Stord (US),2026-06-29,Stord,WCR3207,Deo Refill: Cotton Cloud,2.0
FF5269349,SO5841906,US861431RRR,Shopify USA,2026-06-29 13:04:47.561397+00:00,Stord (US),2026-06-29,Stord,WCR1105,Enchanted Forest Deo Refill,1.0
FF5269349,SO5841906,US861431RRR,Shopify USA,2026-06-29 13:04:47.561397+00:00,Stord (US),2026-06-29,Stord,WRREF1246,US Coconut Refill,1.0
FF5269350,SO5841907,US884727R,Shopify USA,2026-06-29 13:04:47.623244+00:00,Stord (US),2026-06-29,Stord,WCR1818,Cola Deodorant Refill,1.0
FF5269350,SO5841907,US884727R,Shopify USA,2026-06-29 13:04:47.623244+00:00,Stord (US),2026-06-29,Stord,WCR3207,Deo Refill: Cotton Cloud,1.0
FF5269352,SO5841908,US864123RRR,Shopify USA,2026-06-29 13:04:48.546148+00:00,Stord (US),2026-06-29,Stord,WCRS1894,Cola sens. Deodorant Refill,1.0
FF5269354,SO5841909,US864096RRR,Shopify USA,2026-06-29 13:04:49.185537+00:00,Stord (US),2026-06-29,Stord,WCR1818,Cola Deodorant Refill,1.0
FF5269354,SO5841909,US864096RRR,Shopify USA,2026-06-29 13:04:49.185537+00:00,Stord (US),2026-06-29,Stord,WCRS1894,Cola sens. Deodorant Refill,1.0
FF5269355,SO5841912,US871854RRR,Shopify USA,2026-06-29 13:04:50.237953+00:00,Stord (US),2026-06-29,Stord,WCR3207,Deo Refill: Cotton Cloud,1.0
FF5269356,SO5841911,US869646RRR,Shopify USA,2026-06-29 13:04:50.175059+00:00,Stord (US),2026-06-29,Stord,WCBWR3207,Body Wash Refill: Cotton Cloud,1.0
FF5269358,SO5841914,US829191R,Shopify USA,2026-06-29 13:04:52.713118+00:00,Stord (US),2026-06-29,Stord,WCBWR3207,Body Wash Refill: Cotton Cloud,3.0
FF5269358,SO5841914,US829191R,Shopify USA,2026-06-29 13:04:52.713118+00:00,Stord (US),2026-06-29,Stord,WCR3207,Deo Refill: Cotton Cloud,2.0
FF5269359,SO5841915,US703629R,Shopify USA,2026-06-29 13:04:53.500349+00:00,Stord (US),2026-06-29,Stord,WCRS3206,Deo Refill: Black Rose and Velvet Sens,1.0
FF5269396,SO5841951,#5963453,Shopify UK,2026-06-29 13:17:41.313327+00:00,Stord (US),2026-06-29,Stord,WCBWMIN1283,Juicy Mango Body Wash Mini,1.0
FF5269396,SO5841951,#5963453,Shopify UK,2026-06-29 13:17:41.313327+00:00,Stord (US),2026-06-29,Stord,WCBWMIN1963,Spa Daydreams Body Wash Mini,1.0
FF5269396,SO5841951,#5963453,Shopify UK,2026-06-29 13:17:41.313327+00:00,Stord (US),2026-06-29,Stord,WCBWR1963,Spa Daydreams Body Wash Refill 300ml,1.0
FF5269396,SO5841951,#5963453,Shopify UK,2026-06-29 13:17:41.313327+00:00,Stord (US),2026-06-29,Stord,WCBWR3994,Body Wash Refill: ER Garden of England,1.0
FF5269398,SO5841953,#5963454,Shopify UK,2026-06-29 13:18:02.549430+00:00,Airbox (EU),2026-06-29,Airbox,WCR251,Elderflower & Cucumber - initial_delivery,1.0
FF5269421,SO5841976,2906831,Shopify EU,2026-06-29 13:22:48.630325+00:00,Airbox (EU),2026-06-29,Airbox,WCHWR2512,Black Cherry Handwash,1.0
FF5269427,SO5841982,AUS360432,Shopify AUS,2026-06-29 13:24:46.082782+00:00,UKAB (Airbox 18),2026-06-29,UKAB (Airbox 18),WCBWR3205,Body Wash Refill: Black Rose and Velvet,1.0
FF5269462,SO5842017,2906803,Shopify EU,2026-06-29 13:31:36.049293+00:00,UKAB (Airbox 18),2026-06-29,UKAB (Airbox 18),WCROA549,AP Roll On: Cherry Blossom,1.0
FF5269627,SO5842140,#5963499,Shopify UK,2026-06-29 13:58:19.419899+00:00,Stord (US),2026-06-29,Stord,WCR3207,Deo Refill: Cotton Cloud,1.0
FF5269669,SO5842182,2906899,Shopify EU,2026-06-29 14:08:23.374009+00:00,UKAB (Airbox 18),2026-06-29,UKAB (Airbox 18),WCROC2738,Roll On Case: Love Heart,1.0
FF5269675,SO5842188,#5963514,Shopify UK,2026-06-29 14:09:54.523375+00:00,Stord (US),2026-06-29,Stord,WCBWMIN1012,Santorini Sunset Body Wash Mini,1.0
FF5269819,SO5842332,#5963550,Shopify UK,2026-06-29 14:37:02.943950+00:00,Airbox (EU),2026-06-29,Airbox,WCROC3774,Roll On Case: Stitch,1.0
FF5269853,SO5842366,#5963518,Shopify UK,2026-06-29 14:44:23.154483+00:00,Airbox (EU),2026-06-29,Airbox,WCROA3776,AP Roll On Enchanted Bloom,1.0
FF5269853,SO5842366,#5963518,Shopify UK,2026-06-29 14:44:23.154483+00:00,Airbox (EU),2026-06-29,Airbox,WCROC3774,Roll On Case: Stitch,1.0
FF5269922,SO5842435,2906987,Shopify EU,2026-06-29 15:01:26.357827+00:00,Airbox (EU),2026-06-29,Airbox,WCLC866,Sage Lip Balm Case,1.0
FF5269960,SO5842473,#5963586,Shopify UK,2026-06-29 15:11:40.380623+00:00,Airbox (EU),2026-06-29,Airbox,WCROC3129,Roll on Case: Valentine's Day Hearts,1.0
FF5270083,SO5842596,#5963617,Shopify UK,2026-06-29 15:41:16.983923+00:00,Airbox (EU),2026-06-29,Airbox,WCR251,Elderflower & Cucumber - initial_delivery,1.0
FF5270083,SO5842596,#5963617,Shopify UK,2026-06-29 15:41:16.983923+00:00,Airbox (EU),2026-06-29,Airbox,WCROC2756,Roll On Case: Forest Green,1.0
FF5270101,SO5842614,AUS360443,Shopify AUS,2026-06-29 15:44:42.379132+00:00,UKAB (Airbox 18),2026-06-29,UKAB (Airbox 18),WCROA549,AP Roll On: Cherry Blossom,1.0
FF5270310,SO5842789,#5963661,Shopify UK,2026-06-29 16:20:29.343837+00:00,UKAB (Airbox 18),2026-06-29,UKAB (Airbox 18),WCROA549,AP Roll On: Cherry Blossom,1.0
FF5270368,SO5842848,#5963697,Shopify UK,2026-06-29 16:24:39.720103+00:00,UKAB (Airbox 18),2026-06-29,UKAB (Airbox 18),WCROA549,AP Roll On: Cherry Blossom,1.0
FF5270408,SO5842887,#5963726,Shopify UK,2026-06-29 16:28:07.535683+00:00,UKAB (Airbox 18),2026-06-29,UKAB (Airbox 18),WCR1751,Summer Breeze Deodorant Refill,1.0
FF5270532,SO5843010,2907080,Shopify EU,2026-06-29 16:41:45.450129+00:00,UKAB (Airbox 18),2026-06-29,UKAB (Airbox 18),WCR3994EU,Deo Refill: L'Orangerie Secrete / EU ER Garden of England,1.0
FF5270532,SO5843010,2907080,Shopify EU,2026-06-29 16:41:45.450129+00:00,UKAB (Airbox 18),2026-06-29,UKAB (Airbox 18),WCROA3994EU,AP Roll On Refill: L'Orangerie,1.0
FF5270532,SO5843010,2907080,Shopify EU,2026-06-29 16:41:45.450129+00:00,UKAB (Airbox 18),2026-06-29,UKAB (Airbox 18),WCROA549,AP Roll On: Cherry Blossom,1.0
FF5270611,SO5843120,#5963767,Shopify UK,2026-06-29 16:56:55.237643+00:00,Stord (US),2026-06-29,Stord,WCC1989,Sunflower Deo Case,1.0
FF5270698,SO5843176,2907179,Shopify EU,2026-06-29 17:07:47.512961+00:00,Stord (US),2026-06-29,Stord,WCBWR1963,Spa Daydreams Body Wash Refill 300ml,1.0
FF5270698,SO5843176,2907179,Shopify EU,2026-06-29 17:07:47.512961+00:00,Stord (US),2026-06-29,Stord,WCBWR3994EU,Body Wash EU ER Garden Of England,1.0
FF5270698,SO5843176,2907179,Shopify EU,2026-06-29 17:07:47.512961+00:00,Stord (US),2026-06-29,Stord,WCR3994EU,Deo Refill: L'Orangerie Secrete / EU ER Garden of England,2.0
FF5270734,SO5843213,#5963745,Shopify UK,2026-06-29 17:15:54.679069+00:00,Stord (US),2026-06-29,Stord,WCLR1071,Passionfruit Swirl Lip Balm Refill,1.0
FF5270734,SO5843213,#5963745,Shopify UK,2026-06-29 17:15:54.679069+00:00,Stord (US),2026-06-29,Stord,WCR3207,Deo Refill: Cotton Cloud,1.0
FF5270830,SO5843290,2907217,Shopify EU,2026-06-29 17:33:10.010767+00:00,UKAB (Airbox 18),2026-06-29,UKAB (Airbox 18),WCROC2738,Roll On Case: Love Heart,1.0
FF5270885,SO5843345,#5963816,Shopify UK,2026-06-29 17:46:23.524499+00:00,UKAB (Airbox 18),2026-06-29,UKAB (Airbox 18),WBU5396UK,Wild Sports Bundle - TikTok ,1.0
FF5270887,SO5843347,2907188,Shopify EU,2026-06-29 17:46:29.403029+00:00,UKAB (Airbox 18),2026-06-29,UKAB (Airbox 18),WCROA549,AP Roll On: Cherry Blossom,2.0
FF5270887,SO5843347,2907188,Shopify EU,2026-06-29 17:46:29.403029+00:00,UKAB (Airbox 18),2026-06-29,UKAB (Airbox 18),WCROA549,AP Roll On: Cherry Blossom,1.0
FF5270887,SO5843347,2907188,Shopify EU,2026-06-29 17:46:29.403029+00:00,UKAB (Airbox 18),2026-06-29,UKAB (Airbox 18),WCROC2738,Roll On Case: Love Heart,1.0
FF5270975,SO5843435,#5963840,Shopify UK,2026-06-29 18:05:09.018342+00:00,Airbox (EU),2026-06-29,Airbox,WCBWR3207,Body Wash Refill: Cotton Cloud,1.0
FF5270975,SO5843435,#5963840,Shopify UK,2026-06-29 18:05:09.018342+00:00,Airbox (EU),2026-06-29,Airbox,WCSGC25,Black Shower Gel Case,1.0
FF5270984,SO5843444,#5963842,Shopify UK,2026-06-29 18:06:29.651523+00:00,Stord (US),2026-06-29,Stord,WCROL6,Roll On Roller: Aqua,1.0
FF5271121,SO5843581,2907342,Shopify EU,2026-06-29 18:34:36.117142+00:00,UKAB (Airbox 18),2026-06-29,UKAB (Airbox 18),WCC20,Purple Deodorant Case,1.0
FF5271133,SO5843593,#5963872,Shopify UK,2026-06-29 18:35:59.321138+00:00,Airbox (EU),2026-06-29,Airbox,WCC2112,Forest Green Deo Case,1.0
FF5271133,SO5843593,#5963872,Shopify UK,2026-06-29 18:35:59.321138+00:00,Airbox (EU),2026-06-29,Airbox,WCRS3206,Deo Refill: Black Rose and Velvet Sens,1.0
FF5271274,SO5843734,2907410,Shopify EU,2026-06-29 19:04:27.809548+00:00,UKAB (Airbox 18),2026-06-29,UKAB (Airbox 18),WCROA3994EU,AP Roll On Refill: L'Orangerie,2.0
FF5271274,SO5843734,2907410,Shopify EU,2026-06-29 19:04:27.809548+00:00,UKAB (Airbox 18),2026-06-29,UKAB (Airbox 18),WCROA549,AP Roll On: Cherry Blossom,2.0
FF5271274,SO5843734,2907410,Shopify EU,2026-06-29 19:04:27.809548+00:00,UKAB (Airbox 18),2026-06-29,UKAB (Airbox 18),WCROC2738,Roll On Case: Love Heart,1.0
FF5271284,SO5843744,#5963907,Shopify UK,2026-06-29 19:06:13.178391+00:00,UKAB (Airbox 18),2026-06-29,UKAB (Airbox 18),WCBWR24,Fresh Cotton and Sea Salt 300ml Body Wash Refill,3.0
FF5271348,SO5843808,2907430,Shopify EU,2026-06-29 19:17:14.290569+00:00,UKAB (Airbox 18),2026-06-29,UKAB (Airbox 18),WCROA549,AP Roll On: Cherry Blossom,3.0
FF5271357,SO5843817,#5963930,Shopify UK,2026-06-29 19:19:17.919067+00:00,Airbox (EU),2026-06-29,Airbox,WCLR619,Original Lip Balm Refill,1.0
FF5271375,SO5843835,2907440,Shopify EU,2026-06-29 19:24:48.622018+00:00,Airbox (EU),2026-06-29,Airbox,WCR1259,Renew Deo Refill,1.0
FF5271429,SO5843889,#5963956,Shopify UK,2026-06-29 19:33:45.425355+00:00,Airbox (EU),2026-06-29,Airbox,WCLC1053V2,Lip Balm Case: Ombre,1.0
FF5271469,SO5843929,2907482,Shopify EU,2026-06-29 19:42:27.998468+00:00,UKAB (Airbox 18),2026-06-29,UKAB (Airbox 18),WCLR619V2,Original Lip Balm Refill V2,1.0
FF5271469,SO5843929,2907482,Shopify EU,2026-06-29 19:42:27.998468+00:00,UKAB (Airbox 18),2026-06-29,UKAB (Airbox 18),WCROA549,AP Roll On: Cherry Blossom,1.0
FF5271586,SO5844046,2907526,Shopify EU,2026-06-29 20:04:15.221831+00:00,UKAB (Airbox 18),2026-06-29,UKAB (Airbox 18),WCROC2738,Roll On Case: Love Heart,1.0
FF5271705,SO5844165,2907574,Shopify EU,2026-06-29 20:18:20.182497+00:00,UKAB (Airbox 18),2026-06-29,UKAB (Airbox 18),WCLR619V2,Original Lip Balm Refill V2,1.0
FF5271720,SO5844180,#5964019,Shopify UK,2026-06-29 20:20:05.902716+00:00,Next (AU),2026-06-29,Next3PL,WCROA3776,AP Roll On Enchanted Bloom,1.0
FF5271720,SO5844180,#5964019,Shopify UK,2026-06-29 20:20:05.902716+00:00,Next (AU),2026-06-29,Next3PL,WCROA3777,AP Roll On Island Paradise,1.0
FF5271720,SO5844180,#5964019,Shopify UK,2026-06-29 20:20:05.902716+00:00,Next (AU),2026-06-29,Next3PL,WCROA3994,AP Roll On Refill: ER Garden of England,1.0
FF5271756,SO5844216,#5964029,Shopify UK,2026-06-29 20:23:55.652056+00:00,Stord (US),2026-06-29,Stord,WCR3207,Deo Refill: Cotton Cloud,1.0
FF5271814,SO5844274,AUS360450,Shopify AUS,2026-06-29 20:29:53.710246+00:00,Next (AU),2026-06-29,Next3PL,WCR02,Coconut Dreams - initial_delivery,1.0
FF5271821,SO5844281,AUS360453,Shopify AUS,2026-06-29 20:30:19.989075+00:00,Next (AU),2026-06-29,Next3PL,WCROA24,AP Roll On: Cotton & Seasalt,3.0
FF5271822,SO5844282,AUS360454,Shopify AUS,2026-06-29 20:30:25.367525+00:00,Next (AU),2026-06-29,Next3PL,WCROA3777,AP Roll On Island Paradise,1.0
FF5271825,SO5844285,AUS360456,Shopify AUS,2026-06-29 20:30:37.834820+00:00,UKAB (Airbox 18),2026-06-29,UKAB (Airbox 18),WCBWR3278,Body Wash Refill: Peachy Kiss,1.0
FF5271978,SO5844435,2907587,Shopify EU,2026-06-29 20:52:47.702500+00:00,UKAB (Airbox 18),2026-06-29,UKAB (Airbox 18),WCBWR3994EU,Body Wash EU ER Garden Of England,2.0
FF5271978,SO5844435,2907587,Shopify EU,2026-06-29 20:52:47.702500+00:00,UKAB (Airbox 18),2026-06-29,UKAB (Airbox 18),WCC20,Purple Deodorant Case,1.0
FF5271981,SO5844438,#5964027,Shopify UK,2026-06-29 20:53:01.908756+00:00,Airbox (EU),2026-06-29,Airbox,WCROA3776,AP Roll On Enchanted Bloom,1.0
FF5271981,SO5844438,#5964027,Shopify UK,2026-06-29 20:53:01.908756+00:00,Airbox (EU),2026-06-29,Airbox,WCROA507,Roll On AP: Thunderstorm,1.0
FF5271981,SO5844438,#5964027,Shopify UK,2026-06-29 20:53:01.908756+00:00,Airbox (EU),2026-06-29,Airbox,WCROC2556,Roll On Case: Chrome,1.0
FF5272081,SO5844538,#5964089,Shopify UK,2026-06-29 21:09:29.486911+00:00,Airbox (EU),2026-06-29,Airbox,WCROC3129,Roll on Case: Valentine's Day Hearts,1.0
FF5272100,SO5844557,#5964095,Shopify UK,2026-06-29 21:12:55.469305+00:00,UKAB (Airbox 18),2026-06-29,UKAB (Airbox 18),WCROL747,Roll On Roller: Blue,1.0
FF5272124,SO5844581,#5964099,Shopify UK,2026-06-29 21:17:53.657684+00:00,UKAB (Airbox 18),2026-06-29,UKAB (Airbox 18),WCBWR24,Fresh Cotton and Sea Salt 300ml Body Wash Refill,3.0
FF5272129,SO5844586,2907689,Shopify EU,2026-06-29 21:18:43.704012+00:00,UKAB (Airbox 18),2026-06-29,UKAB (Airbox 18),WCR3994EU,Deo Refill: L'Orangerie Secrete / EU ER Garden of England,1.0
FF5272154,SO5844611,#5964070,Shopify UK,2026-06-29 21:22:39.053206+00:00,Airbox (EU),2026-06-29,Airbox,WCROC3130,Roll On Case: Leopard,1.0
FF5272169,SO5844626,#5964030,Shopify UK,2026-06-29 21:25:11.982492+00:00,Stord (US),2026-06-29,Stord,WCC2112,Forest Green Deo Case,2.0
FF5272169,SO5844626,#5964030,Shopify UK,2026-06-29 21:25:11.982492+00:00,Stord (US),2026-06-29,Stord,WCC2332,Deo Case: Pastel Blue,2.0
FF5272169,SO5844626,#5964030,Shopify UK,2026-06-29 21:25:11.982492+00:00,Stord (US),2026-06-29,Stord,WCLR1071,Passionfruit Swirl Lip Balm Refill,5.0
FF5272169,SO5844626,#5964030,Shopify UK,2026-06-29 21:25:11.982492+00:00,Stord (US),2026-06-29,Stord,WCLR966V2,Honey Lip Balm Refill V2,5.0
FF5272169,SO5844626,#5964030,Shopify UK,2026-06-29 21:25:11.982492+00:00,Stord (US),2026-06-29,Stord,WCRS3209,Deo Refill: Wild Seduction Sensitive,10.0
FF5272174,SO5844631,AUS360462,Shopify AUS,2026-06-29 21:26:50.172489+00:00,UKAB (Airbox 18),2026-06-29,UKAB (Airbox 18),WCBWR24,Fresh Cotton and Sea Salt 300ml Body Wash Refill,1.0
FF5272223,SO5844680,US907020,Shopify USA,2026-06-29 21:38:14.719480+00:00,Stord (US),2026-06-29,Stord,WCBWR24,Fresh Cotton and Sea Salt 300ml Body Wash Refill,1.0
FF5272321,SO5844778,#5964145,Shopify UK,2026-06-29 22:04:13.981520+00:00,UKAB (Airbox 18),2026-06-29,UKAB (Airbox 18),WCROL747,Roll On Roller: Blue,1.0
FF5272622,SO5845079,#5964180,Shopify UK,2026-06-29 23:21:45.572343+00:00,Airbox (EU),2026-06-30,Airbox,WCROC3129,Roll on Case: Valentine's Day Hearts,1.0
FF5272639,SO5845096,AUS360488,Shopify AUS,2026-06-29 23:26:13.867652+00:00,UKAB (Airbox 18),2026-06-30,UKAB (Airbox 18),WCBWR24,Fresh Cotton and Sea Salt 300ml Body Wash Refill,1.0
FF5272664,SO5845121,2907765,Shopify EU,2026-06-29 23:35:42.699313+00:00,UKAB (Airbox 18),2026-06-30,UKAB (Airbox 18),WCR3994EU,Deo Refill: L'Orangerie Secrete / EU ER Garden of England,1.0
FF5272782,SO5845239,#5964213,Shopify UK,2026-06-30 00:09:20.254094+00:00,Next (AU),2026-06-30,Next3PL,WCR3994,Deo Refill: ER Garden Of England,1.0
FF5272811,SO5845268,#5964215,Shopify UK,2026-06-30 00:18:09.973224+00:00,Airbox (EU),2026-06-30,Airbox,WCROA3776,AP Roll On Enchanted Bloom,1.0
FF5272811,SO5845268,#5964215,Shopify UK,2026-06-30 00:18:09.973224+00:00,Airbox (EU),2026-06-30,Airbox,WCROC3774,Roll On Case: Stitch,1.0
FF5272861,SO5845318,#5964206,Shopify UK,2026-06-30 00:28:10.906825+00:00,Next (AU),2026-06-30,Next3PL,WCC1981,EBW Pink Heart Deo Case,1.0
FF5272861,SO5845318,#5964206,Shopify UK,2026-06-30 00:28:10.906825+00:00,Next (AU),2026-06-30,Next3PL,WMIN549,Cherry Blossom Mini,1.0
FF5272862,SO5845319,AUS360523,Shopify AUS,2026-06-30 00:28:15.702225+00:00,UKAB (Airbox 18),2026-06-30,UKAB (Airbox 18),WCBWR24,Fresh Cotton and Sea Salt 300ml Body Wash Refill,1.0
FF5272862,SO5845319,AUS360523,Shopify AUS,2026-06-30 00:28:15.702225+00:00,UKAB (Airbox 18),2026-06-30,UKAB (Airbox 18),WCBWR966,Honey and Almond 300ml Body Wash Refill,1.0
FF5272957,SO5845414,2907775,Shopify EU,2026-06-30 00:58:56.854359+00:00,Airbox (EU),2026-06-30,Airbox,WCROL1905,Roll On Roller: Pink,1.0
FF5272971,SO5845428,AUS360534,Shopify AUS,2026-06-30 01:04:05.139820+00:00,UKAB (Airbox 18),2026-06-30,UKAB (Airbox 18),WCROC2894,Roll On Case: Midnight Bloom ,1.0
FF5272993,SO5845450,#5964234,Shopify UK,2026-06-30 01:08:18.481599+00:00,UKAB (Airbox 18),2026-06-30,UKAB (Airbox 18),WCBWR24,Fresh Cotton and Sea Salt 300ml Body Wash Refill,1.0
FF5273009,SO5845466,#5964256,Shopify UK,2026-06-30 01:08:45.372848+00:00,UKAB (Airbox 18),2026-06-30,UKAB (Airbox 18),WCBWR24,Fresh Cotton and Sea Salt 300ml Body Wash Refill,1.0
FF5273013,SO5845472,#5964259,Shopify UK,2026-06-30 01:08:51.045037+00:00,UKAB (Airbox 18),2026-06-30,UKAB (Airbox 18),WCBWR24,Fresh Cotton and Sea Salt 300ml Body Wash Refill,1.0
FF5273014,SO5845473,#5964249,Shopify UK,2026-06-30 01:08:51.114860+00:00,UKAB (Airbox 18),2026-06-30,UKAB (Airbox 18),WCBWR24,Fresh Cotton and Sea Salt 300ml Body Wash Refill,1.0
FF5273052,SO5845509,#5964282,Shopify UK,2026-06-30 01:09:25.188021+00:00,UKAB (Airbox 18),2026-06-30,UKAB (Airbox 18),WCBWR24,Fresh Cotton and Sea Salt 300ml Body Wash Refill,1.0
FF5273052,SO5845509,#5964282,Shopify UK,2026-06-30 01:09:25.188021+00:00,UKAB (Airbox 18),2026-06-30,UKAB (Airbox 18),WCBWR966,Honey and Almond 300ml Body Wash Refill,1.0
FF5273080,SO5845535,#5964306,Shopify UK,2026-06-30 01:09:34.947510+00:00,UKAB (Airbox 18),2026-06-30,UKAB (Airbox 18),WCBWR966,Honey and Almond 300ml Body Wash Refill,1.0
FF5273080,SO5845535,#5964306,Shopify UK,2026-06-30 01:09:34.947510+00:00,UKAB (Airbox 18),2026-06-30,UKAB (Airbox 18),WCROA549,AP Roll On: Cherry Blossom,1.0
FF5273103,SO5845560,#5964355,Shopify UK,2026-06-30 01:09:45.160585+00:00,UKAB (Airbox 18),2026-06-30,UKAB (Airbox 18),WCBWR966,Honey and Almond 300ml Body Wash Refill,1.0
FF5273114,SO5845572,#5964341,Shopify UK,2026-06-30 01:09:49.604933+00:00,Airbox (EU),2026-06-30,Airbox,WCRS3206,Deo Refill: Black Rose and Velvet Sens,1.0
FF5273129,SO5845582,#5964367,Shopify UK,2026-06-30 01:09:55.865440+00:00,Airbox (EU),2026-06-30,Airbox,WCR251,Elderflower & Cucumber - initial_delivery,3.0
FF5273129,SO5845582,#5964367,Shopify UK,2026-06-30 01:09:55.865440+00:00,Airbox (EU),2026-06-30,Airbox,WCROA507,Roll On AP: Thunderstorm,1.0
FF5273133,SO5845590,#5964377,Shopify UK,2026-06-30 01:09:58.836275+00:00,UKAB (Airbox 18),2026-06-30,UKAB (Airbox 18),WCBWR24,Fresh Cotton and Sea Salt 300ml Body Wash Refill,1.0
FF5273157,SO5845615,#5964408,Shopify UK,2026-06-30 01:10:10.268714+00:00,UKAB (Airbox 18),2026-06-30,UKAB (Airbox 18),WCR1751,Summer Breeze Deodorant Refill,1.0
FF5273162,SO5845621,#5964375,Shopify UK,2026-06-30 01:10:12.583221+00:00,UKAB (Airbox 18),2026-06-30,UKAB (Airbox 18),WCBWR966,Honey and Almond 300ml Body Wash Refill,1.0
FF5273178,SO5845635,#5964424,Shopify UK,2026-06-30 01:10:19.127223+00:00,Airbox (EU),2026-06-30,Airbox,WCROA507,Roll On AP: Thunderstorm,1.0
FF5273194,SO5845649,#5964446,Shopify UK,2026-06-30 01:10:24.628623+00:00,UKAB (Airbox 18),2026-06-30,UKAB (Airbox 18),WCROA549,AP Roll On: Cherry Blossom,1.0
FF5273198,SO5845656,#5964445,Shopify UK,2026-06-30 01:10:27.660249+00:00,UKAB (Airbox 18),2026-06-30,UKAB (Airbox 18),WCBWR24,Fresh Cotton and Sea Salt 300ml Body Wash Refill,3.0
FF5273199,SO5845655,#5964443,Shopify UK,2026-06-30 01:10:27.601772+00:00,UKAB (Airbox 18),2026-06-30,UKAB (Airbox 18),WCBWR966,Honey and Almond 300ml Body Wash Refill,3.0
FF5273221,SO5845679,#5964459,Shopify UK,2026-06-30 01:10:34.669562+00:00,UKAB (Airbox 18),2026-06-30,UKAB (Airbox 18),WCR1921,Santa's Christmas Cookies Deo Refill,1.0
FF5273231,SO5845690,#5964475,Shopify UK,2026-06-30 01:10:38.182961+00:00,UKAB (Airbox 18),2026-06-30,UKAB (Airbox 18),WCROA549,AP Roll On: Cherry Blossom,1.0
FF5273234,SO5845692,#5964462,Shopify UK,2026-06-30 01:10:38.408608+00:00,UKAB (Airbox 18),2026-06-30,UKAB (Airbox 18),WCROA549,AP Roll On: Cherry Blossom,1.0
FF5273248,SO5845706,#5964494,Shopify UK,2026-06-30 01:10:42.140817+00:00,UKAB (Airbox 18),2026-06-30,UKAB (Airbox 18),WCBWR24,Fresh Cotton and Sea Salt 300ml Body Wash Refill,1.0
FF5273263,SO5845722,#5964517,Shopify UK,2026-06-30 01:10:46.545319+00:00,UKAB (Airbox 18),2026-06-30,UKAB (Airbox 18),WCROA549,AP Roll On: Cherry Blossom,1.0
FF5273268,SO5845721,#5964502,Shopify UK,2026-06-30 01:10:46.415820+00:00,UKAB (Airbox 18),2026-06-30,UKAB (Airbox 18),WCBWR24,Fresh Cotton and Sea Salt 300ml Body Wash Refill,3.0
FF5273275,SO5845731,#5964520,Shopify UK,2026-06-30 01:10:50.026046+00:00,UKAB (Airbox 18),2026-06-30,UKAB (Airbox 18),WCBWR24,Fresh Cotton and Sea Salt 300ml Body Wash Refill,1.0
FF5273283,SO5845737,#5964527,Shopify UK,2026-06-30 01:10:51.143863+00:00,UKAB (Airbox 18),2026-06-30,UKAB (Airbox 18),WCR1921,Santa's Christmas Cookies Deo Refill,1.0
FF5273301,SO5845758,#5964534,Shopify UK,2026-06-30 01:10:59.113489+00:00,UKAB (Airbox 18),2026-06-30,UKAB (Airbox 18),WCBWR966,Honey and Almond 300ml Body Wash Refill,1.0
FF5273313,SO5845770,#5964567,Shopify UK,2026-06-30 01:11:02.026553+00:00,UKAB (Airbox 18),2026-06-30,UKAB (Airbox 18),WCBWR24,Fresh Cotton and Sea Salt 300ml Body Wash Refill,1.0
FF5273317,SO5845777,#5964552,Shopify UK,2026-06-30 01:11:03.616147+00:00,UKAB (Airbox 18),2026-06-30,UKAB (Airbox 18),WCBWR24,Fresh Cotton and Sea Salt 300ml Body Wash Refill,2.0
FF5273320,SO5845776,#5964558,Shopify UK,2026-06-30 01:11:03.556528+00:00,UKAB (Airbox 18),2026-06-30,UKAB (Airbox 18),WCBWR24,Fresh Cotton and Sea Salt 300ml Body Wash Refill,1.0
FF5273320,SO5845776,#5964558,Shopify UK,2026-06-30 01:11:03.556528+00:00,UKAB (Airbox 18),2026-06-30,UKAB (Airbox 18),WCBWR966,Honey and Almond 300ml Body Wash Refill,1.0
FF5273327,SO5845779,#5964565,Shopify UK,2026-06-30 01:11:04.692555+00:00,UKAB (Airbox 18),2026-06-30,UKAB (Airbox 18),WCROA549,AP Roll On: Cherry Blossom,1.0
FF5273336,SO5845792,#5964550,Shopify UK,2026-06-30 01:11:11.161416+00:00,UKAB (Airbox 18),2026-06-30,UKAB (Airbox 18),WCROA549,AP Roll On: Cherry Blossom,1.0
FF5273349,SO5845806,#5964592,Shopify UK,2026-06-30 01:11:14.941691+00:00,UKAB (Airbox 18),2026-06-30,UKAB (Airbox 18),WCBWR24,Fresh Cotton and Sea Salt 300ml Body Wash Refill,1.0
FF5273355,SO5845810,#5964594,Shopify UK,2026-06-30 01:11:16.302122+00:00,UKAB (Airbox 18),2026-06-30,UKAB (Airbox 18),WCBWR24,Fresh Cotton and Sea Salt 300ml Body Wash Refill,1.0
FF5273356,SO5845813,#5964576,Shopify UK,2026-06-30 01:11:16.643644+00:00,UKAB (Airbox 18),2026-06-30,UKAB (Airbox 18),WCR1751,Summer Breeze Deodorant Refill,1.0
FF5273375,SO5845831,#5964611,Shopify UK,2026-06-30 01:11:23.150700+00:00,UKAB (Airbox 18),2026-06-30,UKAB (Airbox 18),WCROA549,AP Roll On: Cherry Blossom,1.0
FF5273379,SO5845833,#5964616,Shopify UK,2026-06-30 01:11:23.383189+00:00,UKAB (Airbox 18),2026-06-30,UKAB (Airbox 18),WCROA549,AP Roll On: Cherry Blossom,1.0
FF5273388,SO5845846,#5964624,Shopify UK,2026-06-30 01:11:28.834826+00:00,UKAB (Airbox 18),2026-06-30,UKAB (Airbox 18),WCROA3207,Roll On AP: Cotton Cloud,1.0
FF5273388,SO5845846,#5964624,Shopify UK,2026-06-30 01:11:28.834826+00:00,UKAB (Airbox 18),2026-06-30,UKAB (Airbox 18),WCROA549,AP Roll On: Cherry Blossom,1.0
FF5273416,SO5845872,#5964664,Shopify UK,2026-06-30 01:11:36.579349+00:00,UKAB (Airbox 18),2026-06-30,UKAB (Airbox 18),WCBWR24,Fresh Cotton and Sea Salt 300ml Body Wash Refill,1.0
FF5273417,SO5845875,#5964653,Shopify UK,2026-06-30 01:11:37.733341+00:00,UKAB (Airbox 18),2026-06-30,UKAB (Airbox 18),WCR2554,Deo Refill: Winter Breeze,1.0
FF5273418,SO5845873,#5964635,Shopify UK,2026-06-30 01:11:36.389487+00:00,UKAB (Airbox 18),2026-06-30,UKAB (Airbox 18),WCBWR966,Honey and Almond 300ml Body Wash Refill,1.0
FF5273423,SO5845882,#5964659,Shopify UK,2026-06-30 01:11:40.643298+00:00,UKAB (Airbox 18),2026-06-30,UKAB (Airbox 18),WCROA549,AP Roll On: Cherry Blossom,2.0
FF5273430,SO5845887,#5964651,Shopify UK,2026-06-30 01:11:42.513740+00:00,UKAB (Airbox 18),2026-06-30,UKAB (Airbox 18),WCBWR24,Fresh Cotton and Sea Salt 300ml Body Wash Refill,1.0
FF5273441,SO5845898,#5964675,Shopify UK,2026-06-30 01:11:46.915990+00:00,UKAB (Airbox 18),2026-06-30,UKAB (Airbox 18),WCBWR24,Fresh Cotton and Sea Salt 300ml Body Wash Refill,1.0
FF5273441,SO5845898,#5964675,Shopify UK,2026-06-30 01:11:46.915990+00:00,UKAB (Airbox 18),2026-06-30,UKAB (Airbox 18),WCBWR24,Fresh Cotton and Sea Salt 300ml Body Wash Refill,2.0
FF5273446,SO5845901,#5964676,Shopify UK,2026-06-30 01:11:47.019285+00:00,UKAB (Airbox 18),2026-06-30,UKAB (Airbox 18),WCROA549,AP Roll On: Cherry Blossom,1.0
FF5273449,SO5845906,#5964672,Shopify UK,2026-06-30 01:11:49.726098+00:00,UKAB (Airbox 18),2026-06-30,UKAB (Airbox 18),WCBWR24,Fresh Cotton and Sea Salt 300ml Body Wash Refill,1.0
FF5273450,SO5845908,#5964677,Shopify UK,2026-06-30 01:11:50.661861+00:00,UKAB (Airbox 18),2026-06-30,UKAB (Airbox 18),WCBWR24,Fresh Cotton and Sea Salt 300ml Body Wash Refill,1.0
FF5273452,SO5845909,#5964688,Shopify UK,2026-06-30 01:11:50.877165+00:00,UKAB (Airbox 18),2026-06-30,UKAB (Airbox 18),WCBWR24,Fresh Cotton and Sea Salt 300ml Body Wash Refill,1.0
FF5273462,SO5845917,#5964696,Shopify UK,2026-06-30 01:11:52.351958+00:00,UKAB (Airbox 18),2026-06-30,UKAB (Airbox 18),WCROA549,AP Roll On: Cherry Blossom,1.0
FF5273467,SO5845926,#5964698,Shopify UK,2026-06-30 01:11:55.303459+00:00,UKAB (Airbox 18),2026-06-30,UKAB (Airbox 18),WCRS32,Jasmine & Mandarin Blossom - Sensitive - initial_delivery,1.0
FF5273471,SO5845930,#5964700,Shopify UK,2026-06-30 01:11:55.894444+00:00,UKAB (Airbox 18),2026-06-30,UKAB (Airbox 18),WCBWR24,Fresh Cotton and Sea Salt 300ml Body Wash Refill,2.0
FF5273472,SO5845928,#5964713,Shopify UK,2026-06-30 01:11:55.542431+00:00,UKAB (Airbox 18),2026-06-30,UKAB (Airbox 18),WCROA549,AP Roll On: Cherry Blossom,1.0
FF5273479,SO5845934,#5964714,Shopify UK,2026-06-30 01:11:59.047273+00:00,UKAB (Airbox 18),2026-06-30,UKAB (Airbox 18),WCBWR24,Fresh Cotton and Sea Salt 300ml Body Wash Refill,1.0
FF5273481,SO5845940,#5964747,Shopify UK,2026-06-30 01:12:00.762159+00:00,UKAB (Airbox 18),2026-06-30,UKAB (Airbox 18),WCROA549,AP Roll On: Cherry Blossom,1.0
FF5273502,SO5845962,#5964740,Shopify UK,2026-06-30 01:12:09.183881+00:00,UKAB (Airbox 18),2026-06-30,UKAB (Airbox 18),WCR1921,Santa's Christmas Cookies Deo Refill,1.0
FF5273506,SO5845961,#5964739,Shopify UK,2026-06-30 01:12:08.833072+00:00,Airbox (EU),2026-06-30,Airbox,WCLR619,Original Lip Balm Refill,1.0
FF5273507,SO5845964,#5964746,Shopify UK,2026-06-30 01:12:11.193590+00:00,UKAB (Airbox 18),2026-06-30,UKAB (Airbox 18),WCBWR24,Fresh Cotton and Sea Salt 300ml Body Wash Refill,2.0
FF5273509,SO5845971,#5964767,Shopify UK,2026-06-30 01:12:11.829922+00:00,UKAB (Airbox 18),2026-06-30,UKAB (Airbox 18),WCR1921,Santa's Christmas Cookies Deo Refill,1.0
FF5273510,SO5845966,#5964728,Shopify UK,2026-06-30 01:12:11.576903+00:00,UKAB (Airbox 18),2026-06-30,UKAB (Airbox 18),WCBWR24,Fresh Cotton and Sea Salt 300ml Body Wash Refill,1.0
FF5273510,SO5845966,#5964728,Shopify UK,2026-06-30 01:12:11.576903+00:00,UKAB (Airbox 18),2026-06-30,UKAB (Airbox 18),WCBWR966,Honey and Almond 300ml Body Wash Refill,1.0
FF5273512,SO5845968,#5964754,Shopify UK,2026-06-30 01:12:11.666437+00:00,Airbox (EU),2026-06-30,Airbox,WCR251,Elderflower & Cucumber - initial_delivery,1.0
FF5273538,SO5845995,#5964774,Shopify UK,2026-06-30 01:12:23.760494+00:00,UKAB (Airbox 18),2026-06-30,UKAB (Airbox 18),WCROA549,AP Roll On: Cherry Blossom,1.0
FF5273539,SO5846000,#5964783,Shopify UK,2026-06-30 01:12:24.237789+00:00,UKAB (Airbox 18),2026-06-30,UKAB (Airbox 18),WCBWR24,Fresh Cotton and Sea Salt 300ml Body Wash Refill,1.0
FF5273550,SO5846006,#5964781,Shopify UK,2026-06-30 01:12:25.366896+00:00,UKAB (Airbox 18),2026-06-30,UKAB (Airbox 18),WCROA549,AP Roll On: Cherry Blossom,1.0
FF5273565,SO5846023,#5964795,Shopify UK,2026-06-30 01:12:34.168009+00:00,UKAB (Airbox 18),2026-06-30,UKAB (Airbox 18),WCBWR24,Fresh Cotton and Sea Salt 300ml Body Wash Refill,1.0
FF5273570,SO5846026,#5964802,Shopify UK,2026-06-30 01:12:35.112650+00:00,UKAB (Airbox 18),2026-06-30,UKAB (Airbox 18),WCROA549,AP Roll On: Cherry Blossom,3.0
FF5273586,SO5846044,#5964813,Shopify UK,2026-06-30 01:12:41.053788+00:00,UKAB (Airbox 18),2026-06-30,UKAB (Airbox 18),WCBWR24,Fresh Cotton and Sea Salt 300ml Body Wash Refill,1.0
FF5273586,SO5846044,#5964813,Shopify UK,2026-06-30 01:12:41.053788+00:00,UKAB (Airbox 18),2026-06-30,UKAB (Airbox 18),WCBWR966,Honey and Almond 300ml Body Wash Refill,1.0
FF5273587,SO5846046,#5964831,Shopify UK,2026-06-30 01:12:41.363840+00:00,UKAB (Airbox 18),2026-06-30,UKAB (Airbox 18),WCROA3207,Roll On AP: Cotton Cloud,3.0
FF5273596,SO5846053,#5964838,Shopify UK,2026-06-30 01:12:44.015034+00:00,UKAB (Airbox 18),2026-06-30,UKAB (Airbox 18),WCROA549,AP Roll On: Cherry Blossom,3.0
FF5273599,SO5846056,#5964825,Shopify UK,2026-06-30 01:12:45.507764+00:00,UKAB (Airbox 18),2026-06-30,UKAB (Airbox 18),WCROA549,AP Roll On: Cherry Blossom,1.0
FF5273606,SO5846064,#5964850,Shopify UK,2026-06-30 01:12:48.698035+00:00,UKAB (Airbox 18),2026-06-30,UKAB (Airbox 18),WCROA3207,Roll On AP: Cotton Cloud,3.0
FF5273607,SO5846061,#5964841,Shopify UK,2026-06-30 01:12:46.945200+00:00,UKAB (Airbox 18),2026-06-30,UKAB (Airbox 18),WCBWR24,Fresh Cotton and Sea Salt 300ml Body Wash Refill,1.0
FF5273607,SO5846061,#5964841,Shopify UK,2026-06-30 01:12:46.945200+00:00,UKAB (Airbox 18),2026-06-30,UKAB (Airbox 18),WCBWR966,Honey and Almond 300ml Body Wash Refill,1.0
FF5273610,SO5846067,#5964853,Shopify UK,2026-06-30 01:12:51.484824+00:00,UKAB (Airbox 18),2026-06-30,UKAB (Airbox 18),WCRS1970,Drumsticks Sensitive Deo Refill,1.0
FF5273616,SO5846073,#5964860,Shopify UK,2026-06-30 01:12:53.474250+00:00,UKAB (Airbox 18),2026-06-30,UKAB (Airbox 18),WCROA549,AP Roll On: Cherry Blossom,1.0
FF5273625,SO5846082,#5964856,Shopify UK,2026-06-30 01:12:56.490344+00:00,UKAB (Airbox 18),2026-06-30,UKAB (Airbox 18),WCROA549,AP Roll On: Cherry Blossom,1.0
FF5273631,SO5846088,#5964879,Shopify UK,2026-06-30 01:12:59.242564+00:00,UKAB (Airbox 18),2026-06-30,UKAB (Airbox 18),WCROA549,AP Roll On: Cherry Blossom,1.0
FF5273634,SO5846091,#5964869,Shopify UK,2026-06-30 01:12:59.506732+00:00,UKAB (Airbox 18),2026-06-30,UKAB (Airbox 18),WCROA549,AP Roll On: Cherry Blossom,1.0
FF5273636,SO5846092,#5964877,Shopify UK,2026-06-30 01:12:59.877949+00:00,UKAB (Airbox 18),2026-06-30,UKAB (Airbox 18),WCROA549,AP Roll On: Cherry Blossom,3.0
FF5273643,SO5846100,#5964882,Shopify UK,2026-06-30 01:13:02.889156+00:00,UKAB (Airbox 18),2026-06-30,UKAB (Airbox 18),WCROA549,AP Roll On: Cherry Blossom,1.0
FF5273645,SO5846101,#5964872,Shopify UK,2026-06-30 01:13:03.902656+00:00,UKAB (Airbox 18),2026-06-30,UKAB (Airbox 18),WCBWR24,Fresh Cotton and Sea Salt 300ml Body Wash Refill,1.0
FF5273657,SO5846116,#5964913,Shopify UK,2026-06-30 01:13:07.749560+00:00,UKAB (Airbox 18),2026-06-30,UKAB (Airbox 18),WCR1921,Santa's Christmas Cookies Deo Refill,1.0
FF5273658,SO5846117,#5964888,Shopify UK,2026-06-30 01:13:07.884089+00:00,Stord (US),2026-06-30,Stord,WCR1893,Watermelon Deodorant Refill,1.0
FF5273660,SO5846113,#5964907,Shopify UK,2026-06-30 01:13:06.826724+00:00,UKAB (Airbox 18),2026-06-30,UKAB (Airbox 18),WCR1921,Santa's Christmas Cookies Deo Refill,1.0
FF5273662,SO5846120,#5964912,Shopify UK,2026-06-30 01:13:09.203201+00:00,UKAB (Airbox 18),2026-06-30,UKAB (Airbox 18),WCROA549,AP Roll On: Cherry Blossom,1.0
FF5273667,SO5846124,#5964915,Shopify UK,2026-06-30 01:13:11.513605+00:00,UKAB (Airbox 18),2026-06-30,UKAB (Airbox 18),WCBWR24,Fresh Cotton and Sea Salt 300ml Body Wash Refill,3.0
FF5273669,SO5846126,#5964904,Shopify UK,2026-06-30 01:13:12.133279+00:00,UKAB (Airbox 18),2026-06-30,UKAB (Airbox 18),WCROA549,AP Roll On: Cherry Blossom,1.0
FF5273685,SO5846142,#5964933,Shopify UK,2026-06-30 01:13:17.258364+00:00,UKAB (Airbox 18),2026-06-30,UKAB (Airbox 18),WCBWR24,Fresh Cotton and Sea Salt 300ml Body Wash Refill,1.0
FF5273692,SO5846153,#5964936,Shopify UK,2026-06-30 01:13:20.983024+00:00,UKAB (Airbox 18),2026-06-30,UKAB (Airbox 18),WCBWR24,Fresh Cotton and Sea Salt 300ml Body Wash Refill,1.0
FF5273693,SO5846152,#5964939,Shopify UK,2026-06-30 01:13:20.926385+00:00,UKAB (Airbox 18),2026-06-30,UKAB (Airbox 18),WCROA549,AP Roll On: Cherry Blossom,1.0
FF5273712,SO5846169,#5964946,Shopify UK,2026-06-30 01:13:27.065393+00:00,UKAB (Airbox 18),2026-06-30,UKAB (Airbox 18),WCROA549,AP Roll On: Cherry Blossom,1.0
FF5273714,SO5846171,#5964942,Shopify UK,2026-06-30 01:13:28.081479+00:00,UKAB (Airbox 18),2026-06-30,UKAB (Airbox 18),WCBWR24,Fresh Cotton and Sea Salt 300ml Body Wash Refill,3.0
FF5273716,SO5846174,#5964944,Shopify UK,2026-06-30 01:13:28.641620+00:00,UKAB (Airbox 18),2026-06-30,UKAB (Airbox 18),WCROA549,AP Roll On: Cherry Blossom,1.0
FF5273729,SO5846186,#5964953,Shopify UK,2026-06-30 01:13:34.871921+00:00,UKAB (Airbox 18),2026-06-30,UKAB (Airbox 18),WCBWR24,Fresh Cotton and Sea Salt 300ml Body Wash Refill,1.0
FF5273742,SO5846200,#5964974,Shopify UK,2026-06-30 01:13:40.573864+00:00,UKAB (Airbox 18),2026-06-30,UKAB (Airbox 18),WCROA549,AP Roll On: Cherry Blossom,1.0
FF5273756,SO5846214,#5964980,Shopify UK,2026-06-30 01:13:45.656613+00:00,UKAB (Airbox 18),2026-06-30,UKAB (Airbox 18),WCROA549,AP Roll On: Cherry Blossom,1.0
FF5273766,SO5846223,#5964993,Shopify UK,2026-06-30 01:13:50.352329+00:00,UKAB (Airbox 18),2026-06-30,UKAB (Airbox 18),WCROA549,AP Roll On: Cherry Blossom,1.0
FF5273772,SO5846229,#5965003,Shopify UK,2026-06-30 01:13:52.807161+00:00,UKAB (Airbox 18),2026-06-30,UKAB (Airbox 18),WCROA549,AP Roll On: Cherry Blossom,1.0
FF5273782,SO5846239,#5965024,Shopify UK,2026-06-30 01:13:57.861032+00:00,UKAB (Airbox 18),2026-06-30,UKAB (Airbox 18),WCBWR24,Fresh Cotton and Sea Salt 300ml Body Wash Refill,1.0
FF5273782,SO5846239,#5965024,Shopify UK,2026-06-30 01:13:57.861032+00:00,UKAB (Airbox 18),2026-06-30,UKAB (Airbox 18),WCBWR24,Fresh Cotton and Sea Salt 300ml Body Wash Refill,2.0
FF5273788,SO5846246,#5965022,Shopify UK,2026-06-30 01:14:00.985249+00:00,UKAB (Airbox 18),2026-06-30,UKAB (Airbox 18),WCROA549,AP Roll On: Cherry Blossom,1.0
FF5273799,SO5846258,#5965039,Shopify UK,2026-06-30 01:14:02.687943+00:00,UKAB (Airbox 18),2026-06-30,UKAB (Airbox 18),WCROA549,AP Roll On: Cherry Blossom,3.0
FF5273822,SO5846279,#5965033,Shopify UK,2026-06-30 01:14:11.369793+00:00,UKAB (Airbox 18),2026-06-30,UKAB (Airbox 18),WCROA549,AP Roll On: Cherry Blossom,3.0
FF5273826,SO5846285,#5965040,Shopify UK,2026-06-30 01:14:12.585252+00:00,UKAB (Airbox 18),2026-06-30,UKAB (Airbox 18),WCBWR24,Fresh Cotton and Sea Salt 300ml Body Wash Refill,2.0
FF5273839,SO5846296,#5965059,Shopify UK,2026-06-30 01:14:18.069856+00:00,Airbox (EU),2026-06-30,Airbox,WCROA507,Roll On AP: Thunderstorm,1.0
FF5273849,SO5846305,#5965081,Shopify UK,2026-06-30 01:14:22.486141+00:00,UKAB (Airbox 18),2026-06-30,UKAB (Airbox 18),WCROA549,AP Roll On: Cherry Blossom,1.0
FF5273860,SO5846318,#5965090,Shopify UK,2026-06-30 01:14:28.610775+00:00,UKAB (Airbox 18),2026-06-30,UKAB (Airbox 18),WCROA549,AP Roll On: Cherry Blossom,1.0
FF5273864,SO5846317,#5965093,Shopify UK,2026-06-30 01:14:28.146823+00:00,UKAB (Airbox 18),2026-06-30,UKAB (Airbox 18),WCR1751,Summer Breeze Deodorant Refill,1.0
FF5273890,SO5846347,#5965129,Shopify UK,2026-06-30 01:14:39.050125+00:00,UKAB (Airbox 18),2026-06-30,UKAB (Airbox 18),WCBWR24,Fresh Cotton and Sea Salt 300ml Body Wash Refill,1.0
FF5273893,SO5846352,#5965115,Shopify UK,2026-06-30 01:14:40.411466+00:00,UKAB (Airbox 18),2026-06-30,UKAB (Airbox 18),WCBWR24,Fresh Cotton and Sea Salt 300ml Body Wash Refill,3.0
FF5273895,SO5846349,#5965132,Shopify UK,2026-06-30 01:14:39.737897+00:00,UKAB (Airbox 18),2026-06-30,UKAB (Airbox 18),WCBWR24,Fresh Cotton and Sea Salt 300ml Body Wash Refill,1.0
FF5273895,SO5846349,#5965132,Shopify UK,2026-06-30 01:14:39.737897+00:00,UKAB (Airbox 18),2026-06-30,UKAB (Airbox 18),WCBWR966,Honey and Almond 300ml Body Wash Refill,1.0
FF5273915,SO5846373,#5965159,Shopify UK,2026-06-30 01:14:49.542590+00:00,UKAB (Airbox 18),2026-06-30,UKAB (Airbox 18),WCBWR24,Fresh Cotton and Sea Salt 300ml Body Wash Refill,4.0
FF5273916,SO5846374,#5965147,Shopify UK,2026-06-30 01:14:49.725676+00:00,UKAB (Airbox 18),2026-06-30,UKAB (Airbox 18),WCROA549,AP Roll On: Cherry Blossom,1.0
FF5273931,SO5846388,#5965157,Shopify UK,2026-06-30 01:14:54.440521+00:00,UKAB (Airbox 18),2026-06-30,UKAB (Airbox 18),WCBWR24,Fresh Cotton and Sea Salt 300ml Body Wash Refill,1.0
FF5273933,SO5846390,#5965168,Shopify UK,2026-06-30 01:14:55.837147+00:00,UKAB (Airbox 18),2026-06-30,UKAB (Airbox 18),WCBWR24,Fresh Cotton and Sea Salt 300ml Body Wash Refill,1.0
FF5273936,SO5846393,#5965152,Shopify UK,2026-06-30 01:14:56.236809+00:00,UKAB (Airbox 18),2026-06-30,UKAB (Airbox 18),WCBWR24,Fresh Cotton and Sea Salt 300ml Body Wash Refill,1.0
FF5273945,SO5846405,#5965185,Shopify UK,2026-06-30 01:15:02.183791+00:00,UKAB (Airbox 18),2026-06-30,UKAB (Airbox 18),WCROA549,AP Roll On: Cherry Blossom,1.0
FF5273956,SO5846415,#5965197,Shopify UK,2026-06-30 01:15:05.866314+00:00,Airbox (EU),2026-06-30,Airbox,WCRO24,Roll On Refill: Fresh Cotton & Sea Salt,1.0
FF5273964,SO5846422,#5965196,Shopify UK,2026-06-30 01:15:08.866388+00:00,UKAB (Airbox 18),2026-06-30,UKAB (Airbox 18),WCBWR24,Fresh Cotton and Sea Salt 300ml Body Wash Refill,1.0
FF5273964,SO5846422,#5965196,Shopify UK,2026-06-30 01:15:08.866388+00:00,UKAB (Airbox 18),2026-06-30,UKAB (Airbox 18),WCBWR966,Honey and Almond 300ml Body Wash Refill,1.0
FF5273973,SO5846430,#5965211,Shopify UK,2026-06-30 01:15:13.610412+00:00,Airbox (EU),2026-06-30,Airbox,WCR251,Elderflower & Cucumber - initial_delivery,1.0
FF5273973,SO5846430,#5965211,Shopify UK,2026-06-30 01:15:13.610412+00:00,Airbox (EU),2026-06-30,Airbox,WCRO24,Roll On Refill: Fresh Cotton & Sea Salt,1.0
FF5273985,SO5846442,#5965206,Shopify UK,2026-06-30 01:15:18.237965+00:00,UKAB (Airbox 18),2026-06-30,UKAB (Airbox 18),WCBWR24,Fresh Cotton and Sea Salt 300ml Body Wash Refill,1.0
FF5273994,SO5846446,#5965238,Shopify UK,2026-06-30 01:15:21.534436+00:00,UKAB (Airbox 18),2026-06-30,UKAB (Airbox 18),WCR1751,Summer Breeze Deodorant Refill,1.0
FF5273995,SO5846455,#5965215,Shopify UK,2026-06-30 01:15:23.458388+00:00,UKAB (Airbox 18),2026-06-30,UKAB (Airbox 18),WCROA549,AP Roll On: Cherry Blossom,1.0
FF5274000,SO5846451,#5965240,Shopify UK,2026-06-30 01:15:22.490729+00:00,UKAB (Airbox 18),2026-06-30,UKAB (Airbox 18),WCBWR24,Fresh Cotton and Sea Salt 300ml Body Wash Refill,1.0
FF5274035,SO5846492,#5965271,Shopify UK,2026-06-30 01:15:37.158314+00:00,UKAB (Airbox 18),2026-06-30,UKAB (Airbox 18),WCROA549,AP Roll On: Cherry Blossom,1.0
FF5274037,SO5846494,#5965286,Shopify UK,2026-06-30 01:15:38.862565+00:00,UKAB (Airbox 18),2026-06-30,UKAB (Airbox 18),WCBWR966,Honey and Almond 300ml Body Wash Refill,2.0
FF5274044,SO5846501,#5965288,Shopify UK,2026-06-30 01:15:40.555983+00:00,UKAB (Airbox 18),2026-06-30,UKAB (Airbox 18),WCROA549,AP Roll On: Cherry Blossom,1.0
FF5274050,SO5846507,#5965276,Shopify UK,2026-06-30 01:15:42.467997+00:00,UKAB (Airbox 18),2026-06-30,UKAB (Airbox 18),WCBWR24,Fresh Cotton and Sea Salt 300ml Body Wash Refill,1.0
FF5274050,SO5846507,#5965276,Shopify UK,2026-06-30 01:15:42.467997+00:00,UKAB (Airbox 18),2026-06-30,UKAB (Airbox 18),WCBWR966,Honey and Almond 300ml Body Wash Refill,1.0
FF5274055,SO5846512,#5965281,Shopify UK,2026-06-30 01:15:45.974842+00:00,UKAB (Airbox 18),2026-06-30,UKAB (Airbox 18),WCROA549,AP Roll On: Cherry Blossom,1.0
FF5274060,SO5846518,#5965308,Shopify UK,2026-06-30 01:15:47.356061+00:00,UKAB (Airbox 18),2026-06-30,UKAB (Airbox 18),WCBWR966,Honey and Almond 300ml Body Wash Refill,1.0
FF5274070,SO5846528,#5965299,Shopify UK,2026-06-30 01:15:49.985122+00:00,Stord (US),2026-06-30,Stord,WCR1893,Watermelon Deodorant Refill,1.0
FF5274073,SO5846530,#5965297,Shopify UK,2026-06-30 01:15:51.759994+00:00,Next (AU),2026-06-30,Next3PL,WCR02,Coconut Dreams - initial_delivery,3.0
FF5274076,SO5846535,#5965315,Shopify UK,2026-06-30 01:15:53.070094+00:00,UKAB (Airbox 18),2026-06-30,UKAB (Airbox 18),WCBWR24,Fresh Cotton and Sea Salt 300ml Body Wash Refill,1.0
FF5274083,SO5846540,#5965318,Shopify UK,2026-06-30 01:15:54.736178+00:00,UKAB (Airbox 18),2026-06-30,UKAB (Airbox 18),WCBWR24,Fresh Cotton and Sea Salt 300ml Body Wash Refill,1.0
FF5274088,SO5846545,#5965323,Shopify UK,2026-06-30 01:15:56.675750+00:00,UKAB (Airbox 18),2026-06-30,UKAB (Airbox 18),WCBWR24,Fresh Cotton and Sea Salt 300ml Body Wash Refill,3.0
FF5274092,SO5846551,#5965329,Shopify UK,2026-06-30 01:15:58.031567+00:00,UKAB (Airbox 18),2026-06-30,UKAB (Airbox 18),WCBWR966,Honey and Almond 300ml Body Wash Refill,1.0
FF5274099,SO5846556,#5965319,Shopify UK,2026-06-30 01:16:00.225441+00:00,UKAB (Airbox 18),2026-06-30,UKAB (Airbox 18),WCBWR24,Fresh Cotton and Sea Salt 300ml Body Wash Refill,1.0
FF5274099,SO5846556,#5965319,Shopify UK,2026-06-30 01:16:00.225441+00:00,UKAB (Airbox 18),2026-06-30,UKAB (Airbox 18),WCBWR966,Honey and Almond 300ml Body Wash Refill,1.0
FF5274099,SO5846556,#5965319,Shopify UK,2026-06-30 01:16:00.225441+00:00,UKAB (Airbox 18),2026-06-30,UKAB (Airbox 18),WCROA549,AP Roll On: Cherry Blossom,1.0
FF5274116,SO5846573,#5965322,Shopify UK,2026-06-30 01:16:05.572341+00:00,UKAB (Airbox 18),2026-06-30,UKAB (Airbox 18),WCRS3815,Deo Refill: Cotton Cloud Sensitive,1.0
FF5274141,SO5846596,#5965364,Shopify UK,2026-06-30 01:16:14.550758+00:00,UKAB (Airbox 18),2026-06-30,UKAB (Airbox 18),WCBWR24,Fresh Cotton and Sea Salt 300ml Body Wash Refill,3.0
FF5274149,SO5846603,#5965378,Shopify UK,2026-06-30 01:16:16.064850+00:00,UKAB (Airbox 18),2026-06-30,UKAB (Airbox 18),WCBWR24,Fresh Cotton and Sea Salt 300ml Body Wash Refill,1.0
FF5274151,SO5846608,#5965388,Shopify UK,2026-06-30 01:16:17.259983+00:00,UKAB (Airbox 18),2026-06-30,UKAB (Airbox 18),WCROA549,AP Roll On: Cherry Blossom,1.0
FF5274169,SO5846624,#5965377,Shopify UK,2026-06-30 01:16:23.560903+00:00,UKAB (Airbox 18),2026-06-30,UKAB (Airbox 18),WCROA549,AP Roll On: Cherry Blossom,2.0
FF5274174,SO5846633,#5965424,Shopify UK,2026-06-30 01:16:25.444037+00:00,UKAB (Airbox 18),2026-06-30,UKAB (Airbox 18),WCBWR24,Fresh Cotton and Sea Salt 300ml Body Wash Refill,1.0
FF5274174,SO5846633,#5965424,Shopify UK,2026-06-30 01:16:25.444037+00:00,UKAB (Airbox 18),2026-06-30,UKAB (Airbox 18),WCBWR966,Honey and Almond 300ml Body Wash Refill,1.0
FF5274175,SO5846634,#5965410,Shopify UK,2026-06-30 01:16:25.662997+00:00,UKAB (Airbox 18),2026-06-30,UKAB (Airbox 18),WCROA549,AP Roll On: Cherry Blossom,4.0
FF5274180,SO5846637,#5965409,Shopify UK,2026-06-30 01:16:26.177853+00:00,UKAB (Airbox 18),2026-06-30,UKAB (Airbox 18),WCBWR24,Fresh Cotton and Sea Salt 300ml Body Wash Refill,1.0
FF5274180,SO5846637,#5965409,Shopify UK,2026-06-30 01:16:26.177853+00:00,UKAB (Airbox 18),2026-06-30,UKAB (Airbox 18),WCBWR966,Honey and Almond 300ml Body Wash Refill,1.0
FF5274180,SO5846637,#5965409,Shopify UK,2026-06-30 01:16:26.177853+00:00,UKAB (Airbox 18),2026-06-30,UKAB (Airbox 18),WCROA549,AP Roll On: Cherry Blossom,1.0
FF5274184,SO5846639,#5965417,Shopify UK,2026-06-30 01:16:27.600626+00:00,UKAB (Airbox 18),2026-06-30,UKAB (Airbox 18),WCROA549,AP Roll On: Cherry Blossom,2.0
FF5274206,SO5846663,#5965441,Shopify UK,2026-06-30 01:16:35.539038+00:00,UKAB (Airbox 18),2026-06-30,UKAB (Airbox 18),WCBWR24,Fresh Cotton and Sea Salt 300ml Body Wash Refill,1.0
FF5274220,SO5846677,#5965443,Shopify UK,2026-06-30 01:16:41.354079+00:00,UKAB (Airbox 18),2026-06-30,UKAB (Airbox 18),WCBWR24,Fresh Cotton and Sea Salt 300ml Body Wash Refill,1.0
FF5274230,SO5846686,#5965452,Shopify UK,2026-06-30 01:16:43.961945+00:00,UKAB (Airbox 18),2026-06-30,UKAB (Airbox 18),WCROA549,AP Roll On: Cherry Blossom,1.0
FF5274244,SO5846701,#5965477,Shopify UK,2026-06-30 01:16:52.319032+00:00,UKAB (Airbox 18),2026-06-30,UKAB (Airbox 18),WCBWR966,Honey and Almond 300ml Body Wash Refill,1.0
FF5274249,SO5846706,#5965480,Shopify UK,2026-06-30 01:16:55.313156+00:00,Airbox (EU),2026-06-30,Airbox,WCRS3206,Deo Refill: Black Rose and Velvet Sens,1.0
FF5274254,SO5846711,#5965482,Shopify UK,2026-06-30 01:16:58.441306+00:00,UKAB (Airbox 18),2026-06-30,UKAB (Airbox 18),WCBWR24,Fresh Cotton and Sea Salt 300ml Body Wash Refill,2.0
FF5274256,SO5846714,#5965489,Shopify UK,2026-06-30 01:16:59.293757+00:00,UKAB (Airbox 18),2026-06-30,UKAB (Airbox 18),WCRS3815,Deo Refill: Cotton Cloud Sensitive,1.0
FF5274257,SO5846713,#5965484,Shopify UK,2026-06-30 01:16:58.996618+00:00,UKAB (Airbox 18),2026-06-30,UKAB (Airbox 18),WCRS3815,Deo Refill: Cotton Cloud Sensitive,2.0
FF5274264,SO5846720,#5965497,Shopify UK,2026-06-30 01:17:04.809667+00:00,UKAB (Airbox 18),2026-06-30,UKAB (Airbox 18),WCBWR24,Fresh Cotton and Sea Salt 300ml Body Wash Refill,1.0
FF5274268,SO5846724,#5965499,Shopify UK,2026-06-30 01:17:13.063183+00:00,UKAB (Airbox 18),2026-06-30,UKAB (Airbox 18),WCBWR24,Fresh Cotton and Sea Salt 300ml Body Wash Refill,1.0
FF5274268,SO5846724,#5965499,Shopify UK,2026-06-30 01:17:13.063183+00:00,UKAB (Airbox 18),2026-06-30,UKAB (Airbox 18),WCBWR966,Honey and Almond 300ml Body Wash Refill,1.0
FF5274272,SO5846729,#5965505,Shopify UK,2026-06-30 01:17:15.825753+00:00,UKAB (Airbox 18),2026-06-30,UKAB (Airbox 18),WCBWR24,Fresh Cotton and Sea Salt 300ml Body Wash Refill,1.0
FF5274272,SO5846729,#5965505,Shopify UK,2026-06-30 01:17:15.825753+00:00,UKAB (Airbox 18),2026-06-30,UKAB (Airbox 18),WCBWR966,Honey and Almond 300ml Body Wash Refill,1.0
FF5274273,SO5846730,#5965504,Shopify UK,2026-06-30 01:17:17.188849+00:00,UKAB (Airbox 18),2026-06-30,UKAB (Airbox 18),WCROA549,AP Roll On: Cherry Blossom,2.0
FF5274277,SO5846734,#5965508,Shopify UK,2026-06-30 01:17:20.643183+00:00,UKAB (Airbox 18),2026-06-30,UKAB (Airbox 18),WCBWR24,Fresh Cotton and Sea Salt 300ml Body Wash Refill,3.0
FF5274279,SO5846736,#5965506,Shopify UK,2026-06-30 01:17:21.473512+00:00,UKAB (Airbox 18),2026-06-30,UKAB (Airbox 18),WCBWR966,Honey and Almond 300ml Body Wash Refill,1.0
FF5274283,SO5846740,#5965510,Shopify UK,2026-06-30 01:17:23.957684+00:00,UKAB (Airbox 18),2026-06-30,UKAB (Airbox 18),WCROA549,AP Roll On: Cherry Blossom,1.0
FF5274315,SO5846772,#5964222,Shopify UK,2026-06-30 01:24:21.352714+00:00,Stord (US),2026-06-30,Stord,WCBWMIN1283,Juicy Mango Body Wash Mini,1.0
FF5274315,SO5846772,#5964222,Shopify UK,2026-06-30 01:24:21.352714+00:00,Stord (US),2026-06-30,Stord,WCRS3206,Deo Refill: Black Rose and Velvet Sens,1.0
FF5274315,SO5846772,#5964222,Shopify UK,2026-06-30 01:24:21.352714+00:00,Stord (US),2026-06-30,Stord,WCRS3209,Deo Refill: Wild Seduction Sensitive,1.0
FF5274365,SO5846822,#5965515,Shopify UK,2026-06-30 01:45:20.697688+00:00,UKAB (Airbox 18),2026-06-30,UKAB (Airbox 18),WCROL1905,Roll On Roller: Pink,1.0
FF5274398,SO5846855,#5965517,Shopify UK,2026-06-30 01:59:52.722948+00:00,Stord (US),2026-06-30,Stord,WCBWMIN24,Fresh Cotton and Sea Salt Body Wash Mini,1.0
FF5274398,SO5846855,#5965517,Shopify UK,2026-06-30 01:59:52.722948+00:00,Stord (US),2026-06-30,Stord,WCR3207,Deo Refill: Cotton Cloud,1.0
FF5274436,SO5846893,AUS360551,Shopify AUS,2026-06-30 02:15:45.292459+00:00,UKAB (Airbox 18),2026-06-30,UKAB (Airbox 18),WCBWR24,Fresh Cotton and Sea Salt 300ml Body Wash Refill,1.0
FF5274456,SO5846913,AUS360556,Shopify AUS,2026-06-30 02:20:46.079176+00:00,UKAB (Airbox 18),2026-06-30,UKAB (Airbox 18),WCBWR3205,Body Wash Refill: Black Rose and Velvet,1.0
FF5274493,SO5846950,AUS360558,Shopify AUS,2026-06-30 02:36:03.319668+00:00,UKAB (Airbox 18),2026-06-30,UKAB (Airbox 18),WCR1687,Mad Hatter's Tea Party Deodorant Refill,3.0
FF5274493,SO5846950,AUS360558,Shopify AUS,2026-06-30 02:36:03.319668+00:00,UKAB (Airbox 18),2026-06-30,UKAB (Airbox 18),WCRO1969,Roll On Refill: Drumsticks,2.0
FF5274506,SO5846963,#5965524,Shopify UK,2026-06-30 02:42:13.283053+00:00,Stord (US),2026-06-30,Stord,WCR3207,Deo Refill: Cotton Cloud,3.0
FF5274506,SO5846963,#5965524,Shopify UK,2026-06-30 02:42:13.283053+00:00,Stord (US),2026-06-30,Stord,WMIN02,Coconut Dreams Mini Deodorant,1.0
FF5274583,SO5847040,#5965529,Shopify UK,2026-06-30 03:12:47.550110+00:00,Stord (US),2026-06-30,Stord,WCBWMIN966,Honey & Almond Body Wash Mini,1.0
FF5274618,SO5847075,#5965521,Shopify UK,2026-06-30 03:30:08.484023+00:00,Stord (US),2026-06-30,Stord,WMIN01,Orange & Neroli Mini Deodorant,1.0
FF5274618,SO5847075,#5965521,Shopify UK,2026-06-30 03:30:08.484023+00:00,Stord (US),2026-06-30,Stord,WMIN02,Coconut Dreams Mini Deodorant,1.0
FF5274648,SO5847105,#5965530,Shopify UK,2026-06-30 03:41:31.639113+00:00,UKAB (Airbox 18),2026-06-30,UKAB (Airbox 18),WCROL1905,Roll On Roller: Pink,1.0
FF5274672,SO5847129,AUS360562,Shopify AUS,2026-06-30 03:55:09.501274+00:00,UKAB (Airbox 18),2026-06-30,UKAB (Airbox 18),WCBWR966,Honey and Almond 300ml Body Wash Refill,1.0
FF5274724,SO5847181,#5965534,Shopify UK,2026-06-30 04:19:38.151619+00:00,UKAB (Airbox 18),2026-06-30,UKAB (Airbox 18),WBU5394UK,Wild X Emma Bridgewater TikTok Exclusive Bundle,1.0
FF5274724,SO5847181,#5965534,Shopify UK,2026-06-30 04:19:38.151619+00:00,UKAB (Airbox 18),2026-06-30,UKAB (Airbox 18),WBU7161UK,Stitch AP Starter Kit TikTok,1.0
FF5274737,SO5847194,AUS360600,Shopify AUS,2026-06-30 04:23:49.357257+00:00,Next (AU),2026-06-30,Next3PL,WCR02,Coconut Dreams - initial_delivery,1.0
FF5274738,SO5847195,AUS360593,Shopify AUS,2026-06-30 04:23:54.853433+00:00,Next (AU),2026-06-30,Next3PL,WCR02,Coconut Dreams - initial_delivery,1.0
FF5274740,SO5847197,AUS360598,Shopify AUS,2026-06-30 04:24:04.903751+00:00,Next (AU),2026-06-30,Next3PL,WCROA24,AP Roll On: Cotton & Seasalt,2.0
FF5274745,SO5847202,AUS360606,Shopify AUS,2026-06-30 04:24:22.439824+00:00,Next (AU),2026-06-30,Next3PL,WCR02,Coconut Dreams - initial_delivery,3.0
FF5274748,SO5847205,AUS360613,Shopify AUS,2026-06-30 04:24:29.375977+00:00,UKAB (Airbox 18),2026-06-30,UKAB (Airbox 18),WCBWR3278,Body Wash Refill: Peachy Kiss,1.0
FF5274748,SO5847205,AUS360613,Shopify AUS,2026-06-30 04:24:29.375977+00:00,UKAB (Airbox 18),2026-06-30,UKAB (Airbox 18),WCBWR966,Honey and Almond 300ml Body Wash Refill,1.0
FF5274751,SO5847208,AUS360609,Shopify AUS,2026-06-30 04:24:38.440306+00:00,Next (AU),2026-06-30,Next3PL,WCR02,Coconut Dreams - initial_delivery,2.0
FF5274752,SO5847209,AUS360611,Shopify AUS,2026-06-30 04:24:38.574328+00:00,Next (AU),2026-06-30,Next3PL,WCR02,Coconut Dreams - initial_delivery,1.0
FF5274754,SO5847211,AUS360608,Shopify AUS,2026-06-30 04:24:45.979928+00:00,Next (AU),2026-06-30,Next3PL,WCR02,Coconut Dreams - initial_delivery,1.0
FF5274756,SO5847213,AUS360607,Shopify AUS,2026-06-30 04:24:51.584992+00:00,Next (AU),2026-06-30,Next3PL,WCR02,Coconut Dreams - initial_delivery,1.0
FF5274757,SO5847214,AUS360612,Shopify AUS,2026-06-30 04:24:51.757434+00:00,Next (AU),2026-06-30,Next3PL,WCR02,Coconut Dreams - initial_delivery,1.0
FF5274764,SO5847226,AUS360620,Shopify AUS,2026-06-30 04:25:18.081512+00:00,Next (AU),2026-06-30,Next3PL,WCR02,Coconut Dreams - initial_delivery,1.0
FF5274766,SO5847225,AUS360625,Shopify AUS,2026-06-30 04:25:17.997638+00:00,UKAB (Airbox 18),2026-06-30,UKAB (Airbox 18),WCBWR24,Fresh Cotton and Sea Salt 300ml Body Wash Refill,1.0
FF5274766,SO5847225,AUS360625,Shopify AUS,2026-06-30 04:25:17.997638+00:00,UKAB (Airbox 18),2026-06-30,UKAB (Airbox 18),WCHWR1967,Refresher Handwash Refill,1.0
FF5274768,SO5847222,AUS360619,Shopify AUS,2026-06-30 04:25:17.215331+00:00,UKAB (Airbox 18),2026-06-30,UKAB (Airbox 18),WCHWR1967,Refresher Handwash Refill,1.0
FF5274770,SO5847224,AUS360626,Shopify AUS,2026-06-30 04:25:17.337282+00:00,Next (AU),2026-06-30,Next3PL,WCR02,Coconut Dreams - initial_delivery,1.0
FF5274775,SO5847232,AUS360630,Shopify AUS,2026-06-30 04:25:19.563371+00:00,Next (AU),2026-06-30,Next3PL,WCR02,Coconut Dreams - initial_delivery,1.0
FF5274777,SO5847234,AUS360640,Shopify AUS,2026-06-30 04:25:27.075257+00:00,Next (AU),2026-06-30,Next3PL,WCR02,Coconut Dreams - initial_delivery,1.0
FF5274778,SO5847236,AUS360637,Shopify AUS,2026-06-30 04:25:28.177696+00:00,Next (AU),2026-06-30,Next3PL,WCR02,Coconut Dreams - initial_delivery,1.0
FF5274787,SO5847242,AUS360643,Shopify AUS,2026-06-30 04:25:31.173968+00:00,UKAB (Airbox 18),2026-06-30,UKAB (Airbox 18),WCBWR24,Fresh Cotton and Sea Salt 300ml Body Wash Refill,1.0
FF5274797,SO5847254,AUS360656,Shopify AUS,2026-06-30 04:25:43.954752+00:00,Next (AU),2026-06-30,Next3PL,WCR02,Coconut Dreams - initial_delivery,1.0
FF5274805,SO5847262,AUS360673,Shopify AUS,2026-06-30 04:25:48.772900+00:00,Next (AU),2026-06-30,Next3PL,WCR02,Coconut Dreams - initial_delivery,1.0
FF5274812,SO5847268,AUS360677,Shopify AUS,2026-06-30 04:25:53.562416+00:00,Next (AU),2026-06-30,Next3PL,WCROA24,AP Roll On: Cotton & Seasalt,1.0
FF5274814,SO5847271,AUS360669,Shopify AUS,2026-06-30 04:25:56.569840+00:00,Next (AU),2026-06-30,Next3PL,WCR02,Coconut Dreams - initial_delivery,1.0
FF5274818,SO5847273,AUS360676,Shopify AUS,2026-06-30 04:25:59.051588+00:00,Next (AU),2026-06-30,Next3PL,WCR02,Coconut Dreams - initial_delivery,3.0
FF5274821,SO5847278,AUS360666,Shopify AUS,2026-06-30 04:26:02.583872+00:00,Next (AU),2026-06-30,Next3PL,WCR1688,Alice's Secret Garden Deodorant Refill,1.0
FF5274823,SO5847280,AUS360682,Shopify AUS,2026-06-30 04:26:04.699829+00:00,Next (AU),2026-06-30,Next3PL,WCR02,Coconut Dreams - initial_delivery,2.0
FF5274826,SO5847283,AUS360703,Shopify AUS,2026-06-30 04:26:07.331703+00:00,Next (AU),2026-06-30,Next3PL,WCR02,Coconut Dreams - initial_delivery,1.0
FF5274832,SO5847289,AUS360702,Shopify AUS,2026-06-30 04:26:11.250477+00:00,Next (AU),2026-06-30,Next3PL,WCR02,Coconut Dreams - initial_delivery,1.0
FF5274838,SO5847295,AUS360699,Shopify AUS,2026-06-30 04:26:12.647755+00:00,Next (AU),2026-06-30,Next3PL,WCROA3777,AP Roll On Island Paradise,1.0
FF5274839,SO5847296,AUS360690,Shopify AUS,2026-06-30 04:26:14.761370+00:00,Next (AU),2026-06-30,Next3PL,WCR02,Coconut Dreams - initial_delivery,1.0
FF5274850,SO5847307,AUS360706,Shopify AUS,2026-06-30 04:26:20.427913+00:00,Next (AU),2026-06-30,Next3PL,WCR02,Coconut Dreams - initial_delivery,1.0
FF5274853,SO5847310,#5965537,Shopify UK,2026-06-30 04:26:31.610898+00:00,Stord (US),2026-06-30,Stord,WCR3207,Deo Refill: Cotton Cloud,1.0
FF5274873,SO5847330,US907318,Shopify USA,2026-06-30 04:31:20.698585+00:00,Stord (US),2026-06-30,Stord,WCLR1245,Lip Balm Refill: Vanilla Frost,2.0
FF5274897,SO5847358,2907818,Shopify EU,2026-06-30 04:31:28.358046+00:00,Airbox (EU),2026-06-30,Airbox,WCROA507,Roll On AP: Thunderstorm,1.0
FF5274925,SO5847383,2907833,Shopify EU,2026-06-30 04:31:38.185774+00:00,Airbox (EU),2026-06-30,Airbox,WCR1923,Coconut Cream Deo Refill,1.0
FF5274931,SO5847387,2907848,Shopify EU,2026-06-30 04:31:41.332495+00:00,Airbox (EU),2026-06-30,Airbox,WCROA507,Roll On AP: Thunderstorm,1.0
FF5274965,SO5847423,2907867,Shopify EU,2026-06-30 04:31:52.521971+00:00,Airbox (EU),2026-06-30,Airbox,WCR1919,Vanilla Butterscotch Deo Refill,1.0
FF5275047,SO5847507,US907417,Shopify USA,2026-06-30 04:32:23.698079+00:00,Stord (US),2026-06-30,Stord,WCR3207,Deo Refill: Cotton Cloud,1.0
FF5275153,SO5847609,US907443,Shopify USA,2026-06-30 04:33:02.867629+00:00,Stord (US),2026-06-30,Stord,WCR3207,Deo Refill: Cotton Cloud,1.0
FF5275178,SO5847638,2907943,Shopify EU,2026-06-30 04:33:14.579932+00:00,Airbox (EU),2026-06-30,Airbox,WCROA507,Roll On AP: Thunderstorm,1.0
FF5275200,SO5847658,2907976,Shopify EU,2026-06-30 04:33:23.598583+00:00,Airbox (EU),2026-06-30,Airbox,WCR1919,Vanilla Butterscotch Deo Refill,1.0
FF5275203,SO5847657,2907966,Shopify EU,2026-06-30 04:33:23.090242+00:00,UKAB (Airbox 18),2026-06-30,UKAB (Airbox 18),WCROA3994EU,AP Roll On Refill: L'Orangerie,1.0
FF5275209,SO5847666,2907962,Shopify EU,2026-06-30 04:33:26.251620+00:00,Airbox (EU),2026-06-30,Airbox,WCROA507,Roll On AP: Thunderstorm,1.0
FF5275228,SO5847686,US907493,Shopify USA,2026-06-30 04:33:34.024723+00:00,Stord (US),2026-06-30,Stord,WCR2554,Deo Refill: Winter Breeze,1.0
FF5275236,SO5847694,2907993,Shopify EU,2026-06-30 04:33:37.558429+00:00,Airbox (EU),2026-06-30,Airbox,WCR1919,Vanilla Butterscotch Deo Refill,1.0
FF5275241,SO5847700,2907989,Shopify EU,2026-06-30 04:33:39.712990+00:00,UKAB (Airbox 18),2026-06-30,UKAB (Airbox 18),WCR3205,Deo Refill: Black Rose and Velvet,1.0
FF5275294,SO5847751,2908006,Shopify EU,2026-06-30 04:33:59.737348+00:00,Airbox (EU),2026-06-30,Airbox,WCR1919,Vanilla Butterscotch Deo Refill,1.0
FF5275303,SO5847759,2908019,Shopify EU,2026-06-30 04:34:02.500123+00:00,Airbox (EU),2026-06-30,Airbox,WCR1919,Vanilla Butterscotch Deo Refill,1.0
FF5275305,SO5847762,US907532,Shopify USA,2026-06-30 04:34:04.344981+00:00,Stord (US),2026-06-30,Stord,WCR24,Fresh Cotton & Sea Salt Deodorant Refill,3.0
FF5275315,SO5847773,2908024,Shopify EU,2026-06-30 04:34:09.053125+00:00,Airbox (EU),2026-06-30,Airbox,WCROA3776,AP Roll On Enchanted Bloom,1.0
FF5275321,SO5847782,US907528,Shopify USA,2026-06-30 04:34:11.291940+00:00,Stord (US),2026-06-30,Stord,WCLR1245,Lip Balm Refill: Vanilla Frost,1.0
FF5275332,SO5847784,US907536,Shopify USA,2026-06-30 04:34:13.532927+00:00,Stord (US),2026-06-30,Stord,WCR2554,Deo Refill: Winter Breeze,1.0
FF5275369,SO5847824,US907551,Shopify USA,2026-06-30 04:34:30.645636+00:00,Stord (US),2026-06-30,Stord,WCR3207,Deo Refill: Cotton Cloud,1.0
FF5275374,SO5847833,2908058,Shopify EU,2026-06-30 04:34:34.482370+00:00,Airbox (EU),2026-06-30,Airbox,WCROA3776,AP Roll On Enchanted Bloom,1.0
FF5275397,SO5847853,US907579,Shopify USA,2026-06-30 04:34:42.805035+00:00,Stord (US),2026-06-30,Stord,WCR24,Fresh Cotton & Sea Salt Deodorant Refill,1.0
FF5275418,SO5847872,US907591,Shopify USA,2026-06-30 04:34:51.069344+00:00,Stord (US),2026-06-30,Stord,WCLR1245,Lip Balm Refill: Vanilla Frost,1.0
FF5275433,SO5847891,2908068,Shopify EU,2026-06-30 04:34:58.063587+00:00,Airbox (EU),2026-06-30,Airbox,WCROA507,Roll On AP: Thunderstorm,1.0
FF5275565,SO5848023,US907651,Shopify USA,2026-06-30 04:35:53.436628+00:00,Stord (US),2026-06-30,Stord,WCLR1245,Lip Balm Refill: Vanilla Frost,1.0
FF5275582,SO5848036,2908158,Shopify EU,2026-06-30 04:35:58.611115+00:00,Airbox (EU),2026-06-30,Airbox,WCROA507,Roll On AP: Thunderstorm,1.0
FF5275583,SO5848040,US907672,Shopify USA,2026-06-30 04:36:00.050835+00:00,Stord (US),2026-06-30,Stord,WCLR1245,Lip Balm Refill: Vanilla Frost,1.0
FF5275598,SO5848055,2908163,Shopify EU,2026-06-30 04:36:05.819219+00:00,Airbox (EU),2026-06-30,Airbox,WCROA3776,AP Roll On Enchanted Bloom,1.0
FF5275601,SO5848060,US907673,Shopify USA,2026-06-30 04:36:07.445472+00:00,Stord (US),2026-06-30,Stord,WCR24,Fresh Cotton & Sea Salt Deodorant Refill,1.0
FF5275615,SO5848071,US907686,Shopify USA,2026-06-30 04:36:11.928211+00:00,Stord (US),2026-06-30,Stord,WCLR1245,Lip Balm Refill: Vanilla Frost,1.0
FF5275659,SO5848116,US907710,Shopify USA,2026-06-30 04:36:29.816985+00:00,Stord (US),2026-06-30,Stord,WCR24,Fresh Cotton & Sea Salt Deodorant Refill,1.0
FF5275678,SO5848136,US907715,Shopify USA,2026-06-30 04:36:36.765665+00:00,Stord (US),2026-06-30,Stord,WCR3207,Deo Refill: Cotton Cloud,3.0
FF5275727,SO5848184,US907753,Shopify USA,2026-06-30 04:36:54.503442+00:00,Stord (US),2026-06-30,Stord,WCLR1245,Lip Balm Refill: Vanilla Frost,1.0
FF5275790,SO5848249,US907779,Shopify USA,2026-06-30 04:37:23.131193+00:00,Stord (US),2026-06-30,Stord,WCR3207,Deo Refill: Cotton Cloud,1.0
FF5275807,SO5848264,2908257,Shopify EU,2026-06-30 04:37:30.444451+00:00,Airbox (EU),2026-06-30,Airbox,WCROA507,Roll On AP: Thunderstorm,1.0
FF5275827,SO5848284,2908273,Shopify EU,2026-06-30 04:37:37.315433+00:00,UKAB (Airbox 18),2026-06-30,UKAB (Airbox 18),WCLR966,Honey Lip Balm Refill,1.0
FF5275837,SO5848294,2908290,Shopify EU,2026-06-30 04:37:41.549071+00:00,Airbox (EU),2026-06-30,Airbox,WCROA507,Roll On AP: Thunderstorm,1.0
FF5275862,SO5848319,US907801,Shopify USA,2026-06-30 04:37:50.888870+00:00,Stord (US),2026-06-30,Stord,WCR3207,Deo Refill: Cotton Cloud,1.0
FF5275874,SO5848333,2908301,Shopify EU,2026-06-30 04:37:55.487088+00:00,Airbox (EU),2026-06-30,Airbox,WCROA507,Roll On AP: Thunderstorm,1.0
FF5275888,SO5848342,US907826,Shopify USA,2026-06-30 04:38:02.455812+00:00,Stord (US),2026-06-30,Stord,WCR24,Fresh Cotton & Sea Salt Deodorant Refill,2.0
FF5275893,SO5848351,US907811,Shopify USA,2026-06-30 04:38:05.511268+00:00,Stord (US),2026-06-30,Stord,WCR24,Fresh Cotton & Sea Salt Deodorant Refill,1.0
FF5275896,SO5848354,US907823,Shopify USA,2026-06-30 04:38:06.999188+00:00,Stord (US),2026-06-30,Stord,WCR24,Fresh Cotton & Sea Salt Deodorant Refill,2.0
FF5275904,SO5848359,US907837,Shopify USA,2026-06-30 04:38:09.877170+00:00,Stord (US),2026-06-30,Stord,WCLR1245,Lip Balm Refill: Vanilla Frost,1.0
FF5275908,SO5848361,2908313,Shopify EU,2026-06-30 04:38:10.135623+00:00,Airbox (EU),2026-06-30,Airbox,WCROA507,Roll On AP: Thunderstorm,1.0
FF5275925,SO5848386,2908320,Shopify EU,2026-06-30 04:38:19.556214+00:00,Airbox (EU),2026-06-30,Airbox,WCR1919,Vanilla Butterscotch Deo Refill,1.0
FF5275927,SO5848382,US907859,Shopify USA,2026-06-30 04:38:18.201036+00:00,Stord (US),2026-06-30,Stord,WCR24,Fresh Cotton & Sea Salt Deodorant Refill,1.0
FF5275952,SO5848408,2908339,Shopify EU,2026-06-30 04:38:29.463333+00:00,Airbox (EU),2026-06-30,Airbox,WCROA507,Roll On AP: Thunderstorm,1.0
FF5275960,SO5848416,US907863,Shopify USA,2026-06-30 04:38:34.331474+00:00,Stord (US),2026-06-30,Stord,WCRS1691,Mad Hatter's Tea Party sens. Deodorant Refill,1.0
FF5275964,SO5848423,2908345,Shopify EU,2026-06-30 04:38:37.012088+00:00,Airbox (EU),2026-06-30,Airbox,WCROA3776,AP Roll On Enchanted Bloom,1.0
FF5275976,SO5848435,US907868,Shopify USA,2026-06-30 04:38:41.456053+00:00,Stord (US),2026-06-30,Stord,WCR24,Fresh Cotton & Sea Salt Deodorant Refill,3.0
FF5275988,SO5848446,US907864,Shopify USA,2026-06-30 04:38:47.264328+00:00,Stord (US),2026-06-30,Stord,WCLR1245,Lip Balm Refill: Vanilla Frost,1.0
FF5275991,SO5848448,US907882,Shopify USA,2026-06-30 04:38:49.809313+00:00,Stord (US),2026-06-30,Stord,WCR24,Fresh Cotton & Sea Salt Deodorant Refill,3.0
FF5276007,SO5848462,US907886,Shopify USA,2026-06-30 04:38:57.685184+00:00,Stord (US),2026-06-30,Stord,WCR24,Fresh Cotton & Sea Salt Deodorant Refill,2.0
FF5276013,SO5848473,US907879,Shopify USA,2026-06-30 04:39:01.694473+00:00,Stord (US),2026-06-30,Stord,WCR24,Fresh Cotton & Sea Salt Deodorant Refill,1.0
FF5276015,SO5848467,US907874,Shopify USA,2026-06-30 04:38:59.226916+00:00,Stord (US),2026-06-30,Stord,WCR24,Fresh Cotton & Sea Salt Deodorant Refill,1.0
FF5276017,SO5848472,US907885,Shopify USA,2026-06-30 04:39:00.971427+00:00,Stord (US),2026-06-30,Stord,WCR24,Fresh Cotton & Sea Salt Deodorant Refill,2.0
FF5276023,SO5848480,US907887,Shopify USA,2026-06-30 04:39:05.687677+00:00,Stord (US),2026-06-30,Stord,WCR24,Fresh Cotton & Sea Salt Deodorant Refill,1.0
FF5276025,SO5848483,2908370,Shopify EU,2026-06-30 04:39:07.294485+00:00,Airbox (EU),2026-06-30,Airbox,WCROA507,Roll On AP: Thunderstorm,1.0
FF5276041,SO5848498,US907897,Shopify USA,2026-06-30 04:39:15.719181+00:00,Stord (US),2026-06-30,Stord,WCR24,Fresh Cotton & Sea Salt Deodorant Refill,1.0
FF5276051,SO5848508,2908387,Shopify EU,2026-06-30 04:39:20.301517+00:00,Airbox (EU),2026-06-30,Airbox,WCROA3776,AP Roll On Enchanted Bloom,1.0
FF5276060,SO5848517,US907902,Shopify USA,2026-06-30 04:39:24.507660+00:00,Stord (US),2026-06-30,Stord,WCR24,Fresh Cotton & Sea Salt Deodorant Refill,1.0
FF5276064,SO5848521,2908402,Shopify EU,2026-06-30 04:39:25.811253+00:00,Airbox (EU),2026-06-30,Airbox,WCROA3776,AP Roll On Enchanted Bloom,1.0
FF5276065,SO5848522,US907908,Shopify USA,2026-06-30 04:39:26.278405+00:00,Stord (US),2026-06-30,Stord,WCR24,Fresh Cotton & Sea Salt Deodorant Refill,3.0
FF5276067,SO5848524,US907909,Shopify USA,2026-06-30 04:39:27.473228+00:00,Stord (US),2026-06-30,Stord,WCR24,Fresh Cotton & Sea Salt Deodorant Refill,1.0
FF5276070,SO5848526,US907906,Shopify USA,2026-06-30 04:39:29.324390+00:00,Stord (US),2026-06-30,Stord,WCR24,Fresh Cotton & Sea Salt Deodorant Refill,1.0
FF5276092,SO5848549,US907913,Shopify USA,2026-06-30 04:39:43.285813+00:00,Stord (US),2026-06-30,Stord,WCR24,Fresh Cotton & Sea Salt Deodorant Refill,1.0
FF5276096,SO5848553,US907914,Shopify USA,2026-06-30 04:39:44.394708+00:00,Stord (US),2026-06-30,Stord,WCR24,Fresh Cotton & Sea Salt Deodorant Refill,1.0
FF5276097,SO5848554,US907917,Shopify USA,2026-06-30 04:39:44.424149+00:00,Stord (US),2026-06-30,Stord,WCR24,Fresh Cotton & Sea Salt Deodorant Refill,1.0
FF5276101,SO5848558,US907919,Shopify USA,2026-06-30 04:39:47.637473+00:00,Stord (US),2026-06-30,Stord,WCR24,Fresh Cotton & Sea Salt Deodorant Refill,1.0
FF5276112,SO5848570,US907925,Shopify USA,2026-06-30 04:39:53.263686+00:00,Stord (US),2026-06-30,Stord,WCR24,Fresh Cotton & Sea Salt Deodorant Refill,1.0
FF5276116,SO5848574,US907928,Shopify USA,2026-06-30 04:39:54.738849+00:00,Stord (US),2026-06-30,Stord,WCR24,Fresh Cotton & Sea Salt Deodorant Refill,1.0
FF5276121,SO5848576,US907929,Shopify USA,2026-06-30 04:39:55.733049+00:00,Stord (US),2026-06-30,Stord,WCR24,Fresh Cotton & Sea Salt Deodorant Refill,1.0
FF5276124,SO5848581,US907930,Shopify USA,2026-06-30 04:39:59.945882+00:00,Stord (US),2026-06-30,Stord,WCR24,Fresh Cotton & Sea Salt Deodorant Refill,1.0
FF5276147,SO5848604,AUS360709,Shopify AUS,2026-06-30 04:40:51.960498+00:00,UKAB (Airbox 18),2026-06-30,UKAB (Airbox 18),WCBWR966,Honey and Almond 300ml Body Wash Refill,1.0
FF5276147,SO5848604,AUS360709,Shopify AUS,2026-06-30 04:40:51.960498+00:00,UKAB (Airbox 18),2026-06-30,UKAB (Airbox 18),WCLR966,Honey Lip Balm Refill,1.0
FF5276147,SO5848604,AUS360709,Shopify AUS,2026-06-30 04:40:51.960498+00:00,UKAB (Airbox 18),2026-06-30,UKAB (Airbox 18),WCRS1896,Watermelon sens. Deodorant Refill,1.0
FF5276158,SO5848615,US907939,Shopify USA,2026-06-30 04:41:45.983216+00:00,Stord (US),2026-06-30,Stord,WCR24,Fresh Cotton & Sea Salt Deodorant Refill,1.0
FF5276164,SO5848621,#5965541,Shopify UK,2026-06-30 04:42:47.061420+00:00,UKAB (Airbox 18),2026-06-30,UKAB (Airbox 18),WCBWR24,Fresh Cotton and Sea Salt 300ml Body Wash Refill,1.0
FF5276226,SO5848683,US907952,Shopify USA,2026-06-30 05:12:49.204332+00:00,Next (AU),2026-06-30,Next3PL,WCR251,Elderflower & Cucumber - initial_delivery,1.0
FF5276270,SO5848727,2908471,Shopify EU,2026-06-30 05:31:25.961872+00:00,UKAB (Airbox 18),2026-06-30,UKAB (Airbox 18),WCR3994EU,Deo Refill: L'Orangerie Secrete / EU ER Garden of England,3.0
FF5276356,SO5848813,#5965579,Shopify UK,2026-06-30 06:01:54.190112+00:00,UKAB (Airbox 18),2026-06-30,UKAB (Airbox 18),WCBWR966,Honey and Almond 300ml Body Wash Refill,1.0
FF5276436,SO5848893,2908548,Shopify EU,2026-06-30 06:33:31.980421+00:00,UKAB (Airbox 18),2026-06-30,UKAB (Airbox 18),WCROC2738,Roll On Case: Love Heart,1.0
FF5276573,SO5849030,#5965649,Shopify UK,2026-06-30 07:12:45.863668+00:00,UKAB (Airbox 18),2026-06-30,UKAB (Airbox 18),WCROA3207,Roll On AP: Cotton Cloud,3.0
FF5276612,SO5849069,#5965663,Shopify UK,2026-06-30 07:23:46.062598+00:00,Airbox (EU),2026-06-30,Airbox,WCR251,Elderflower & Cucumber - initial_delivery,1.0
FF5276635,SO5849092,US907989,Shopify USA,2026-06-30 07:30:26.737211+00:00,Stord (US),2026-06-30,Stord,WCROL6,Roll On Roller: Aqua,1.0
FF5276658,SO5849115,2908584,Shopify EU,2026-06-30 07:38:13.791132+00:00,UKAB (Airbox 18),2026-06-30,UKAB (Airbox 18),WCC59,Pink Deodorant Case,1.0
FF5276719,SO5849176,2908642,Shopify EU,2026-06-30 07:56:54.241467+00:00,UKAB (Airbox 18),2026-06-30,UKAB (Airbox 18),WCR3994EU,Deo Refill: L'Orangerie Secrete / EU ER Garden of England,1.0
FF5276756,SO5849211,2908655,Shopify EU,2026-06-30 08:08:46.262335+00:00,UKAB (Airbox 18),2026-06-30,UKAB (Airbox 18),WCR3994EU,Deo Refill: L'Orangerie Secrete / EU ER Garden of England,2.0
FF5276783,SO5849237,AUS360743,Shopify AUS,2026-06-30 08:10:20.649413+00:00,Next (AU),2026-06-30,Next3PL,WCROA3777,AP Roll On Island Paradise,1.0
FF5276794,SO5849247,2908671,Shopify EU,2026-06-30 08:12:16.506881+00:00,Airbox (EU),2026-06-30,Airbox,WCLC2556,Lip Balm Case: Chrome,1.0
FF5276802,SO5849255,#5965685,Shopify UK,2026-06-30 08:13:22.971085+00:00,Airbox (EU),2026-06-30,Airbox,WCROC3130,Roll On Case: Leopard,1.0