SKU,Item Name,Order URL,Order Number,Order Line Status,Preferred Origin Facility,Brand,Custom Reference,Orderline Number,Priority,Date,Channel,Quantity
"<a href=""https://shipper.stord.com/distribution_networks/a5d95507-781a-48fa-8b25-300938c92524/items/34337bda-ec22-47e9-81ce-fa266970be01"" target=""_blank"" style=""color:  #1463FF"">WCR1105</a>",Enchanted Forest Deo Refill,"<a href=""https://shipper.stord.com/distribution_networks/a5d95507-781a-48fa-8b25-300938c92524/orders/9e54ec0a-c839-4905-bcb5-45201d2a931e"" target=""_blank"" style=""color:  #1463FF"">FF5157328</a>",FF5157328,backordered,,Wild,,6,Medium,2026-06-30,D2C,1
"<a href=""https://shipper.stord.com/distribution_networks/a5d95507-781a-48fa-8b25-300938c92524/items/b1038e06-ce34-498a-9ab8-4d5ee8cdd6a3"" target=""_blank"" style=""color:  #1463FF"">WCC3773</a>",Deo Case: Disney Princess,"<a href=""https://shipper.stord.com/distribution_networks/a5d95507-781a-48fa-8b25-300938c92524/orders/359b80d4-784e-4a68-9109-b93f1d56c7be"" target=""_blank"" style=""color:  #1463FF"">FF5157356</a>",FF5157356,backordered,,Wild Cosmetics,,4,Medium,2026-06-30,D2C,1
"<a href=""https://shipper.stord.com/distribution_networks/a5d95507-781a-48fa-8b25-300938c92524/items/34337bda-ec22-47e9-81ce-fa266970be01"" target=""_blank"" style=""color:  #1463FF"">WCR1105</a>",Enchanted Forest Deo Refill,"<a href=""https://shipper.stord.com/distribution_networks/a5d95507-781a-48fa-8b25-300938c92524/orders/359b80d4-784e-4a68-9109-b93f1d56c7be"" target=""_blank"" style=""color:  #1463FF"">FF5157356</a>",FF5157356,backordered,,Wild,,5,Medium,2026-06-30,D2C,1
"<a href=""https://shipper.stord.com/distribution_networks/a5d95507-781a-48fa-8b25-300938c92524/items/34337bda-ec22-47e9-81ce-fa266970be01"" target=""_blank"" style=""color:  #1463FF"">WCR1105</a>",Enchanted Forest Deo Refill,"<a href=""https://shipper.stord.com/distribution_networks/a5d95507-781a-48fa-8b25-300938c92524/orders/c287182f-d093-4efa-a9a3-9c30e2c5da16"" target=""_blank"" style=""color:  #1463FF"">FF5157375</a>",FF5157375,backordered,,Wild,,4,Medium,2026-06-30,D2C,1
"<a href=""https://shipper.stord.com/distribution_networks/a5d95507-781a-48fa-8b25-300938c92524/items/54b1a6d7-07fc-4c09-938b-3dad6e22b9f5"" target=""_blank"" style=""color:  #1463FF"">WCRS1894</a>",Cola sens. Deodorant Refill,"<a href=""https://shipper.stord.com/distribution_networks/a5d95507-781a-48fa-8b25-300938c92524/orders/14809157-9db6-4ce8-9229-a259779124d4"" target=""_blank"" style=""color:  #1463FF"">FF5201535</a>",FF5201535,backordered,,Wild,,2,Medium,2026-06-30,D2C,1
"<a href=""https://shipper.stord.com/distribution_networks/a5d95507-781a-48fa-8b25-300938c92524/items/54b1a6d7-07fc-4c09-938b-3dad6e22b9f5"" target=""_blank"" style=""color:  #1463FF"">WCRS1894</a>",Cola sens. Deodorant Refill,"<a href=""https://shipper.stord.com/distribution_networks/a5d95507-781a-48fa-8b25-300938c92524/orders/44add115-0e9d-4f46-b05a-047cd9124808"" target=""_blank"" style=""color:  #1463FF"">FF5208842</a>",FF5208842,backordered,,Wild,,1,Medium,2026-06-30,D2C,3
"<a href=""https://shipper.stord.com/distribution_networks/a5d95507-781a-48fa-8b25-300938c92524/items/8c838cdf-55d8-4031-92eb-7af7484d8143"" target=""_blank"" style=""color:  #1463FF"">WCRS1752</a>",Summer Breeze Sensitive Deodorant Refill,"<a href=""https://shipper.stord.com/distribution_networks/a5d95507-781a-48fa-8b25-300938c92524/orders/96aeb4db-2035-4956-a286-75781ced9e6e"" target=""_blank"" style=""color:  #1463FF"">FF5266897</a>",FF5266897,backordered,ATLs001,Wild,US906095,1,Medium,2026-06-30,D2C,1
"<a href=""https://shipper.stord.com/distribution_networks/a5d95507-781a-48fa-8b25-300938c92524/items/b1038e06-ce34-498a-9ab8-4d5ee8cdd6a3"" target=""_blank"" style=""color:  #1463FF"">WCC3773</a>",Deo Case: Disney Princess,"<a href=""https://shipper.stord.com/distribution_networks/a5d95507-781a-48fa-8b25-300938c92524/orders/269192b4-3e04-4ef8-a86d-caf286d1f15d"" target=""_blank"" style=""color:  #1463FF"">FF5272801</a>",FF5272801,backordered,ATLs001,Wild Cosmetics,US907099,9,Medium,2026-06-30,D2C,1
"<a href=""https://shipper.stord.com/distribution_networks/a5d95507-781a-48fa-8b25-300938c92524/items/b1038e06-ce34-498a-9ab8-4d5ee8cdd6a3"" target=""_blank"" style=""color:  #1463FF"">WCC3773</a>",Deo Case: Disney Princess,"<a href=""https://shipper.stord.com/distribution_networks/a5d95507-781a-48fa-8b25-300938c92524/orders/72c685e6-f68d-4e05-bc40-9313081d5f9c"" target=""_blank"" style=""color:  #1463FF"">FF5272875</a>",FF5272875,backordered,ATLs001,Wild Cosmetics,US907141,4,Medium,2026-06-30,D2C,1
"<a href=""https://shipper.stord.com/distribution_networks/a5d95507-781a-48fa-8b25-300938c92524/items/aa62ff26-9897-4af1-b2f3-e8234168ec75"" target=""_blank"" style=""color:  #1463FF"">WCR02</a>",Coconut & Vanilla Deodorant Refill,"<a href=""https://shipper.stord.com/distribution_networks/a5d95507-781a-48fa-8b25-300938c92524/orders/e18547cf-bf7d-4633-9364-339f914ca2bb"" target=""_blank"" style=""color:  #1463FF"">FF5273292</a>",FF5273292,backordered,ATLs001,Wild,#5964537,1,Medium,2026-06-30,D2C,1
"<a href=""https://shipper.stord.com/distribution_networks/a5d95507-781a-48fa-8b25-300938c92524/items/aa62ff26-9897-4af1-b2f3-e8234168ec75"" target=""_blank"" style=""color:  #1463FF"">WCR02</a>",Coconut & Vanilla Deodorant Refill,"<a href=""https://shipper.stord.com/distribution_networks/a5d95507-781a-48fa-8b25-300938c92524/orders/f561d2cb-a857-4d46-99fc-eefdda03f34d"" target=""_blank"" style=""color:  #1463FF"">FF5273960</a>",FF5273960,backordered,ATLs001,Wild,#5965183,2,Medium,2026-06-30,D2C,1
"<a href=""https://shipper.stord.com/distribution_networks/a5d95507-781a-48fa-8b25-300938c92524/items/aa62ff26-9897-4af1-b2f3-e8234168ec75"" target=""_blank"" style=""color:  #1463FF"">WCR02</a>",Coconut & Vanilla Deodorant Refill,"<a href=""https://shipper.stord.com/distribution_networks/a5d95507-781a-48fa-8b25-300938c92524/orders/802b2513-74d4-4d71-b6c8-87ac917892a5"" target=""_blank"" style=""color:  #1463FF"">FF5274014</a>",FF5274014,backordered,ATLs001,Wild,#5965243,4,Medium,2026-06-30,D2C,1
"<a href=""https://shipper.stord.com/distribution_networks/a5d95507-781a-48fa-8b25-300938c92524/items/b1038e06-ce34-498a-9ab8-4d5ee8cdd6a3"" target=""_blank"" style=""color:  #1463FF"">WCC3773</a>",Deo Case: Disney Princess,"<a href=""https://shipper.stord.com/distribution_networks/a5d95507-781a-48fa-8b25-300938c92524/orders/9b7e8791-a31b-4c7c-93f0-a2b37c07c24a"" target=""_blank"" style=""color:  #1463FF"">FF5274346</a>",FF5274346,backordered,ATLs001,Wild Cosmetics,US907191,4,Medium,2026-06-30,D2C,1
"<a href=""https://shipper.stord.com/distribution_networks/a5d95507-781a-48fa-8b25-300938c92524/items/b1038e06-ce34-498a-9ab8-4d5ee8cdd6a3"" target=""_blank"" style=""color:  #1463FF"">WCC3773</a>",Deo Case: Disney Princess,"<a href=""https://shipper.stord.com/distribution_networks/a5d95507-781a-48fa-8b25-300938c92524/orders/6b657ef1-4e72-4012-8d0a-7c45c96815f8"" target=""_blank"" style=""color:  #1463FF"">FF5274364</a>",FF5274364,backordered,ATLs001,Wild Cosmetics,US907148,2,Medium,2026-06-30,D2C,1
"<a href=""https://shipper.stord.com/distribution_networks/a5d95507-781a-48fa-8b25-300938c92524/items/b1038e06-ce34-498a-9ab8-4d5ee8cdd6a3"" target=""_blank"" style=""color:  #1463FF"">WCC3773</a>",Deo Case: Disney Princess,"<a href=""https://shipper.stord.com/distribution_networks/a5d95507-781a-48fa-8b25-300938c92524/orders/3f4570db-5927-4bc6-bcf6-f0dfb6311ab0"" target=""_blank"" style=""color:  #1463FF"">FF5274385</a>",FF5274385,backordered,ATLs001,Wild Cosmetics,US907157,2,Medium,2026-06-30,D2C,1
"<a href=""https://shipper.stord.com/distribution_networks/a5d95507-781a-48fa-8b25-300938c92524/items/b1038e06-ce34-498a-9ab8-4d5ee8cdd6a3"" target=""_blank"" style=""color:  #1463FF"">WCC3773</a>",Deo Case: Disney Princess,"<a href=""https://shipper.stord.com/distribution_networks/a5d95507-781a-48fa-8b25-300938c92524/orders/e448980f-06c2-4f6c-9a47-fafbe7e40353"" target=""_blank"" style=""color:  #1463FF"">FF5274403</a>",FF5274403,backordered,ATLs001,Wild Cosmetics,US907212,3,Medium,2026-06-30,D2C,1
"<a href=""https://shipper.stord.com/distribution_networks/a5d95507-781a-48fa-8b25-300938c92524/items/b1038e06-ce34-498a-9ab8-4d5ee8cdd6a3"" target=""_blank"" style=""color:  #1463FF"">WCC3773</a>",Deo Case: Disney Princess,"<a href=""https://shipper.stord.com/distribution_networks/a5d95507-781a-48fa-8b25-300938c92524/orders/e2a381f0-462f-45f1-9e4a-54524273d63b"" target=""_blank"" style=""color:  #1463FF"">FF5274420</a>",FF5274420,backordered,ATLs001,Wild Cosmetics,US907222,8,Medium,2026-06-30,D2C,1
"<a href=""https://shipper.stord.com/distribution_networks/a5d95507-781a-48fa-8b25-300938c92524/items/b1038e06-ce34-498a-9ab8-4d5ee8cdd6a3"" target=""_blank"" style=""color:  #1463FF"">WCC3773</a>",Deo Case: Disney Princess,"<a href=""https://shipper.stord.com/distribution_networks/a5d95507-781a-48fa-8b25-300938c92524/orders/584afd01-ec56-4dfc-ac41-7c923cf82265"" target=""_blank"" style=""color:  #1463FF"">FF5274426</a>",FF5274426,backordered,ATLs001,Wild Cosmetics,US907224,3,Medium,2026-06-30,D2C,1
"<a href=""https://shipper.stord.com/distribution_networks/a5d95507-781a-48fa-8b25-300938c92524/items/b1038e06-ce34-498a-9ab8-4d5ee8cdd6a3"" target=""_blank"" style=""color:  #1463FF"">WCC3773</a>",Deo Case: Disney Princess,"<a href=""https://shipper.stord.com/distribution_networks/a5d95507-781a-48fa-8b25-300938c92524/orders/ddb43303-cb3e-4fb4-a006-16053695753d"" target=""_blank"" style=""color:  #1463FF"">FF5274454</a>",FF5274454,backordered,ATLs001,Wild Cosmetics,US907234,3,Medium,2026-06-30,D2C,1
"<a href=""https://shipper.stord.com/distribution_networks/a5d95507-781a-48fa-8b25-300938c92524/items/b1038e06-ce34-498a-9ab8-4d5ee8cdd6a3"" target=""_blank"" style=""color:  #1463FF"">WCC3773</a>",Deo Case: Disney Princess,"<a href=""https://shipper.stord.com/distribution_networks/a5d95507-781a-48fa-8b25-300938c92524/orders/7a2ba448-614f-4cd1-9f57-9b4a05104723"" target=""_blank"" style=""color:  #1463FF"">FF5274526</a>",FF5274526,backordered,ATLs001,Wild Cosmetics,US907258,5,Medium,2026-06-30,D2C,1
"<a href=""https://shipper.stord.com/distribution_networks/a5d95507-781a-48fa-8b25-300938c92524/items/b1038e06-ce34-498a-9ab8-4d5ee8cdd6a3"" target=""_blank"" style=""color:  #1463FF"">WCC3773</a>",Deo Case: Disney Princess,"<a href=""https://shipper.stord.com/distribution_networks/a5d95507-781a-48fa-8b25-300938c92524/orders/0d9b110f-61c7-479a-8fb7-842f59291f61"" target=""_blank"" style=""color:  #1463FF"">FF5274529</a>",FF5274529,backordered,ATLs001,Wild Cosmetics,US907259,3,Medium,2026-06-30,D2C,1
"<a href=""https://shipper.stord.com/distribution_networks/a5d95507-781a-48fa-8b25-300938c92524/items/b1038e06-ce34-498a-9ab8-4d5ee8cdd6a3"" target=""_blank"" style=""color:  #1463FF"">WCC3773</a>",Deo Case: Disney Princess,"<a href=""https://shipper.stord.com/distribution_networks/a5d95507-781a-48fa-8b25-300938c92524/orders/7178ca42-9438-4e2a-9a1c-f5c760a034f3"" target=""_blank"" style=""color:  #1463FF"">FF5274606</a>",FF5274606,backordered,ATLs001,Wild Cosmetics,US907274,4,Medium,2026-06-30,D2C,1
"<a href=""https://shipper.stord.com/distribution_networks/a5d95507-781a-48fa-8b25-300938c92524/items/b1038e06-ce34-498a-9ab8-4d5ee8cdd6a3"" target=""_blank"" style=""color:  #1463FF"">WCC3773</a>",Deo Case: Disney Princess,"<a href=""https://shipper.stord.com/distribution_networks/a5d95507-781a-48fa-8b25-300938c92524/orders/5fe8a97c-ad9c-46d6-b2a8-184027050bf4"" target=""_blank"" style=""color:  #1463FF"">FF5274620</a>",FF5274620,backordered,ATLs001,Wild Cosmetics,US907278,4,Medium,2026-06-30,D2C,1
"<a href=""https://shipper.stord.com/distribution_networks/a5d95507-781a-48fa-8b25-300938c92524/items/b1038e06-ce34-498a-9ab8-4d5ee8cdd6a3"" target=""_blank"" style=""color:  #1463FF"">WCC3773</a>",Deo Case: Disney Princess,"<a href=""https://shipper.stord.com/distribution_networks/a5d95507-781a-48fa-8b25-300938c92524/orders/21944f2e-ee63-4e5a-9fb5-71457301c9a1"" target=""_blank"" style=""color:  #1463FF"">FF5274622</a>",FF5274622,backordered,ATLs001,Wild Cosmetics,US907279,2,Medium,2026-06-30,D2C,1
"<a href=""https://shipper.stord.com/distribution_networks/a5d95507-781a-48fa-8b25-300938c92524/items/b1038e06-ce34-498a-9ab8-4d5ee8cdd6a3"" target=""_blank"" style=""color:  #1463FF"">WCC3773</a>",Deo Case: Disney Princess,"<a href=""https://shipper.stord.com/distribution_networks/a5d95507-781a-48fa-8b25-300938c92524/orders/0b46f99a-ad81-4c34-b55a-d272ad0d5985"" target=""_blank"" style=""color:  #1463FF"">FF5274704</a>",FF5274704,backordered,ATLs001,Wild Cosmetics,US907300,1,Medium,2026-06-30,D2C,1
"<a href=""https://shipper.stord.com/distribution_networks/a5d95507-781a-48fa-8b25-300938c92524/items/834ce54d-6c3d-4f05-9937-24f2da268b61"" target=""_blank"" style=""color:  #1463FF"">WCR1283</a>",Juicy Mango Deodorant Refill,"<a href=""https://shipper.stord.com/distribution_networks/a5d95507-781a-48fa-8b25-300938c92524/orders/cfd25a3c-c2e3-4e70-953e-051c06af97f6"" target=""_blank"" style=""color:  #1463FF"">FF5275668</a>",FF5275668,on_hold,ATLs001,Wild,US907720,1,Medium,2026-06-30,D2C,1
"<a href=""https://shipper.stord.com/distribution_networks/a5d95507-781a-48fa-8b25-300938c92524/items/a30b4e50-b53f-40bd-a4c9-256af4016d1e"" target=""_blank"" style=""color:  #1463FF"">WCR1179</a>",Coconut & Vanilla (TARGET) Deodorant Refill,"<a href=""https://shipper.stord.com/distribution_networks/a5d95507-781a-48fa-8b25-300938c92524/orders/cfd25a3c-c2e3-4e70-953e-051c06af97f6"" target=""_blank"" style=""color:  #1463FF"">FF5275668</a>",FF5275668,on_hold,ATLs001,Wild,US907720,2,Medium,2026-06-30,D2C,2
"<a href=""https://shipper.stord.com/distribution_networks/a5d95507-781a-48fa-8b25-300938c92524/items/741079a7-4f2a-4950-bd5a-7a8b67837977"" target=""_blank"" style=""color:  #1463FF"">WCLR02</a>",Coconut & Vanilla Lip Balm Refill,"<a href=""https://shipper.stord.com/distribution_networks/a5d95507-781a-48fa-8b25-300938c92524/orders/c43cb545-6ea1-4be5-a193-069bdcf02adb"" target=""_blank"" style=""color:  #1463FF"">FF5275673</a>",FF5275673,on_hold,ATLs001,Wild,US907711,2,Medium,2026-06-30,D2C,1
"<a href=""https://shipper.stord.com/distribution_networks/a5d95507-781a-48fa-8b25-300938c92524/items/741079a7-4f2a-4950-bd5a-7a8b67837977"" target=""_blank"" style=""color:  #1463FF"">WCLR02</a>",Coconut & Vanilla Lip Balm Refill,"<a href=""https://shipper.stord.com/distribution_networks/a5d95507-781a-48fa-8b25-300938c92524/orders/c43cb545-6ea1-4be5-a193-069bdcf02adb"" target=""_blank"" style=""color:  #1463FF"">FF5275673</a>",FF5275673,on_hold,ATLs001,Wild,US907711,3,Medium,2026-06-30,D2C,1
"<a href=""https://shipper.stord.com/distribution_networks/a5d95507-781a-48fa-8b25-300938c92524/items/741079a7-4f2a-4950-bd5a-7a8b67837977"" target=""_blank"" style=""color:  #1463FF"">WCLR02</a>",Coconut & Vanilla Lip Balm Refill,"<a href=""https://shipper.stord.com/distribution_networks/a5d95507-781a-48fa-8b25-300938c92524/orders/c43cb545-6ea1-4be5-a193-069bdcf02adb"" target=""_blank"" style=""color:  #1463FF"">FF5275673</a>",FF5275673,on_hold,ATLs001,Wild,US907711,1,Medium,2026-06-30,D2C,1
"<a href=""https://shipper.stord.com/distribution_networks/a5d95507-781a-48fa-8b25-300938c92524/items/b1038e06-ce34-498a-9ab8-4d5ee8cdd6a3"" target=""_blank"" style=""color:  #1463FF"">WCC3773</a>",Deo Case: Disney Princess,"<a href=""https://shipper.stord.com/distribution_networks/a5d95507-781a-48fa-8b25-300938c92524/orders/5f28139f-58be-4dd6-a508-f84e01fc2ac2"" target=""_blank"" style=""color:  #1463FF"">FF5276241</a>",FF5276241,backordered,,Wild Cosmetics,,2,Medium,2026-06-30,D2C,1
"<a href=""https://shipper.stord.com/distribution_networks/a5d95507-781a-48fa-8b25-300938c92524/items/b1038e06-ce34-498a-9ab8-4d5ee8cdd6a3"" target=""_blank"" style=""color:  #1463FF"">WCC3773</a>",Deo Case: Disney Princess,"<a href=""https://shipper.stord.com/distribution_networks/a5d95507-781a-48fa-8b25-300938c92524/orders/b7b33824-ef96-4828-b1a7-5df2cf2b58e7"" target=""_blank"" style=""color:  #1463FF"">FF5276291</a>",FF5276291,backordered,,Wild Cosmetics,,1,Medium,2026-06-30,D2C,1
"<a href=""https://shipper.stord.com/distribution_networks/a5d95507-781a-48fa-8b25-300938c92524/items/b1038e06-ce34-498a-9ab8-4d5ee8cdd6a3"" target=""_blank"" style=""color:  #1463FF"">WCC3773</a>",Deo Case: Disney Princess,"<a href=""https://shipper.stord.com/distribution_networks/a5d95507-781a-48fa-8b25-300938c92524/orders/f7b5f158-e8ab-4d9a-80bf-75e90440fdcf"" target=""_blank"" style=""color:  #1463FF"">FF5276430</a>",FF5276430,backordered,,Wild Cosmetics,,2,Medium,2026-06-30,D2C,1
"<a href=""https://shipper.stord.com/distribution_networks/a5d95507-781a-48fa-8b25-300938c92524/items/841feed4-fb28-42ba-8ed5-27da7d1334dc"" target=""_blank"" style=""color:  #1463FF"">WCROL747</a>",Roll On Roller: Blue (Bee),"<a href=""https://shipper.stord.com/distribution_networks/a5d95507-781a-48fa-8b25-300938c92524/orders/b1fa7de0-d8a6-457a-9ce0-0bb518b7e2ce"" target=""_blank"" style=""color:  #1463FF"">FF5276443</a>",FF5276443,backordered,,Wild Cosmetics,,1,Medium,2026-06-30,D2C,1
"<a href=""https://shipper.stord.com/distribution_networks/a5d95507-781a-48fa-8b25-300938c92524/items/c3bc949d-1fc5-4aea-874f-2357a6bbf70f"" target=""_blank"" style=""color:  #1463FF"">WCROL20</a>",Roll On Roller: Purple,"<a href=""https://shipper.stord.com/distribution_networks/a5d95507-781a-48fa-8b25-300938c92524/orders/59a6f948-42c0-42e0-b8a7-2d5f3b3be50c"" target=""_blank"" style=""color:  #1463FF"">FF5276553</a>",FF5276553,backordered,,Wild Cosmetics,,1,Medium,2026-06-30,D2C,1
"<a href=""https://shipper.stord.com/distribution_networks/a5d95507-781a-48fa-8b25-300938c92524/items/b1038e06-ce34-498a-9ab8-4d5ee8cdd6a3"" target=""_blank"" style=""color:  #1463FF"">WCC3773</a>",Deo Case: Disney Princess,"<a href=""https://shipper.stord.com/distribution_networks/a5d95507-781a-48fa-8b25-300938c92524/orders/24be30c7-89da-4065-806e-a83a3e485637"" target=""_blank"" style=""color:  #1463FF"">FF5276613</a>",FF5276613,backordered,,Wild Cosmetics,,3,Medium,2026-06-30,D2C,1
"<a href=""https://shipper.stord.com/distribution_networks/a5d95507-781a-48fa-8b25-300938c92524/items/c3bc949d-1fc5-4aea-874f-2357a6bbf70f"" target=""_blank"" style=""color:  #1463FF"">WCROL20</a>",Roll On Roller: Purple,"<a href=""https://shipper.stord.com/distribution_networks/a5d95507-781a-48fa-8b25-300938c92524/orders/aa1f603c-01b3-49c3-820f-f8ddef4e2a9d"" target=""_blank"" style=""color:  #1463FF"">FF5276614</a>",FF5276614,backordered,,Wild Cosmetics,,1,Medium,2026-06-30,D2C,1
"<a href=""https://shipper.stord.com/distribution_networks/a5d95507-781a-48fa-8b25-300938c92524/items/34337bda-ec22-47e9-81ce-fa266970be01"" target=""_blank"" style=""color:  #1463FF"">WCR1105</a>",Enchanted Forest Deo Refill,"<a href=""https://shipper.stord.com/distribution_networks/a5d95507-781a-48fa-8b25-300938c92524/orders/735b5ae1-909b-4dea-b315-b8d5357f1ca9"" target=""_blank"" style=""color:  #1463FF"">FF5157323</a>",FF5157323,backordered,ATLs001,Wild,US861212RR,4,Medium,2026-06-29,D2C,2
"<a href=""https://shipper.stord.com/distribution_networks/a5d95507-781a-48fa-8b25-300938c92524/items/34337bda-ec22-47e9-81ce-fa266970be01"" target=""_blank"" style=""color:  #1463FF"">WCR1105</a>",Enchanted Forest Deo Refill,"<a href=""https://shipper.stord.com/distribution_networks/a5d95507-781a-48fa-8b25-300938c92524/orders/b0a7fb66-8c94-4b59-bf16-6758bda0b4b4"" target=""_blank"" style=""color:  #1463FF"">FF5157325</a>",FF5157325,backordered,ATLs001,Wild,US860957RR,9,Medium,2026-06-29,D2C,2
"<a href=""https://shipper.stord.com/distribution_networks/a5d95507-781a-48fa-8b25-300938c92524/items/aa62ff26-9897-4af1-b2f3-e8234168ec75"" target=""_blank"" style=""color:  #1463FF"">WCR02</a>",Coconut & Vanilla Deodorant Refill,"<a href=""https://shipper.stord.com/distribution_networks/a5d95507-781a-48fa-8b25-300938c92524/orders/1c255140-5150-43c2-be23-8555baed7ec7"" target=""_blank"" style=""color:  #1463FF"">FF5177304</a>",FF5177304,backordered,ATLs001,Wild,#5937621,2,Medium,2026-06-29,D2C,1
"<a href=""https://shipper.stord.com/distribution_networks/a5d95507-781a-48fa-8b25-300938c92524/items/aa62ff26-9897-4af1-b2f3-e8234168ec75"" target=""_blank"" style=""color:  #1463FF"">WCR02</a>",Coconut & Vanilla Deodorant Refill,"<a href=""https://shipper.stord.com/distribution_networks/a5d95507-781a-48fa-8b25-300938c92524/orders/eb37ccb5-c3b2-4636-b13c-e7563a6ef12b"" target=""_blank"" style=""color:  #1463FF"">FF5177861</a>",FF5177861,backordered,ATLs001,Wild,#5938184,2,Medium,2026-06-29,D2C,1
"<a href=""https://shipper.stord.com/distribution_networks/a5d95507-781a-48fa-8b25-300938c92524/items/82ddba8b-4acd-4cc2-80cb-89b19379729b"" target=""_blank"" style=""color:  #1463FF"">WCR24</a>",Fresh Cotton & Sea Salt Deodorant Refill,"<a href=""https://shipper.stord.com/distribution_networks/a5d95507-781a-48fa-8b25-300938c92524/orders/608c9b0a-e33e-4183-b2e3-83bfe0e82708"" target=""_blank"" style=""color:  #1463FF"">FF5178006</a>",FF5178006,on_hold,ATLs001,Wild,#5938323,2,Medium,2026-06-29,D2C,1
"<a href=""https://shipper.stord.com/distribution_networks/a5d95507-781a-48fa-8b25-300938c92524/items/b5343f6d-642e-42d4-9bf7-3e4b791a977a"" target=""_blank"" style=""color:  #1463FF"">WCR549</a>",Cherry Blossom Deodorant Refill,"<a href=""https://shipper.stord.com/distribution_networks/a5d95507-781a-48fa-8b25-300938c92524/orders/608c9b0a-e33e-4183-b2e3-83bfe0e82708"" target=""_blank"" style=""color:  #1463FF"">FF5178006</a>",FF5178006,on_hold,ATLs001,Wild,#5938323,1,Medium,2026-06-29,D2C,1
"<a href=""https://shipper.stord.com/distribution_networks/a5d95507-781a-48fa-8b25-300938c92524/items/79c3ff5a-95e3-45d4-be23-4e98860ab1e8"" target=""_blank"" style=""color:  #1463FF"">WCR761</a>",Pink Grapefruit & Lime Deodorant Refill,"<a href=""https://shipper.stord.com/distribution_networks/a5d95507-781a-48fa-8b25-300938c92524/orders/608c9b0a-e33e-4183-b2e3-83bfe0e82708"" target=""_blank"" style=""color:  #1463FF"">FF5178006</a>",FF5178006,on_hold,ATLs001,Wild,#5938323,3,Medium,2026-06-29,D2C,1
"<a href=""https://shipper.stord.com/distribution_networks/a5d95507-781a-48fa-8b25-300938c92524/items/82ddba8b-4acd-4cc2-80cb-89b19379729b"" target=""_blank"" style=""color:  #1463FF"">WCR24</a>",Fresh Cotton & Sea Salt Deodorant Refill,"<a href=""https://shipper.stord.com/distribution_networks/a5d95507-781a-48fa-8b25-300938c92524/orders/7d9f58fa-1c23-4927-9b27-d76bbee76e1d"" target=""_blank"" style=""color:  #1463FF"">FF5179461</a>",FF5179461,on_hold,ATLs001,Wild,US889768,1,Medium,2026-06-29,D2C,3
"<a href=""https://shipper.stord.com/distribution_networks/a5d95507-781a-48fa-8b25-300938c92524/items/53f8d4f8-f496-4959-9817-2b0cd8d4ceb8"" target=""_blank"" style=""color:  #1463FF"">WCBWR24</a>",Fresh Cotton Body Wash Refill,"<a href=""https://shipper.stord.com/distribution_networks/a5d95507-781a-48fa-8b25-300938c92524/orders/5d5e523c-3bc2-40c9-b6c9-0386e9a3bd64"" target=""_blank"" style=""color:  #1463FF"">FF5179484</a>",FF5179484,backordered,ATLs001,Wild Cosmetics,US889817,1,Medium,2026-06-29,D2C,1
"<a href=""https://shipper.stord.com/distribution_networks/a5d95507-781a-48fa-8b25-300938c92524/items/53f8d4f8-f496-4959-9817-2b0cd8d4ceb8"" target=""_blank"" style=""color:  #1463FF"">WCBWR24</a>",Fresh Cotton Body Wash Refill,"<a href=""https://shipper.stord.com/distribution_networks/a5d95507-781a-48fa-8b25-300938c92524/orders/b602578d-5f8f-48fe-8f07-e293d59d5764"" target=""_blank"" style=""color:  #1463FF"">FF5179587</a>",FF5179587,backordered,ATLs001,Wild Cosmetics,US889891,1,Medium,2026-06-29,D2C,1
"<a href=""https://shipper.stord.com/distribution_networks/a5d95507-781a-48fa-8b25-300938c92524/items/53f8d4f8-f496-4959-9817-2b0cd8d4ceb8"" target=""_blank"" style=""color:  #1463FF"">WCBWR24</a>",Fresh Cotton Body Wash Refill,"<a href=""https://shipper.stord.com/distribution_networks/a5d95507-781a-48fa-8b25-300938c92524/orders/b602578d-5f8f-48fe-8f07-e293d59d5764"" target=""_blank"" style=""color:  #1463FF"">FF5179587</a>",FF5179587,backordered,ATLs001,Wild Cosmetics,US889891,5,Medium,2026-06-29,D2C,1
"<a href=""https://shipper.stord.com/distribution_networks/a5d95507-781a-48fa-8b25-300938c92524/items/53f8d4f8-f496-4959-9817-2b0cd8d4ceb8"" target=""_blank"" style=""color:  #1463FF"">WCBWR24</a>",Fresh Cotton Body Wash Refill,"<a href=""https://shipper.stord.com/distribution_networks/a5d95507-781a-48fa-8b25-300938c92524/orders/88f1dc36-890c-43b9-97dc-72af2c93d8be"" target=""_blank"" style=""color:  #1463FF"">FF5179697</a>",FF5179697,backordered,ATLs001,Wild Cosmetics,US890006,1,Medium,2026-06-29,D2C,3
"<a href=""https://shipper.stord.com/distribution_networks/a5d95507-781a-48fa-8b25-300938c92524/items/82ddba8b-4acd-4cc2-80cb-89b19379729b"" target=""_blank"" style=""color:  #1463FF"">WCR24</a>",Fresh Cotton & Sea Salt Deodorant Refill,"<a href=""https://shipper.stord.com/distribution_networks/a5d95507-781a-48fa-8b25-300938c92524/orders/00e4440e-3ab3-4124-86bd-ce96bf039a77"" target=""_blank"" style=""color:  #1463FF"">FF5179984</a>",FF5179984,on_hold,ATLs001,Wild,US890301,1,Medium,2026-06-29,D2C,1
"<a href=""https://shipper.stord.com/distribution_networks/a5d95507-781a-48fa-8b25-300938c92524/items/3efd2806-3212-4fec-8252-9187c7753174"" target=""_blank"" style=""color:  #1463FF"">WCR348</a>",Mint & Aloe Vera Deodorant Refill,"<a href=""https://shipper.stord.com/distribution_networks/a5d95507-781a-48fa-8b25-300938c92524/orders/00e4440e-3ab3-4124-86bd-ce96bf039a77"" target=""_blank"" style=""color:  #1463FF"">FF5179984</a>",FF5179984,on_hold,ATLs001,Wild,US890301,2,Medium,2026-06-29,D2C,2
"<a href=""https://shipper.stord.com/distribution_networks/a5d95507-781a-48fa-8b25-300938c92524/items/3efd2806-3212-4fec-8252-9187c7753174"" target=""_blank"" style=""color:  #1463FF"">WCR348</a>",Mint & Aloe Vera Deodorant Refill,"<a href=""https://shipper.stord.com/distribution_networks/a5d95507-781a-48fa-8b25-300938c92524/orders/5385a6ff-c96a-439f-bcb4-7f95c833e8fc"" target=""_blank"" style=""color:  #1463FF"">FF5184392</a>",FF5184392,on_hold,ATLs001,Wild,US891243,1,Medium,2026-06-29,D2C,3
"<a href=""https://shipper.stord.com/distribution_networks/a5d95507-781a-48fa-8b25-300938c92524/items/82ddba8b-4acd-4cc2-80cb-89b19379729b"" target=""_blank"" style=""color:  #1463FF"">WCR24</a>",Fresh Cotton & Sea Salt Deodorant Refill,"<a href=""https://shipper.stord.com/distribution_networks/a5d95507-781a-48fa-8b25-300938c92524/orders/5385a6ff-c96a-439f-bcb4-7f95c833e8fc"" target=""_blank"" style=""color:  #1463FF"">FF5184392</a>",FF5184392,on_hold,ATLs001,Wild,US891243,2,Medium,2026-06-29,D2C,3
"<a href=""https://shipper.stord.com/distribution_networks/a5d95507-781a-48fa-8b25-300938c92524/items/aa62ff26-9897-4af1-b2f3-e8234168ec75"" target=""_blank"" style=""color:  #1463FF"">WCR02</a>",Coconut & Vanilla Deodorant Refill,"<a href=""https://shipper.stord.com/distribution_networks/a5d95507-781a-48fa-8b25-300938c92524/orders/4b68bde5-862e-43da-9b29-19add622be9f"" target=""_blank"" style=""color:  #1463FF"">FF5185459</a>",FF5185459,backordered,ATLs001,Wild,#5939946,2,Medium,2026-06-29,D2C,1
"<a href=""https://shipper.stord.com/distribution_networks/a5d95507-781a-48fa-8b25-300938c92524/items/82ddba8b-4acd-4cc2-80cb-89b19379729b"" target=""_blank"" style=""color:  #1463FF"">WCR24</a>",Fresh Cotton & Sea Salt Deodorant Refill,"<a href=""https://shipper.stord.com/distribution_networks/a5d95507-781a-48fa-8b25-300938c92524/orders/3672e3f5-5f33-4862-a118-4e0c0e3bc835"" target=""_blank"" style=""color:  #1463FF"">FF5186194</a>",FF5186194,on_hold,ATLs001,Wild,#5940682,3,Medium,2026-06-29,D2C,1
"<a href=""https://shipper.stord.com/distribution_networks/a5d95507-781a-48fa-8b25-300938c92524/items/33e70023-a543-4424-9054-64180de00eee"" target=""_blank"" style=""color:  #1463FF"">WCRS550</a>",Cherry Blossom Sensitive Deodorant Refill,"<a href=""https://shipper.stord.com/distribution_networks/a5d95507-781a-48fa-8b25-300938c92524/orders/3672e3f5-5f33-4862-a118-4e0c0e3bc835"" target=""_blank"" style=""color:  #1463FF"">FF5186194</a>",FF5186194,on_hold,ATLs001,Wild,#5940682,1,Medium,2026-06-29,D2C,1
"<a href=""https://shipper.stord.com/distribution_networks/a5d95507-781a-48fa-8b25-300938c92524/items/f62ba07b-b5fc-49ee-8e53-6ddc33167245"" target=""_blank"" style=""color:  #1463FF"">WCRS30</a>",Coconut & Vanilla Sensitive Deodorant Refill,"<a href=""https://shipper.stord.com/distribution_networks/a5d95507-781a-48fa-8b25-300938c92524/orders/3672e3f5-5f33-4862-a118-4e0c0e3bc835"" target=""_blank"" style=""color:  #1463FF"">FF5186194</a>",FF5186194,on_hold,ATLs001,Wild,#5940682,2,Medium,2026-06-29,D2C,1
"<a href=""https://shipper.stord.com/distribution_networks/a5d95507-781a-48fa-8b25-300938c92524/items/53f8d4f8-f496-4959-9817-2b0cd8d4ceb8"" target=""_blank"" style=""color:  #1463FF"">WCBWR24</a>",Fresh Cotton Body Wash Refill,"<a href=""https://shipper.stord.com/distribution_networks/a5d95507-781a-48fa-8b25-300938c92524/orders/be932b74-b975-4157-ac95-addd34ccfd4c"" target=""_blank"" style=""color:  #1463FF"">FF5187339</a>",FF5187339,backordered,ATLs001,Wild Cosmetics,US891898,3,Medium,2026-06-29,D2C,1
"<a href=""https://shipper.stord.com/distribution_networks/a5d95507-781a-48fa-8b25-300938c92524/items/53f8d4f8-f496-4959-9817-2b0cd8d4ceb8"" target=""_blank"" style=""color:  #1463FF"">WCBWR24</a>",Fresh Cotton Body Wash Refill,"<a href=""https://shipper.stord.com/distribution_networks/a5d95507-781a-48fa-8b25-300938c92524/orders/be932b74-b975-4157-ac95-addd34ccfd4c"" target=""_blank"" style=""color:  #1463FF"">FF5187339</a>",FF5187339,backordered,ATLs001,Wild Cosmetics,US891898,4,Medium,2026-06-29,D2C,1
"<a href=""https://shipper.stord.com/distribution_networks/a5d95507-781a-48fa-8b25-300938c92524/items/de2a753a-e805-4d20-814b-61e4eda8708d"" target=""_blank"" style=""color:  #1463FF"">WCR1103</a>",Vanilla Buttercream Deo Refill,"<a href=""https://shipper.stord.com/distribution_networks/a5d95507-781a-48fa-8b25-300938c92524/orders/f31c3887-080d-40ce-89df-dff16f9bdd7a"" target=""_blank"" style=""color:  #1463FF"">FF5187468</a>",FF5187468,on_hold,ATLs001,Wild,US892058,1,Medium,2026-06-29,D2C,1
"<a href=""https://shipper.stord.com/distribution_networks/a5d95507-781a-48fa-8b25-300938c92524/items/82ddba8b-4acd-4cc2-80cb-89b19379729b"" target=""_blank"" style=""color:  #1463FF"">WCR24</a>",Fresh Cotton & Sea Salt Deodorant Refill,"<a href=""https://shipper.stord.com/distribution_networks/a5d95507-781a-48fa-8b25-300938c92524/orders/f31c3887-080d-40ce-89df-dff16f9bdd7a"" target=""_blank"" style=""color:  #1463FF"">FF5187468</a>",FF5187468,on_hold,ATLs001,Wild,US892058,3,Medium,2026-06-29,D2C,1
"<a href=""https://shipper.stord.com/distribution_networks/a5d95507-781a-48fa-8b25-300938c92524/items/79c3ff5a-95e3-45d4-be23-4e98860ab1e8"" target=""_blank"" style=""color:  #1463FF"">WCR761</a>",Pink Grapefruit & Lime Deodorant Refill,"<a href=""https://shipper.stord.com/distribution_networks/a5d95507-781a-48fa-8b25-300938c92524/orders/f31c3887-080d-40ce-89df-dff16f9bdd7a"" target=""_blank"" style=""color:  #1463FF"">FF5187468</a>",FF5187468,on_hold,ATLs001,Wild,US892058,2,Medium,2026-06-29,D2C,1
"<a href=""https://shipper.stord.com/distribution_networks/a5d95507-781a-48fa-8b25-300938c92524/items/a30b4e50-b53f-40bd-a4c9-256af4016d1e"" target=""_blank"" style=""color:  #1463FF"">WCR1179</a>",Coconut & Vanilla (TARGET) Deodorant Refill,"<a href=""https://shipper.stord.com/distribution_networks/a5d95507-781a-48fa-8b25-300938c92524/orders/f31c3887-080d-40ce-89df-dff16f9bdd7a"" target=""_blank"" style=""color:  #1463FF"">FF5187468</a>",FF5187468,on_hold,ATLs001,Wild,US892058,4,Medium,2026-06-29,D2C,1
"<a href=""https://shipper.stord.com/distribution_networks/a5d95507-781a-48fa-8b25-300938c92524/items/834ce54d-6c3d-4f05-9937-24f2da268b61"" target=""_blank"" style=""color:  #1463FF"">WCR1283</a>",Juicy Mango Deodorant Refill,"<a href=""https://shipper.stord.com/distribution_networks/a5d95507-781a-48fa-8b25-300938c92524/orders/7776806f-5d72-4f05-a145-fe53be2cc36a"" target=""_blank"" style=""color:  #1463FF"">FF5187647</a>",FF5187647,on_hold,ATLs001,Wild,US892231,1,Medium,2026-06-29,D2C,1
"<a href=""https://shipper.stord.com/distribution_networks/a5d95507-781a-48fa-8b25-300938c92524/items/a30b4e50-b53f-40bd-a4c9-256af4016d1e"" target=""_blank"" style=""color:  #1463FF"">WCR1179</a>",Coconut & Vanilla (TARGET) Deodorant Refill,"<a href=""https://shipper.stord.com/distribution_networks/a5d95507-781a-48fa-8b25-300938c92524/orders/7776806f-5d72-4f05-a145-fe53be2cc36a"" target=""_blank"" style=""color:  #1463FF"">FF5187647</a>",FF5187647,on_hold,ATLs001,Wild,US892231,3,Medium,2026-06-29,D2C,1
"<a href=""https://shipper.stord.com/distribution_networks/a5d95507-781a-48fa-8b25-300938c92524/items/82ddba8b-4acd-4cc2-80cb-89b19379729b"" target=""_blank"" style=""color:  #1463FF"">WCR24</a>",Fresh Cotton & Sea Salt Deodorant Refill,"<a href=""https://shipper.stord.com/distribution_networks/a5d95507-781a-48fa-8b25-300938c92524/orders/7776806f-5d72-4f05-a145-fe53be2cc36a"" target=""_blank"" style=""color:  #1463FF"">FF5187647</a>",FF5187647,on_hold,ATLs001,Wild,US892231,2,Medium,2026-06-29,D2C,1
"<a href=""https://shipper.stord.com/distribution_networks/a5d95507-781a-48fa-8b25-300938c92524/items/54b1a6d7-07fc-4c09-938b-3dad6e22b9f5"" target=""_blank"" style=""color:  #1463FF"">WCRS1894</a>",Cola sens. Deodorant Refill,"<a href=""https://shipper.stord.com/distribution_networks/a5d95507-781a-48fa-8b25-300938c92524/orders/44f475a7-818b-4ec5-a94f-03867f142bba"" target=""_blank"" style=""color:  #1463FF"">FF5187697</a>",FF5187697,backordered,ATLs001,Wild,US892249,2,Medium,2026-06-29,D2C,1
"<a href=""https://shipper.stord.com/distribution_networks/a5d95507-781a-48fa-8b25-300938c92524/items/82ddba8b-4acd-4cc2-80cb-89b19379729b"" target=""_blank"" style=""color:  #1463FF"">WCR24</a>",Fresh Cotton & Sea Salt Deodorant Refill,"<a href=""https://shipper.stord.com/distribution_networks/a5d95507-781a-48fa-8b25-300938c92524/orders/e00fa5ae-0170-4881-ba57-a56261cc3dca"" target=""_blank"" style=""color:  #1463FF"">FF5187719</a>",FF5187719,on_hold,ATLs001,Wild,US892293,1,Medium,2026-06-29,D2C,2
"<a href=""https://shipper.stord.com/distribution_networks/a5d95507-781a-48fa-8b25-300938c92524/items/a30b4e50-b53f-40bd-a4c9-256af4016d1e"" target=""_blank"" style=""color:  #1463FF"">WCR1179</a>",Coconut & Vanilla (TARGET) Deodorant Refill,"<a href=""https://shipper.stord.com/distribution_networks/a5d95507-781a-48fa-8b25-300938c92524/orders/e00fa5ae-0170-4881-ba57-a56261cc3dca"" target=""_blank"" style=""color:  #1463FF"">FF5187719</a>",FF5187719,on_hold,ATLs001,Wild,US892293,2,Medium,2026-06-29,D2C,1
"<a href=""https://shipper.stord.com/distribution_networks/a5d95507-781a-48fa-8b25-300938c92524/items/53f8d4f8-f496-4959-9817-2b0cd8d4ceb8"" target=""_blank"" style=""color:  #1463FF"">WCBWR24</a>",Fresh Cotton Body Wash Refill,"<a href=""https://shipper.stord.com/distribution_networks/a5d95507-781a-48fa-8b25-300938c92524/orders/995f867f-5a86-40e3-a9c8-d9d6f11241fb"" target=""_blank"" style=""color:  #1463FF"">FF5187807</a>",FF5187807,backordered,ATLs001,Wild Cosmetics,US892370,5,Medium,2026-06-29,D2C,1
"<a href=""https://shipper.stord.com/distribution_networks/a5d95507-781a-48fa-8b25-300938c92524/items/aa62ff26-9897-4af1-b2f3-e8234168ec75"" target=""_blank"" style=""color:  #1463FF"">WCR02</a>",Coconut & Vanilla Deodorant Refill,"<a href=""https://shipper.stord.com/distribution_networks/a5d95507-781a-48fa-8b25-300938c92524/orders/2a5a8e0f-00a0-4d5d-b121-3dce974a6535"" target=""_blank"" style=""color:  #1463FF"">FF5193040</a>",FF5193040,backordered,ATLs001,Wild,#5942730,3,Medium,2026-06-29,D2C,1
"<a href=""https://shipper.stord.com/distribution_networks/a5d95507-781a-48fa-8b25-300938c92524/items/53f8d4f8-f496-4959-9817-2b0cd8d4ceb8"" target=""_blank"" style=""color:  #1463FF"">WCBWR24</a>",Fresh Cotton Body Wash Refill,"<a href=""https://shipper.stord.com/distribution_networks/a5d95507-781a-48fa-8b25-300938c92524/orders/ef758457-58bd-41b8-bab0-6387c3b7b9e9"" target=""_blank"" style=""color:  #1463FF"">FF5194028</a>",FF5194028,backordered,ATLs001,Wild Cosmetics,US893766,4,Medium,2026-06-29,D2C,1
"<a href=""https://shipper.stord.com/distribution_networks/a5d95507-781a-48fa-8b25-300938c92524/items/82ddba8b-4acd-4cc2-80cb-89b19379729b"" target=""_blank"" style=""color:  #1463FF"">WCR24</a>",Fresh Cotton & Sea Salt Deodorant Refill,"<a href=""https://shipper.stord.com/distribution_networks/a5d95507-781a-48fa-8b25-300938c92524/orders/25867d4b-266e-4453-9831-c20b6defd4d1"" target=""_blank"" style=""color:  #1463FF"">FF5194254</a>",FF5194254,on_hold,ATLs001,Wild,US893874,2,Medium,2026-06-29,D2C,1
"<a href=""https://shipper.stord.com/distribution_networks/a5d95507-781a-48fa-8b25-300938c92524/items/3efd2806-3212-4fec-8252-9187c7753174"" target=""_blank"" style=""color:  #1463FF"">WCR348</a>",Mint & Aloe Vera Deodorant Refill,"<a href=""https://shipper.stord.com/distribution_networks/a5d95507-781a-48fa-8b25-300938c92524/orders/25867d4b-266e-4453-9831-c20b6defd4d1"" target=""_blank"" style=""color:  #1463FF"">FF5194254</a>",FF5194254,on_hold,ATLs001,Wild,US893874,1,Medium,2026-06-29,D2C,1
"<a href=""https://shipper.stord.com/distribution_networks/a5d95507-781a-48fa-8b25-300938c92524/items/de2a753a-e805-4d20-814b-61e4eda8708d"" target=""_blank"" style=""color:  #1463FF"">WCR1103</a>",Vanilla Buttercream Deo Refill,"<a href=""https://shipper.stord.com/distribution_networks/a5d95507-781a-48fa-8b25-300938c92524/orders/286a9f5b-4d66-4ba0-a062-34612a810c23"" target=""_blank"" style=""color:  #1463FF"">FF5194330</a>",FF5194330,on_hold,ATLs001,Wild,US893936,2,Medium,2026-06-29,D2C,1
"<a href=""https://shipper.stord.com/distribution_networks/a5d95507-781a-48fa-8b25-300938c92524/items/834ce54d-6c3d-4f05-9937-24f2da268b61"" target=""_blank"" style=""color:  #1463FF"">WCR1283</a>",Juicy Mango Deodorant Refill,"<a href=""https://shipper.stord.com/distribution_networks/a5d95507-781a-48fa-8b25-300938c92524/orders/286a9f5b-4d66-4ba0-a062-34612a810c23"" target=""_blank"" style=""color:  #1463FF"">FF5194330</a>",FF5194330,on_hold,ATLs001,Wild,US893936,1,Medium,2026-06-29,D2C,1
"<a href=""https://shipper.stord.com/distribution_networks/a5d95507-781a-48fa-8b25-300938c92524/items/82ddba8b-4acd-4cc2-80cb-89b19379729b"" target=""_blank"" style=""color:  #1463FF"">WCR24</a>",Fresh Cotton & Sea Salt Deodorant Refill,"<a href=""https://shipper.stord.com/distribution_networks/a5d95507-781a-48fa-8b25-300938c92524/orders/286a9f5b-4d66-4ba0-a062-34612a810c23"" target=""_blank"" style=""color:  #1463FF"">FF5194330</a>",FF5194330,on_hold,ATLs001,Wild,US893936,3,Medium,2026-06-29,D2C,1
"<a href=""https://shipper.stord.com/distribution_networks/a5d95507-781a-48fa-8b25-300938c92524/items/54b1a6d7-07fc-4c09-938b-3dad6e22b9f5"" target=""_blank"" style=""color:  #1463FF"">WCRS1894</a>",Cola sens. Deodorant Refill,"<a href=""https://shipper.stord.com/distribution_networks/a5d95507-781a-48fa-8b25-300938c92524/orders/9fbb176a-063b-4f82-ad86-5601de5b923c"" target=""_blank"" style=""color:  #1463FF"">FF5201149</a>",FF5201149,backordered,ATLs001,Wild,US895020,1,Medium,2026-06-29,D2C,1
"<a href=""https://shipper.stord.com/distribution_networks/a5d95507-781a-48fa-8b25-300938c92524/items/53f8d4f8-f496-4959-9817-2b0cd8d4ceb8"" target=""_blank"" style=""color:  #1463FF"">WCBWR24</a>",Fresh Cotton Body Wash Refill,"<a href=""https://shipper.stord.com/distribution_networks/a5d95507-781a-48fa-8b25-300938c92524/orders/4799fbe9-3b7d-4462-86f0-aa174cff1d05"" target=""_blank"" style=""color:  #1463FF"">FF5201515</a>",FF5201515,backordered,ATLs001,Wild Cosmetics,US895252,3,Medium,2026-06-29,D2C,3
"<a href=""https://shipper.stord.com/distribution_networks/a5d95507-781a-48fa-8b25-300938c92524/items/54b1a6d7-07fc-4c09-938b-3dad6e22b9f5"" target=""_blank"" style=""color:  #1463FF"">WCRS1894</a>",Cola sens. Deodorant Refill,"<a href=""https://shipper.stord.com/distribution_networks/a5d95507-781a-48fa-8b25-300938c92524/orders/59fc7a50-13e1-4207-98f2-575ff7d15cff"" target=""_blank"" style=""color:  #1463FF"">FF5204534</a>",FF5204534,backordered,ATLs001,Wild,US867581RR,1,Medium,2026-06-29,D2C,1
"<a href=""https://shipper.stord.com/distribution_networks/a5d95507-781a-48fa-8b25-300938c92524/items/54b1a6d7-07fc-4c09-938b-3dad6e22b9f5"" target=""_blank"" style=""color:  #1463FF"">WCRS1894</a>",Cola sens. Deodorant Refill,"<a href=""https://shipper.stord.com/distribution_networks/a5d95507-781a-48fa-8b25-300938c92524/orders/59fc7a50-13e1-4207-98f2-575ff7d15cff"" target=""_blank"" style=""color:  #1463FF"">FF5204534</a>",FF5204534,backordered,ATLs001,Wild,US867581RR,25,Medium,2026-06-29,D2C,1
"<a href=""https://shipper.stord.com/distribution_networks/a5d95507-781a-48fa-8b25-300938c92524/items/aa62ff26-9897-4af1-b2f3-e8234168ec75"" target=""_blank"" style=""color:  #1463FF"">WCR02</a>",Coconut & Vanilla Deodorant Refill,"<a href=""https://shipper.stord.com/distribution_networks/a5d95507-781a-48fa-8b25-300938c92524/orders/482f2508-3084-42ed-ad15-cc90f013f9ff"" target=""_blank"" style=""color:  #1463FF"">FF5207264</a>",FF5207264,backordered,ATLs001,Wild,#5946769,2,Medium,2026-06-29,D2C,1
"<a href=""https://shipper.stord.com/distribution_networks/a5d95507-781a-48fa-8b25-300938c92524/items/aa62ff26-9897-4af1-b2f3-e8234168ec75"" target=""_blank"" style=""color:  #1463FF"">WCR02</a>",Coconut & Vanilla Deodorant Refill,"<a href=""https://shipper.stord.com/distribution_networks/a5d95507-781a-48fa-8b25-300938c92524/orders/3f541861-6648-432a-bf62-e33a9ab9d584"" target=""_blank"" style=""color:  #1463FF"">FF5207692</a>",FF5207692,backordered,ATLs001,Wild,#5947186,1,Medium,2026-06-29,D2C,1
"<a href=""https://shipper.stord.com/distribution_networks/a5d95507-781a-48fa-8b25-300938c92524/items/aa62ff26-9897-4af1-b2f3-e8234168ec75"" target=""_blank"" style=""color:  #1463FF"">WCR02</a>",Coconut & Vanilla Deodorant Refill,"<a href=""https://shipper.stord.com/distribution_networks/a5d95507-781a-48fa-8b25-300938c92524/orders/e160c296-a4c8-4063-b387-1b9e97e2a5e5"" target=""_blank"" style=""color:  #1463FF"">FF5207724</a>",FF5207724,backordered,ATLs001,Wild,#5947224,2,Medium,2026-06-29,D2C,2
"<a href=""https://shipper.stord.com/distribution_networks/a5d95507-781a-48fa-8b25-300938c92524/items/aa62ff26-9897-4af1-b2f3-e8234168ec75"" target=""_blank"" style=""color:  #1463FF"">WCR02</a>",Coconut & Vanilla Deodorant Refill,"<a href=""https://shipper.stord.com/distribution_networks/a5d95507-781a-48fa-8b25-300938c92524/orders/1e7c764c-05db-4faa-8510-c3885f71e3de"" target=""_blank"" style=""color:  #1463FF"">FF5207992</a>",FF5207992,backordered,ATLs001,Wild,#5947495,3,Medium,2026-06-29,D2C,1
"<a href=""https://shipper.stord.com/distribution_networks/a5d95507-781a-48fa-8b25-300938c92524/items/53f8d4f8-f496-4959-9817-2b0cd8d4ceb8"" target=""_blank"" style=""color:  #1463FF"">WCBWR24</a>",Fresh Cotton Body Wash Refill,"<a href=""https://shipper.stord.com/distribution_networks/a5d95507-781a-48fa-8b25-300938c92524/orders/879c464d-7937-4180-914e-3b4895b8a8c2"" target=""_blank"" style=""color:  #1463FF"">FF5209505</a>",FF5209505,backordered,ATLs001,Wild Cosmetics,US897199,2,Medium,2026-06-29,D2C,1
"<a href=""https://shipper.stord.com/distribution_networks/a5d95507-781a-48fa-8b25-300938c92524/items/53f8d4f8-f496-4959-9817-2b0cd8d4ceb8"" target=""_blank"" style=""color:  #1463FF"">WCBWR24</a>",Fresh Cotton Body Wash Refill,"<a href=""https://shipper.stord.com/distribution_networks/a5d95507-781a-48fa-8b25-300938c92524/orders/879c464d-7937-4180-914e-3b4895b8a8c2"" target=""_blank"" style=""color:  #1463FF"">FF5209505</a>",FF5209505,backordered,ATLs001,Wild Cosmetics,US897199,5,Medium,2026-06-29,D2C,1
"<a href=""https://shipper.stord.com/distribution_networks/a5d95507-781a-48fa-8b25-300938c92524/items/d8b158fb-c1d8-40c5-b564-4be6d9f56e5c"" target=""_blank"" style=""color:  #1463FF"">WCRS1924</a>",Coconut Cream sens. Deo Refill,"<a href=""https://shipper.stord.com/distribution_networks/a5d95507-781a-48fa-8b25-300938c92524/orders/ef83f752-6e10-43d3-aca8-b843074cbef5"" target=""_blank"" style=""color:  #1463FF"">FF5212949</a>",FF5212949,backordered,ATLs001,Wild,WCS36742,7,Medium,2026-06-29,D2C,1
"<a href=""https://shipper.stord.com/distribution_networks/a5d95507-781a-48fa-8b25-300938c92524/items/aa62ff26-9897-4af1-b2f3-e8234168ec75"" target=""_blank"" style=""color:  #1463FF"">WCR02</a>",Coconut & Vanilla Deodorant Refill,"<a href=""https://shipper.stord.com/distribution_networks/a5d95507-781a-48fa-8b25-300938c92524/orders/b7f1bb3b-360a-4769-bccc-7dde43b0b8eb"" target=""_blank"" style=""color:  #1463FF"">FF5216919</a>",FF5216919,backordered,ATLs001,Wild,#5949335,3,Medium,2026-06-29,D2C,1
"<a href=""https://shipper.stord.com/distribution_networks/a5d95507-781a-48fa-8b25-300938c92524/items/aa62ff26-9897-4af1-b2f3-e8234168ec75"" target=""_blank"" style=""color:  #1463FF"">WCR02</a>",Coconut & Vanilla Deodorant Refill,"<a href=""https://shipper.stord.com/distribution_networks/a5d95507-781a-48fa-8b25-300938c92524/orders/3ac282d5-d6e5-4ea2-a589-350a78d88923"" target=""_blank"" style=""color:  #1463FF"">FF5217361</a>",FF5217361,backordered,ATLs001,Wild,#5949779,2,Medium,2026-06-29,D2C,3
"<a href=""https://shipper.stord.com/distribution_networks/a5d95507-781a-48fa-8b25-300938c92524/items/85d079ec-e370-4276-8792-d02c0c12e57e"" target=""_blank"" style=""color:  #1463FF"">WCR745</a>",Lemon Basil & Blood Orange Deodorant Refill,"<a href=""https://shipper.stord.com/distribution_networks/a5d95507-781a-48fa-8b25-300938c92524/orders/520d7398-bd8f-49ae-9e49-b7d55f90506c"" target=""_blank"" style=""color:  #1463FF"">FF5219709</a>",FF5219709,on_hold,ATLs001,Wild,US899016,1,Medium,2026-06-29,D2C,1
"<a href=""https://shipper.stord.com/distribution_networks/a5d95507-781a-48fa-8b25-300938c92524/items/a30b4e50-b53f-40bd-a4c9-256af4016d1e"" target=""_blank"" style=""color:  #1463FF"">WCR1179</a>",Coconut & Vanilla (TARGET) Deodorant Refill,"<a href=""https://shipper.stord.com/distribution_networks/a5d95507-781a-48fa-8b25-300938c92524/orders/520d7398-bd8f-49ae-9e49-b7d55f90506c"" target=""_blank"" style=""color:  #1463FF"">FF5219709</a>",FF5219709,on_hold,ATLs001,Wild,US899016,3,Medium,2026-06-29,D2C,1
"<a href=""https://shipper.stord.com/distribution_networks/a5d95507-781a-48fa-8b25-300938c92524/items/82ddba8b-4acd-4cc2-80cb-89b19379729b"" target=""_blank"" style=""color:  #1463FF"">WCR24</a>",Fresh Cotton & Sea Salt Deodorant Refill,"<a href=""https://shipper.stord.com/distribution_networks/a5d95507-781a-48fa-8b25-300938c92524/orders/520d7398-bd8f-49ae-9e49-b7d55f90506c"" target=""_blank"" style=""color:  #1463FF"">FF5219709</a>",FF5219709,on_hold,ATLs001,Wild,US899016,2,Medium,2026-06-29,D2C,1
"<a href=""https://shipper.stord.com/distribution_networks/a5d95507-781a-48fa-8b25-300938c92524/items/b1038e06-ce34-498a-9ab8-4d5ee8cdd6a3"" target=""_blank"" style=""color:  #1463FF"">WCC3773</a>",Deo Case: Disney Princess,"<a href=""https://shipper.stord.com/distribution_networks/a5d95507-781a-48fa-8b25-300938c92524/orders/a57630dc-68ba-447f-81cc-ec36ef3f2845"" target=""_blank"" style=""color:  #1463FF"">FF5224165</a>",FF5224165,backordered,ATLs001,Wild Cosmetics,WSOS284415,1,Medium,2026-06-29,D2C,1
"<a href=""https://shipper.stord.com/distribution_networks/a5d95507-781a-48fa-8b25-300938c92524/items/aa62ff26-9897-4af1-b2f3-e8234168ec75"" target=""_blank"" style=""color:  #1463FF"">WCR02</a>",Coconut & Vanilla Deodorant Refill,"<a href=""https://shipper.stord.com/distribution_networks/a5d95507-781a-48fa-8b25-300938c92524/orders/facadf75-61c0-475c-9e1b-56f7040f15ee"" target=""_blank"" style=""color:  #1463FF"">FF5227900</a>",FF5227900,backordered,ATLs001,Wild,#5951834,2,Medium,2026-06-29,D2C,1
"<a href=""https://shipper.stord.com/distribution_networks/a5d95507-781a-48fa-8b25-300938c92524/items/34337bda-ec22-47e9-81ce-fa266970be01"" target=""_blank"" style=""color:  #1463FF"">WCR1105</a>",Enchanted Forest Deo Refill,"<a href=""https://shipper.stord.com/distribution_networks/a5d95507-781a-48fa-8b25-300938c92524/orders/ca48db05-3ece-4c12-a55a-5d1385d2ca86"" target=""_blank"" style=""color:  #1463FF"">FF5232284</a>",FF5232284,backordered,ATLs001,Wild,US900689,10,Medium,2026-06-29,D2C,2
"<a href=""https://shipper.stord.com/distribution_networks/a5d95507-781a-48fa-8b25-300938c92524/items/3efd2806-3212-4fec-8252-9187c7753174"" target=""_blank"" style=""color:  #1463FF"">WCR348</a>",Mint & Aloe Vera Deodorant Refill,"<a href=""https://shipper.stord.com/distribution_networks/a5d95507-781a-48fa-8b25-300938c92524/orders/ceb9de64-3b66-4b6a-91aa-90544266d194"" target=""_blank"" style=""color:  #1463FF"">FF5236089</a>",FF5236089,on_hold,ATLs001,Wild,US901139,1,Medium,2026-06-29,D2C,1
"<a href=""https://shipper.stord.com/distribution_networks/a5d95507-781a-48fa-8b25-300938c92524/items/945d4a51-f1e8-42fb-aea1-c65a60327871"" target=""_blank"" style=""color:  #1463FF"">WCR1818</a>",Cola Deodorant Refill,"<a href=""https://shipper.stord.com/distribution_networks/a5d95507-781a-48fa-8b25-300938c92524/orders/ceb9de64-3b66-4b6a-91aa-90544266d194"" target=""_blank"" style=""color:  #1463FF"">FF5236089</a>",FF5236089,on_hold,ATLs001,Wild,US901139,3,Medium,2026-06-29,D2C,1
"<a href=""https://shipper.stord.com/distribution_networks/a5d95507-781a-48fa-8b25-300938c92524/items/ad638f1a-66bc-409c-b3a9-348c772d0ac3"" target=""_blank"" style=""color:  #1463FF"">WCR2513</a>",Deo Refill: Warm Cinnamon Bun,"<a href=""https://shipper.stord.com/distribution_networks/a5d95507-781a-48fa-8b25-300938c92524/orders/ceb9de64-3b66-4b6a-91aa-90544266d194"" target=""_blank"" style=""color:  #1463FF"">FF5236089</a>",FF5236089,on_hold,ATLs001,Wild,US901139,2,Medium,2026-06-29,D2C,1
"<a href=""https://shipper.stord.com/distribution_networks/a5d95507-781a-48fa-8b25-300938c92524/items/aa62ff26-9897-4af1-b2f3-e8234168ec75"" target=""_blank"" style=""color:  #1463FF"">WCR02</a>",Coconut & Vanilla Deodorant Refill,"<a href=""https://shipper.stord.com/distribution_networks/a5d95507-781a-48fa-8b25-300938c92524/orders/aeaaebce-1a66-4808-97a7-4295e7df593b"" target=""_blank"" style=""color:  #1463FF"">FF5237802</a>",FF5237802,backordered,ATLs001,Wild,#5954268,2,Medium,2026-06-29,D2C,1
"<a href=""https://shipper.stord.com/distribution_networks/a5d95507-781a-48fa-8b25-300938c92524/items/aa62ff26-9897-4af1-b2f3-e8234168ec75"" target=""_blank"" style=""color:  #1463FF"">WCR02</a>",Coconut & Vanilla Deodorant Refill,"<a href=""https://shipper.stord.com/distribution_networks/a5d95507-781a-48fa-8b25-300938c92524/orders/d7c4cc5c-1be8-4c93-acd3-d22d37c91e5e"" target=""_blank"" style=""color:  #1463FF"">FF5238459</a>",FF5238459,backordered,ATLs001,Wild,#5954919,2,Medium,2026-06-29,D2C,2
"<a href=""https://shipper.stord.com/distribution_networks/a5d95507-781a-48fa-8b25-300938c92524/items/aa62ff26-9897-4af1-b2f3-e8234168ec75"" target=""_blank"" style=""color:  #1463FF"">WCR02</a>",Coconut & Vanilla Deodorant Refill,"<a href=""https://shipper.stord.com/distribution_networks/a5d95507-781a-48fa-8b25-300938c92524/orders/7e00a4c3-9051-4a90-8da2-41eba1103136"" target=""_blank"" style=""color:  #1463FF"">FF5238905</a>",FF5238905,backordered,ATLs001,Wild,#5955370,1,Medium,2026-06-29,D2C,1
"<a href=""https://shipper.stord.com/distribution_networks/a5d95507-781a-48fa-8b25-300938c92524/items/82ddba8b-4acd-4cc2-80cb-89b19379729b"" target=""_blank"" style=""color:  #1463FF"">WCR24</a>",Fresh Cotton & Sea Salt Deodorant Refill,"<a href=""https://shipper.stord.com/distribution_networks/a5d95507-781a-48fa-8b25-300938c92524/orders/61ef687d-d94d-4fa9-8714-446c54b71e75"" target=""_blank"" style=""color:  #1463FF"">FF5240653</a>",FF5240653,on_hold,ATLs001,Wild,US901922,1,Medium,2026-06-29,D2C,1
"<a href=""https://shipper.stord.com/distribution_networks/a5d95507-781a-48fa-8b25-300938c92524/items/33e70023-a543-4424-9054-64180de00eee"" target=""_blank"" style=""color:  #1463FF"">WCRS550</a>",Cherry Blossom Sensitive Deodorant Refill,"<a href=""https://shipper.stord.com/distribution_networks/a5d95507-781a-48fa-8b25-300938c92524/orders/61ef687d-d94d-4fa9-8714-446c54b71e75"" target=""_blank"" style=""color:  #1463FF"">FF5240653</a>",FF5240653,on_hold,ATLs001,Wild,US901922,4,Medium,2026-06-29,D2C,1
"<a href=""https://shipper.stord.com/distribution_networks/a5d95507-781a-48fa-8b25-300938c92524/items/3efd2806-3212-4fec-8252-9187c7753174"" target=""_blank"" style=""color:  #1463FF"">WCR348</a>",Mint & Aloe Vera Deodorant Refill,"<a href=""https://shipper.stord.com/distribution_networks/a5d95507-781a-48fa-8b25-300938c92524/orders/61ef687d-d94d-4fa9-8714-446c54b71e75"" target=""_blank"" style=""color:  #1463FF"">FF5240653</a>",FF5240653,on_hold,ATLs001,Wild,US901922,2,Medium,2026-06-29,D2C,1
"<a href=""https://shipper.stord.com/distribution_networks/a5d95507-781a-48fa-8b25-300938c92524/items/a30b4e50-b53f-40bd-a4c9-256af4016d1e"" target=""_blank"" style=""color:  #1463FF"">WCR1179</a>",Coconut & Vanilla (TARGET) Deodorant Refill,"<a href=""https://shipper.stord.com/distribution_networks/a5d95507-781a-48fa-8b25-300938c92524/orders/61ef687d-d94d-4fa9-8714-446c54b71e75"" target=""_blank"" style=""color:  #1463FF"">FF5240653</a>",FF5240653,on_hold,ATLs001,Wild,US901922,3,Medium,2026-06-29,D2C,1
"<a href=""https://shipper.stord.com/distribution_networks/a5d95507-781a-48fa-8b25-300938c92524/items/82ddba8b-4acd-4cc2-80cb-89b19379729b"" target=""_blank"" style=""color:  #1463FF"">WCR24</a>",Fresh Cotton & Sea Salt Deodorant Refill,"<a href=""https://shipper.stord.com/distribution_networks/a5d95507-781a-48fa-8b25-300938c92524/orders/8d88bb74-c6d5-4781-9734-2fe860f7b9ef"" target=""_blank"" style=""color:  #1463FF"">FF5244552</a>",FF5244552,on_hold,ATLs001,Wild,WSOS285043,1,Medium,2026-06-29,D2C,1
"<a href=""https://shipper.stord.com/distribution_networks/a5d95507-781a-48fa-8b25-300938c92524/items/4d05e916-c9e3-4f7e-9acc-66fc3dad8923"" target=""_blank"" style=""color:  #1463FF"">WCR3661</a>",Deo Refill: Pear Blossom,"<a href=""https://shipper.stord.com/distribution_networks/a5d95507-781a-48fa-8b25-300938c92524/orders/8d88bb74-c6d5-4781-9734-2fe860f7b9ef"" target=""_blank"" style=""color:  #1463FF"">FF5244552</a>",FF5244552,on_hold,ATLs001,Wild,WSOS285043,3,Medium,2026-06-29,D2C,1
"<a href=""https://shipper.stord.com/distribution_networks/a5d95507-781a-48fa-8b25-300938c92524/items/687ad695-e784-49cd-8ba6-9ce64ff6eea1"" target=""_blank"" style=""color:  #1463FF"">WCC3660</a>",Deo Case: LSF Sunrise Patchwork,"<a href=""https://shipper.stord.com/distribution_networks/a5d95507-781a-48fa-8b25-300938c92524/orders/8d88bb74-c6d5-4781-9734-2fe860f7b9ef"" target=""_blank"" style=""color:  #1463FF"">FF5244552</a>",FF5244552,on_hold,ATLs001,Wild Cosmetics,WSOS285043,2,Medium,2026-06-29,D2C,1
"<a href=""https://shipper.stord.com/distribution_networks/a5d95507-781a-48fa-8b25-300938c92524/items/d8b158fb-c1d8-40c5-b564-4be6d9f56e5c"" target=""_blank"" style=""color:  #1463FF"">WCRS1924</a>",Coconut Cream sens. Deo Refill,"<a href=""https://shipper.stord.com/distribution_networks/a5d95507-781a-48fa-8b25-300938c92524/orders/bbaa6baa-3459-4700-9d85-73566d4d6f82"" target=""_blank"" style=""color:  #1463FF"">FF5244985</a>",FF5244985,backordered,ATLs001,Wild,WCS36906,1,Medium,2026-06-29,D2C,1
"<a href=""https://shipper.stord.com/distribution_networks/a5d95507-781a-48fa-8b25-300938c92524/items/a2db93ce-1e3d-4116-bf6b-601c52b14da8"" target=""_blank"" style=""color:  #1463FF"">WCROC3774</a>",Roll On Case: Stitch,"<a href=""https://shipper.stord.com/distribution_networks/a5d95507-781a-48fa-8b25-300938c92524/orders/b863368a-a255-4fd0-aa82-c81e80f70e70"" target=""_blank"" style=""color:  #1463FF"">FF5246079</a>",FF5246079,backordered,ATLs001,Wild Cosmetics,US902594,3,Medium,2026-06-29,D2C,1
"<a href=""https://shipper.stord.com/distribution_networks/a5d95507-781a-48fa-8b25-300938c92524/items/82ddba8b-4acd-4cc2-80cb-89b19379729b"" target=""_blank"" style=""color:  #1463FF"">WCR24</a>",Fresh Cotton & Sea Salt Deodorant Refill,"<a href=""https://shipper.stord.com/distribution_networks/a5d95507-781a-48fa-8b25-300938c92524/orders/43acabdb-c74e-4c6a-80d1-849294a362be"" target=""_blank"" style=""color:  #1463FF"">FF5246599</a>",FF5246599,on_hold,ATLs001,Wild,US902691,2,Medium,2026-06-29,D2C,1
"<a href=""https://shipper.stord.com/distribution_networks/a5d95507-781a-48fa-8b25-300938c92524/items/79c3ff5a-95e3-45d4-be23-4e98860ab1e8"" target=""_blank"" style=""color:  #1463FF"">WCR761</a>",Pink Grapefruit & Lime Deodorant Refill,"<a href=""https://shipper.stord.com/distribution_networks/a5d95507-781a-48fa-8b25-300938c92524/orders/43acabdb-c74e-4c6a-80d1-849294a362be"" target=""_blank"" style=""color:  #1463FF"">FF5246599</a>",FF5246599,on_hold,ATLs001,Wild,US902691,1,Medium,2026-06-29,D2C,1
"<a href=""https://shipper.stord.com/distribution_networks/a5d95507-781a-48fa-8b25-300938c92524/items/a30b4e50-b53f-40bd-a4c9-256af4016d1e"" target=""_blank"" style=""color:  #1463FF"">WCR1179</a>",Coconut & Vanilla (TARGET) Deodorant Refill,"<a href=""https://shipper.stord.com/distribution_networks/a5d95507-781a-48fa-8b25-300938c92524/orders/43acabdb-c74e-4c6a-80d1-849294a362be"" target=""_blank"" style=""color:  #1463FF"">FF5246599</a>",FF5246599,on_hold,ATLs001,Wild,US902691,3,Medium,2026-06-29,D2C,1
"<a href=""https://shipper.stord.com/distribution_networks/a5d95507-781a-48fa-8b25-300938c92524/items/aa62ff26-9897-4af1-b2f3-e8234168ec75"" target=""_blank"" style=""color:  #1463FF"">WCR02</a>",Coconut & Vanilla Deodorant Refill,"<a href=""https://shipper.stord.com/distribution_networks/a5d95507-781a-48fa-8b25-300938c92524/orders/c2779b88-25cc-4c0f-adad-91ff80dc6c4c"" target=""_blank"" style=""color:  #1463FF"">FF5248464</a>",FF5248464,backordered,ATLs001,Wild,#5957165,1,Medium,2026-06-29,D2C,1
"<a href=""https://shipper.stord.com/distribution_networks/a5d95507-781a-48fa-8b25-300938c92524/items/aa62ff26-9897-4af1-b2f3-e8234168ec75"" target=""_blank"" style=""color:  #1463FF"">WCR02</a>",Coconut & Vanilla Deodorant Refill,"<a href=""https://shipper.stord.com/distribution_networks/a5d95507-781a-48fa-8b25-300938c92524/orders/aefbf316-fedd-47d6-8c38-370cbd70646f"" target=""_blank"" style=""color:  #1463FF"">FF5248752</a>",FF5248752,backordered,ATLs001,Wild,#5957460,1,Medium,2026-06-29,D2C,1
"<a href=""https://shipper.stord.com/distribution_networks/a5d95507-781a-48fa-8b25-300938c92524/items/82ddba8b-4acd-4cc2-80cb-89b19379729b"" target=""_blank"" style=""color:  #1463FF"">WCR24</a>",Fresh Cotton & Sea Salt Deodorant Refill,"<a href=""https://shipper.stord.com/distribution_networks/a5d95507-781a-48fa-8b25-300938c92524/orders/69c098e0-a35d-410e-b95a-da985e26832c"" target=""_blank"" style=""color:  #1463FF"">FF5250163</a>",FF5250163,on_hold,ATLs001,Wild,US903029,1,Medium,2026-06-29,D2C,1
"<a href=""https://shipper.stord.com/distribution_networks/a5d95507-781a-48fa-8b25-300938c92524/items/3efd2806-3212-4fec-8252-9187c7753174"" target=""_blank"" style=""color:  #1463FF"">WCR348</a>",Mint & Aloe Vera Deodorant Refill,"<a href=""https://shipper.stord.com/distribution_networks/a5d95507-781a-48fa-8b25-300938c92524/orders/69c098e0-a35d-410e-b95a-da985e26832c"" target=""_blank"" style=""color:  #1463FF"">FF5250163</a>",FF5250163,on_hold,ATLs001,Wild,US903029,2,Medium,2026-06-29,D2C,2
"<a href=""https://shipper.stord.com/distribution_networks/a5d95507-781a-48fa-8b25-300938c92524/items/de2a753a-e805-4d20-814b-61e4eda8708d"" target=""_blank"" style=""color:  #1463FF"">WCR1103</a>",Vanilla Buttercream Deo Refill,"<a href=""https://shipper.stord.com/distribution_networks/a5d95507-781a-48fa-8b25-300938c92524/orders/00aa9591-9642-4697-9465-8d562587472a"" target=""_blank"" style=""color:  #1463FF"">FF5250312</a>",FF5250312,on_hold,ATLs001,Wild,US903085,1,Medium,2026-06-29,D2C,1
"<a href=""https://shipper.stord.com/distribution_networks/a5d95507-781a-48fa-8b25-300938c92524/items/41b17ba8-fa36-4ec0-98a9-274599783ef3"" target=""_blank"" style=""color:  #1463FF"">WCR524</a>",Ocean Mist Deodorant Refill,"<a href=""https://shipper.stord.com/distribution_networks/a5d95507-781a-48fa-8b25-300938c92524/orders/00aa9591-9642-4697-9465-8d562587472a"" target=""_blank"" style=""color:  #1463FF"">FF5250312</a>",FF5250312,on_hold,ATLs001,Wild,US903085,3,Medium,2026-06-29,D2C,1
"<a href=""https://shipper.stord.com/distribution_networks/a5d95507-781a-48fa-8b25-300938c92524/items/82ddba8b-4acd-4cc2-80cb-89b19379729b"" target=""_blank"" style=""color:  #1463FF"">WCR24</a>",Fresh Cotton & Sea Salt Deodorant Refill,"<a href=""https://shipper.stord.com/distribution_networks/a5d95507-781a-48fa-8b25-300938c92524/orders/00aa9591-9642-4697-9465-8d562587472a"" target=""_blank"" style=""color:  #1463FF"">FF5250312</a>",FF5250312,on_hold,ATLs001,Wild,US903085,2,Medium,2026-06-29,D2C,1
"<a href=""https://shipper.stord.com/distribution_networks/a5d95507-781a-48fa-8b25-300938c92524/items/aa62ff26-9897-4af1-b2f3-e8234168ec75"" target=""_blank"" style=""color:  #1463FF"">WCR02</a>",Coconut & Vanilla Deodorant Refill,"<a href=""https://shipper.stord.com/distribution_networks/a5d95507-781a-48fa-8b25-300938c92524/orders/0233611d-0c03-4a31-849d-2decd3e349f2"" target=""_blank"" style=""color:  #1463FF"">FF5257063</a>",FF5257063,backordered,ATLs001,Wild,#5959739,1,Medium,2026-06-29,D2C,1
"<a href=""https://shipper.stord.com/distribution_networks/a5d95507-781a-48fa-8b25-300938c92524/items/492a3724-1cca-4289-ba41-b2e3f6e66d8a"" target=""_blank"" style=""color:  #1463FF"">WCR86</a>",Sandalwood & Patchouli Deodorant Refill,"<a href=""https://shipper.stord.com/distribution_networks/a5d95507-781a-48fa-8b25-300938c92524/orders/fbd3a7e6-cf7c-42d8-b1c0-1058be97ea44"" target=""_blank"" style=""color:  #1463FF"">FF5257175</a>",FF5257175,on_hold,ATLs001,Wild,#5959862,1,Medium,2026-06-29,D2C,1
"<a href=""https://shipper.stord.com/distribution_networks/a5d95507-781a-48fa-8b25-300938c92524/items/3efd2806-3212-4fec-8252-9187c7753174"" target=""_blank"" style=""color:  #1463FF"">WCR348</a>",Mint & Aloe Vera Deodorant Refill,"<a href=""https://shipper.stord.com/distribution_networks/a5d95507-781a-48fa-8b25-300938c92524/orders/fbd3a7e6-cf7c-42d8-b1c0-1058be97ea44"" target=""_blank"" style=""color:  #1463FF"">FF5257175</a>",FF5257175,on_hold,ATLs001,Wild,#5959862,2,Medium,2026-06-29,D2C,1
"<a href=""https://shipper.stord.com/distribution_networks/a5d95507-781a-48fa-8b25-300938c92524/items/82ddba8b-4acd-4cc2-80cb-89b19379729b"" target=""_blank"" style=""color:  #1463FF"">WCR24</a>",Fresh Cotton & Sea Salt Deodorant Refill,"<a href=""https://shipper.stord.com/distribution_networks/a5d95507-781a-48fa-8b25-300938c92524/orders/fbd3a7e6-cf7c-42d8-b1c0-1058be97ea44"" target=""_blank"" style=""color:  #1463FF"">FF5257175</a>",FF5257175,on_hold,ATLs001,Wild,#5959862,3,Medium,2026-06-29,D2C,2
"<a href=""https://shipper.stord.com/distribution_networks/a5d95507-781a-48fa-8b25-300938c92524/items/aa62ff26-9897-4af1-b2f3-e8234168ec75"" target=""_blank"" style=""color:  #1463FF"">WCR02</a>",Coconut & Vanilla Deodorant Refill,"<a href=""https://shipper.stord.com/distribution_networks/a5d95507-781a-48fa-8b25-300938c92524/orders/ec3b3eda-1272-4f90-8dc9-7647b0687017"" target=""_blank"" style=""color:  #1463FF"">FF5257580</a>",FF5257580,backordered,ATLs001,Wild,#5960247,2,Medium,2026-06-29,D2C,1
"<a href=""https://shipper.stord.com/distribution_networks/a5d95507-781a-48fa-8b25-300938c92524/items/aa62ff26-9897-4af1-b2f3-e8234168ec75"" target=""_blank"" style=""color:  #1463FF"">WCR02</a>",Coconut & Vanilla Deodorant Refill,"<a href=""https://shipper.stord.com/distribution_networks/a5d95507-781a-48fa-8b25-300938c92524/orders/e67d7605-ac1e-4a3c-b206-b494dc4c29fd"" target=""_blank"" style=""color:  #1463FF"">FF5264929</a>",FF5264929,backordered,ATLs001,Wild,#5962292,4,Medium,2026-06-29,D2C,1
"<a href=""https://shipper.stord.com/distribution_networks/a5d95507-781a-48fa-8b25-300938c92524/items/aa62ff26-9897-4af1-b2f3-e8234168ec75"" target=""_blank"" style=""color:  #1463FF"">WCR02</a>",Coconut & Vanilla Deodorant Refill,"<a href=""https://shipper.stord.com/distribution_networks/a5d95507-781a-48fa-8b25-300938c92524/orders/df3f0079-e207-4a88-8a7f-908e0b8fb90d"" target=""_blank"" style=""color:  #1463FF"">FF5264953</a>",FF5264953,backordered,ATLs001,Wild,#5962313,1,Medium,2026-06-29,D2C,1
"<a href=""https://shipper.stord.com/distribution_networks/a5d95507-781a-48fa-8b25-300938c92524/items/aa62ff26-9897-4af1-b2f3-e8234168ec75"" target=""_blank"" style=""color:  #1463FF"">WCR02</a>",Coconut & Vanilla Deodorant Refill,"<a href=""https://shipper.stord.com/distribution_networks/a5d95507-781a-48fa-8b25-300938c92524/orders/eea0384c-320a-4bb4-aec3-e1ec5db616fa"" target=""_blank"" style=""color:  #1463FF"">FF5264971</a>",FF5264971,backordered,ATLs001,Wild,#5962347,3,Medium,2026-06-29,D2C,1
"<a href=""https://shipper.stord.com/distribution_networks/a5d95507-781a-48fa-8b25-300938c92524/items/aa62ff26-9897-4af1-b2f3-e8234168ec75"" target=""_blank"" style=""color:  #1463FF"">WCR02</a>",Coconut & Vanilla Deodorant Refill,"<a href=""https://shipper.stord.com/distribution_networks/a5d95507-781a-48fa-8b25-300938c92524/orders/38265129-38b2-49f6-9138-28ef7dc4ff4a"" target=""_blank"" style=""color:  #1463FF"">FF5265284</a>",FF5265284,backordered,ATLs001,Wild,#5962655,3,Medium,2026-06-29,D2C,1
"<a href=""https://shipper.stord.com/distribution_networks/a5d95507-781a-48fa-8b25-300938c92524/items/82ddba8b-4acd-4cc2-80cb-89b19379729b"" target=""_blank"" style=""color:  #1463FF"">WCR24</a>",Fresh Cotton & Sea Salt Deodorant Refill,"<a href=""https://shipper.stord.com/distribution_networks/a5d95507-781a-48fa-8b25-300938c92524/orders/9895a76a-5cb7-4b25-95f1-91555e8aa9cc"" target=""_blank"" style=""color:  #1463FF"">FF5266173</a>",FF5266173,on_hold,ATLs001,Wild,US905722,1,Medium,2026-06-29,D2C,3
"<a href=""https://shipper.stord.com/distribution_networks/a5d95507-781a-48fa-8b25-300938c92524/items/b5343f6d-642e-42d4-9bf7-3e4b791a977a"" target=""_blank"" style=""color:  #1463FF"">WCR549</a>",Cherry Blossom Deodorant Refill,"<a href=""https://shipper.stord.com/distribution_networks/a5d95507-781a-48fa-8b25-300938c92524/orders/664380e7-1a5c-41d7-b051-eea2b29b97b3"" target=""_blank"" style=""color:  #1463FF"">FF5267041</a>",FF5267041,on_hold,ATLs001,Wild,US906181,1,Medium,2026-06-29,D2C,1
"<a href=""https://shipper.stord.com/distribution_networks/a5d95507-781a-48fa-8b25-300938c92524/items/82ddba8b-4acd-4cc2-80cb-89b19379729b"" target=""_blank"" style=""color:  #1463FF"">WCR24</a>",Fresh Cotton & Sea Salt Deodorant Refill,"<a href=""https://shipper.stord.com/distribution_networks/a5d95507-781a-48fa-8b25-300938c92524/orders/664380e7-1a5c-41d7-b051-eea2b29b97b3"" target=""_blank"" style=""color:  #1463FF"">FF5267041</a>",FF5267041,on_hold,ATLs001,Wild,US906181,2,Medium,2026-06-29,D2C,1
"<a href=""https://shipper.stord.com/distribution_networks/a5d95507-781a-48fa-8b25-300938c92524/items/a30b4e50-b53f-40bd-a4c9-256af4016d1e"" target=""_blank"" style=""color:  #1463FF"">WCR1179</a>",Coconut & Vanilla (TARGET) Deodorant Refill,"<a href=""https://shipper.stord.com/distribution_networks/a5d95507-781a-48fa-8b25-300938c92524/orders/664380e7-1a5c-41d7-b051-eea2b29b97b3"" target=""_blank"" style=""color:  #1463FF"">FF5267041</a>",FF5267041,on_hold,ATLs001,Wild,US906181,3,Medium,2026-06-29,D2C,1
"<a href=""https://shipper.stord.com/distribution_networks/a5d95507-781a-48fa-8b25-300938c92524/items/841feed4-fb28-42ba-8ed5-27da7d1334dc"" target=""_blank"" style=""color:  #1463FF"">WCROL747</a>",Roll On Roller: Blue (Bee),"<a href=""https://shipper.stord.com/distribution_networks/a5d95507-781a-48fa-8b25-300938c92524/orders/854cc164-7208-4e96-87c4-1dcf2e1f6d6d"" target=""_blank"" style=""color:  #1463FF"">FF5268018</a>",FF5268018,backordered,ATLs001,Wild Cosmetics,US906311,1,Medium,2026-06-29,D2C,1
"<a href=""https://shipper.stord.com/distribution_networks/a5d95507-781a-48fa-8b25-300938c92524/items/841feed4-fb28-42ba-8ed5-27da7d1334dc"" target=""_blank"" style=""color:  #1463FF"">WCROL747</a>",Roll On Roller: Blue (Bee),"<a href=""https://shipper.stord.com/distribution_networks/a5d95507-781a-48fa-8b25-300938c92524/orders/618dd131-c121-41e6-8a66-1ffe2094abb3"" target=""_blank"" style=""color:  #1463FF"">FF5268567</a>",FF5268567,backordered,ATLs001,Wild Cosmetics,US906333,1,Medium,2026-06-29,D2C,1
"<a href=""https://shipper.stord.com/distribution_networks/a5d95507-781a-48fa-8b25-300938c92524/items/aa62ff26-9897-4af1-b2f3-e8234168ec75"" target=""_blank"" style=""color:  #1463FF"">WCR02</a>",Coconut & Vanilla Deodorant Refill,"<a href=""https://shipper.stord.com/distribution_networks/a5d95507-781a-48fa-8b25-300938c92524/orders/2e569afa-6e2f-4ca4-bb3b-7c0171e9fe33"" target=""_blank"" style=""color:  #1463FF"">FF5269229</a>",FF5269229,backordered,ATLs001,Wild,US894793R,4,Medium,2026-06-29,D2C,3
"<a href=""https://shipper.stord.com/distribution_networks/a5d95507-781a-48fa-8b25-300938c92524/items/1c7748c8-a8f2-4875-bae6-389588eeee6a"" target=""_blank"" style=""color:  #1463FF"">WCC747</a>",EB Bees Deodorant Case,"<a href=""https://shipper.stord.com/distribution_networks/a5d95507-781a-48fa-8b25-300938c92524/orders/798ce426-bde9-461a-befc-de5a3f177958"" target=""_blank"" style=""color:  #1463FF"">FF5269325</a>",FF5269325,on_hold,ATLs001,Wild,US888866R,2,Medium,2026-06-29,D2C,1
"<a href=""https://shipper.stord.com/distribution_networks/a5d95507-781a-48fa-8b25-300938c92524/items/3efd2806-3212-4fec-8252-9187c7753174"" target=""_blank"" style=""color:  #1463FF"">WCR348</a>",Mint & Aloe Vera Deodorant Refill,"<a href=""https://shipper.stord.com/distribution_networks/a5d95507-781a-48fa-8b25-300938c92524/orders/798ce426-bde9-461a-befc-de5a3f177958"" target=""_blank"" style=""color:  #1463FF"">FF5269325</a>",FF5269325,on_hold,ATLs001,Wild,US888866R,1,Medium,2026-06-29,D2C,1
"<a href=""https://shipper.stord.com/distribution_networks/a5d95507-781a-48fa-8b25-300938c92524/items/a2db93ce-1e3d-4116-bf6b-601c52b14da8"" target=""_blank"" style=""color:  #1463FF"">WCROC3774</a>",Roll On Case: Stitch,"<a href=""https://shipper.stord.com/distribution_networks/a5d95507-781a-48fa-8b25-300938c92524/orders/f3069871-2f30-41ef-8404-bf3105466ab6"" target=""_blank"" style=""color:  #1463FF"">FF5269511</a>",FF5269511,backordered,ATLs001,Wild Cosmetics,US906673,3,Medium,2026-06-29,D2C,1
"<a href=""https://shipper.stord.com/distribution_networks/a5d95507-781a-48fa-8b25-300938c92524/items/a2db93ce-1e3d-4116-bf6b-601c52b14da8"" target=""_blank"" style=""color:  #1463FF"">WCROC3774</a>",Roll On Case: Stitch,"<a href=""https://shipper.stord.com/distribution_networks/a5d95507-781a-48fa-8b25-300938c92524/orders/5836a556-7568-4a60-b164-259986f9c499"" target=""_blank"" style=""color:  #1463FF"">FF5270015</a>",FF5270015,backordered,ATLs001,Wild Cosmetics,US906745,2,Medium,2026-06-29,D2C,1
"<a href=""https://shipper.stord.com/distribution_networks/a5d95507-781a-48fa-8b25-300938c92524/items/b1038e06-ce34-498a-9ab8-4d5ee8cdd6a3"" target=""_blank"" style=""color:  #1463FF"">WCC3773</a>",Deo Case: Disney Princess,"<a href=""https://shipper.stord.com/distribution_networks/a5d95507-781a-48fa-8b25-300938c92524/orders/5836a556-7568-4a60-b164-259986f9c499"" target=""_blank"" style=""color:  #1463FF"">FF5270015</a>",FF5270015,backordered,ATLs001,Wild Cosmetics,US906745,5,Medium,2026-06-29,D2C,1
"<a href=""https://shipper.stord.com/distribution_networks/a5d95507-781a-48fa-8b25-300938c92524/items/b731f8bd-26b4-4cb8-8b86-f8b4b22e2d88"" target=""_blank"" style=""color:  #1463FF"">WSRP1142V2</a>",Deo US Cotton v2 Master Carton,"<a href=""https://shipper.stord.com/distribution_networks/a5d95507-781a-48fa-8b25-300938c92524/orders/87259a8c-a497-4fc4-b576-507a56f9056c"" target=""_blank"" style=""color:  #1463FF"">FF5270255</a>",FF5270255,backordered,ATLs001,Wild,10001958442-0556,4,Medium,2026-06-29,B2B,5
"<a href=""https://shipper.stord.com/distribution_networks/a5d95507-781a-48fa-8b25-300938c92524/items/b731f8bd-26b4-4cb8-8b86-f8b4b22e2d88"" target=""_blank"" style=""color:  #1463FF"">WSRP1142V2</a>",Deo US Cotton v2 Master Carton,"<a href=""https://shipper.stord.com/distribution_networks/a5d95507-781a-48fa-8b25-300938c92524/orders/7cd23d54-ef92-4144-8be2-ca275c4e4a6c"" target=""_blank"" style=""color:  #1463FF"">FF5270264</a>",FF5270264,backordered,ATLs001,Wild,10001958442-3856,4,Medium,2026-06-29,B2B,4
"<a href=""https://shipper.stord.com/distribution_networks/a5d95507-781a-48fa-8b25-300938c92524/items/b731f8bd-26b4-4cb8-8b86-f8b4b22e2d88"" target=""_blank"" style=""color:  #1463FF"">WSRP1142V2</a>",Deo US Cotton v2 Master Carton,"<a href=""https://shipper.stord.com/distribution_networks/a5d95507-781a-48fa-8b25-300938c92524/orders/322b9e9e-dc80-4232-980d-c0f03e6c4f8b"" target=""_blank"" style=""color:  #1463FF"">FF5270265</a>",FF5270265,backordered,ATLs001,Wild,10001958442-3865,4,Medium,2026-06-29,B2B,2
"<a href=""https://shipper.stord.com/distribution_networks/a5d95507-781a-48fa-8b25-300938c92524/items/b731f8bd-26b4-4cb8-8b86-f8b4b22e2d88"" target=""_blank"" style=""color:  #1463FF"">WSRP1142V2</a>",Deo US Cotton v2 Master Carton,"<a href=""https://shipper.stord.com/distribution_networks/a5d95507-781a-48fa-8b25-300938c92524/orders/e97d4ebf-adb1-4ec7-aa18-2ae3eb469258"" target=""_blank"" style=""color:  #1463FF"">FF5270267</a>",FF5270267,backordered,ATLs001,Wild,10001958442-0594,4,Medium,2026-06-29,B2B,11
"<a href=""https://shipper.stord.com/distribution_networks/a5d95507-781a-48fa-8b25-300938c92524/items/b731f8bd-26b4-4cb8-8b86-f8b4b22e2d88"" target=""_blank"" style=""color:  #1463FF"">WSRP1142V2</a>",Deo US Cotton v2 Master Carton,"<a href=""https://shipper.stord.com/distribution_networks/a5d95507-781a-48fa-8b25-300938c92524/orders/c35b92fd-11fd-45ad-a38d-6fc79d2ef9eb"" target=""_blank"" style=""color:  #1463FF"">FF5270268</a>",FF5270268,backordered,ATLs001,Wild,10001958442-3801,4,Medium,2026-06-29,B2B,3
"<a href=""https://shipper.stord.com/distribution_networks/a5d95507-781a-48fa-8b25-300938c92524/items/b731f8bd-26b4-4cb8-8b86-f8b4b22e2d88"" target=""_blank"" style=""color:  #1463FF"">WSRP1142V2</a>",Deo US Cotton v2 Master Carton,"<a href=""https://shipper.stord.com/distribution_networks/a5d95507-781a-48fa-8b25-300938c92524/orders/b9071a26-9103-476f-a666-6d3966e6bbd5"" target=""_blank"" style=""color:  #1463FF"">FF5270270</a>",FF5270270,backordered,ATLs001,Wild,10001958442-0589,4,Medium,2026-06-29,B2B,8
"<a href=""https://shipper.stord.com/distribution_networks/a5d95507-781a-48fa-8b25-300938c92524/items/b731f8bd-26b4-4cb8-8b86-f8b4b22e2d88"" target=""_blank"" style=""color:  #1463FF"">WSRP1142V2</a>",Deo US Cotton v2 Master Carton,"<a href=""https://shipper.stord.com/distribution_networks/a5d95507-781a-48fa-8b25-300938c92524/orders/fb4c9eeb-4fe0-4a74-acf9-4cc170f10bb0"" target=""_blank"" style=""color:  #1463FF"">FF5270271</a>",FF5270271,backordered,ATLs001,Wild,10001958442-3857,3,Medium,2026-06-29,B2B,2
"<a href=""https://shipper.stord.com/distribution_networks/a5d95507-781a-48fa-8b25-300938c92524/items/b731f8bd-26b4-4cb8-8b86-f8b4b22e2d88"" target=""_blank"" style=""color:  #1463FF"">WSRP1142V2</a>",Deo US Cotton v2 Master Carton,"<a href=""https://shipper.stord.com/distribution_networks/a5d95507-781a-48fa-8b25-300938c92524/orders/25fbe844-84dc-4869-be42-cdf641092e0c"" target=""_blank"" style=""color:  #1463FF"">FF5270272</a>",FF5270272,backordered,ATLs001,Wild,10001958442-0579,4,Medium,2026-06-29,B2B,8
"<a href=""https://shipper.stord.com/distribution_networks/a5d95507-781a-48fa-8b25-300938c92524/items/b731f8bd-26b4-4cb8-8b86-f8b4b22e2d88"" target=""_blank"" style=""color:  #1463FF"">WSRP1142V2</a>",Deo US Cotton v2 Master Carton,"<a href=""https://shipper.stord.com/distribution_networks/a5d95507-781a-48fa-8b25-300938c92524/orders/700d4f8d-4738-47eb-a9e7-4714af38507f"" target=""_blank"" style=""color:  #1463FF"">FF5270273</a>",FF5270273,backordered,ATLs001,Wild,10001958442-0593,4,Medium,2026-06-29,B2B,2
"<a href=""https://shipper.stord.com/distribution_networks/a5d95507-781a-48fa-8b25-300938c92524/items/b731f8bd-26b4-4cb8-8b86-f8b4b22e2d88"" target=""_blank"" style=""color:  #1463FF"">WSRP1142V2</a>",Deo US Cotton v2 Master Carton,"<a href=""https://shipper.stord.com/distribution_networks/a5d95507-781a-48fa-8b25-300938c92524/orders/ca1360b7-6154-4769-826d-c2926f46de39"" target=""_blank"" style=""color:  #1463FF"">FF5270275</a>",FF5270275,backordered,ATLs001,Wild,10001958442-0560,4,Medium,2026-06-29,B2B,8
"<a href=""https://shipper.stord.com/distribution_networks/a5d95507-781a-48fa-8b25-300938c92524/items/b731f8bd-26b4-4cb8-8b86-f8b4b22e2d88"" target=""_blank"" style=""color:  #1463FF"">WSRP1142V2</a>",Deo US Cotton v2 Master Carton,"<a href=""https://shipper.stord.com/distribution_networks/a5d95507-781a-48fa-8b25-300938c92524/orders/905d9497-7f30-417f-89ff-ec99d249cf7d"" target=""_blank"" style=""color:  #1463FF"">FF5270277</a>",FF5270277,backordered,ATLs001,Wild,10001958442-3802,4,Medium,2026-06-29,B2B,4
"<a href=""https://shipper.stord.com/distribution_networks/a5d95507-781a-48fa-8b25-300938c92524/items/b731f8bd-26b4-4cb8-8b86-f8b4b22e2d88"" target=""_blank"" style=""color:  #1463FF"">WSRP1142V2</a>",Deo US Cotton v2 Master Carton,"<a href=""https://shipper.stord.com/distribution_networks/a5d95507-781a-48fa-8b25-300938c92524/orders/1d438af1-69a5-4bba-af4e-b1ec385d8451"" target=""_blank"" style=""color:  #1463FF"">FF5270278</a>",FF5270278,backordered,ATLs001,Wild,10001958442-0588,3,Medium,2026-06-29,B2B,3
"<a href=""https://shipper.stord.com/distribution_networks/a5d95507-781a-48fa-8b25-300938c92524/items/b731f8bd-26b4-4cb8-8b86-f8b4b22e2d88"" target=""_blank"" style=""color:  #1463FF"">WSRP1142V2</a>",Deo US Cotton v2 Master Carton,"<a href=""https://shipper.stord.com/distribution_networks/a5d95507-781a-48fa-8b25-300938c92524/orders/93e780c2-6400-4ac6-8299-6bc2122879d9"" target=""_blank"" style=""color:  #1463FF"">FF5270280</a>",FF5270280,backordered,ATLs001,Wild,10001958442-0580,4,Medium,2026-06-29,B2B,7
"<a href=""https://shipper.stord.com/distribution_networks/a5d95507-781a-48fa-8b25-300938c92524/items/b731f8bd-26b4-4cb8-8b86-f8b4b22e2d88"" target=""_blank"" style=""color:  #1463FF"">WSRP1142V2</a>",Deo US Cotton v2 Master Carton,"<a href=""https://shipper.stord.com/distribution_networks/a5d95507-781a-48fa-8b25-300938c92524/orders/19507489-d4e6-4d7d-98fa-f459d4dfe852"" target=""_blank"" style=""color:  #1463FF"">FF5270281</a>",FF5270281,backordered,ATLs001,Wild,10001958442-0559,4,Medium,2026-06-29,B2B,6
"<a href=""https://shipper.stord.com/distribution_networks/a5d95507-781a-48fa-8b25-300938c92524/items/b731f8bd-26b4-4cb8-8b86-f8b4b22e2d88"" target=""_blank"" style=""color:  #1463FF"">WSRP1142V2</a>",Deo US Cotton v2 Master Carton,"<a href=""https://shipper.stord.com/distribution_networks/a5d95507-781a-48fa-8b25-300938c92524/orders/3d2b411b-dd73-4b19-ac0f-f6f6a7c3455c"" target=""_blank"" style=""color:  #1463FF"">FF5270283</a>",FF5270283,backordered,ATLs001,Wild,10001958442-0555,4,Medium,2026-06-29,B2B,6
"<a href=""https://shipper.stord.com/distribution_networks/a5d95507-781a-48fa-8b25-300938c92524/items/b731f8bd-26b4-4cb8-8b86-f8b4b22e2d88"" target=""_blank"" style=""color:  #1463FF"">WSRP1142V2</a>",Deo US Cotton v2 Master Carton,"<a href=""https://shipper.stord.com/distribution_networks/a5d95507-781a-48fa-8b25-300938c92524/orders/7a14dbba-b043-423e-8e0b-2edb5da50160"" target=""_blank"" style=""color:  #1463FF"">FF5270285</a>",FF5270285,backordered,ATLs001,Wild,10001958442-0558,3,Medium,2026-06-29,B2B,4
"<a href=""https://shipper.stord.com/distribution_networks/a5d95507-781a-48fa-8b25-300938c92524/items/b731f8bd-26b4-4cb8-8b86-f8b4b22e2d88"" target=""_blank"" style=""color:  #1463FF"">WSRP1142V2</a>",Deo US Cotton v2 Master Carton,"<a href=""https://shipper.stord.com/distribution_networks/a5d95507-781a-48fa-8b25-300938c92524/orders/66ef0938-9e09-4b40-8005-6a566c28fec0"" target=""_blank"" style=""color:  #1463FF"">FF5270286</a>",FF5270286,backordered,ATLs001,Wild,10001958442-3808,4,Medium,2026-06-29,B2B,2
"<a href=""https://shipper.stord.com/distribution_networks/a5d95507-781a-48fa-8b25-300938c92524/items/b731f8bd-26b4-4cb8-8b86-f8b4b22e2d88"" target=""_blank"" style=""color:  #1463FF"">WSRP1142V2</a>",Deo US Cotton v2 Master Carton,"<a href=""https://shipper.stord.com/distribution_networks/a5d95507-781a-48fa-8b25-300938c92524/orders/ef1ca63c-483b-4ccd-bcb9-f3ae71461227"" target=""_blank"" style=""color:  #1463FF"">FF5270287</a>",FF5270287,backordered,ATLs001,Wild,10001958442-3811,4,Medium,2026-06-29,B2B,13
"<a href=""https://shipper.stord.com/distribution_networks/a5d95507-781a-48fa-8b25-300938c92524/items/b731f8bd-26b4-4cb8-8b86-f8b4b22e2d88"" target=""_blank"" style=""color:  #1463FF"">WSRP1142V2</a>",Deo US Cotton v2 Master Carton,"<a href=""https://shipper.stord.com/distribution_networks/a5d95507-781a-48fa-8b25-300938c92524/orders/7df585c4-0ff0-491f-a075-998a7464b6ac"" target=""_blank"" style=""color:  #1463FF"">FF5270288</a>",FF5270288,backordered,ATLs001,Wild,10001958442-0557,4,Medium,2026-06-29,B2B,10
"<a href=""https://shipper.stord.com/distribution_networks/a5d95507-781a-48fa-8b25-300938c92524/items/5a8d6752-4d72-41c4-b51c-95a454864fca"" target=""_blank"" style=""color:  #1463FF"">WCGIFT6508US</a>",LSF Mega Bathroom Bundle,"<a href=""https://shipper.stord.com/distribution_networks/a5d95507-781a-48fa-8b25-300938c92524/orders/a3c5ffae-c2fd-45a3-b767-b92e034e62ca"" target=""_blank"" style=""color:  #1463FF"">FF5270627</a>",FF5270627,backordered,ATLs001,Wild Cosmetics,WSOS285530,1,Medium,2026-06-29,D2C,1
"<a href=""https://shipper.stord.com/distribution_networks/a5d95507-781a-48fa-8b25-300938c92524/items/a2db93ce-1e3d-4116-bf6b-601c52b14da8"" target=""_blank"" style=""color:  #1463FF"">WCROC3774</a>",Roll On Case: Stitch,"<a href=""https://shipper.stord.com/distribution_networks/a5d95507-781a-48fa-8b25-300938c92524/orders/b008d3eb-8d88-4029-aa4c-baa58f72968f"" target=""_blank"" style=""color:  #1463FF"">FF5270703</a>",FF5270703,backordered,ATLs001,Wild Cosmetics,US906823,1,Medium,2026-06-29,D2C,1
"<a href=""https://shipper.stord.com/distribution_networks/a5d95507-781a-48fa-8b25-300938c92524/items/b1038e06-ce34-498a-9ab8-4d5ee8cdd6a3"" target=""_blank"" style=""color:  #1463FF"">WCC3773</a>",Deo Case: Disney Princess,"<a href=""https://shipper.stord.com/distribution_networks/a5d95507-781a-48fa-8b25-300938c92524/orders/d2e5060d-b9b8-46a4-9d92-a2568556434d"" target=""_blank"" style=""color:  #1463FF"">FF5271878</a>",FF5271878,backordered,ATLs001,Wild Cosmetics,US906955,3,Medium,2026-06-29,D2C,1
"<a href=""https://shipper.stord.com/distribution_networks/a5d95507-781a-48fa-8b25-300938c92524/items/a2db93ce-1e3d-4116-bf6b-601c52b14da8"" target=""_blank"" style=""color:  #1463FF"">WCROC3774</a>",Roll On Case: Stitch,"<a href=""https://shipper.stord.com/distribution_networks/a5d95507-781a-48fa-8b25-300938c92524/orders/d2e5060d-b9b8-46a4-9d92-a2568556434d"" target=""_blank"" style=""color:  #1463FF"">FF5271878</a>",FF5271878,backordered,ATLs001,Wild Cosmetics,US906955,4,Medium,2026-06-29,D2C,1
"<a href=""https://shipper.stord.com/distribution_networks/a5d95507-781a-48fa-8b25-300938c92524/items/a2db93ce-1e3d-4116-bf6b-601c52b14da8"" target=""_blank"" style=""color:  #1463FF"">WCROC3774</a>",Roll On Case: Stitch,"<a href=""https://shipper.stord.com/distribution_networks/a5d95507-781a-48fa-8b25-300938c92524/orders/0c31ca1d-c6b6-4e0b-84b4-3719e7836f1b"" target=""_blank"" style=""color:  #1463FF"">FF5271943</a>",FF5271943,backordered,ATLs001,Wild Cosmetics,US906984,1,Medium,2026-06-29,D2C,1
"<a href=""https://shipper.stord.com/distribution_networks/a5d95507-781a-48fa-8b25-300938c92524/items/f62ba07b-b5fc-49ee-8e53-6ddc33167245"" target=""_blank"" style=""color:  #1463FF"">WCRS30</a>",Coconut & Vanilla Sensitive Deodorant Refill,"<a href=""https://shipper.stord.com/distribution_networks/a5d95507-781a-48fa-8b25-300938c92524/orders/3bc4f007-8adc-45b3-8223-711b657ce322"" target=""_blank"" style=""color:  #1463FF"">FF5272302</a>",FF5272302,on_hold,ATLs001,Wild,US907041,1,Medium,2026-06-29,D2C,1
"<a href=""https://shipper.stord.com/distribution_networks/a5d95507-781a-48fa-8b25-300938c92524/items/1c7748c8-a8f2-4875-bae6-389588eeee6a"" target=""_blank"" style=""color:  #1463FF"">WCC747</a>",EB Bees Deodorant Case,"<a href=""https://shipper.stord.com/distribution_networks/a5d95507-781a-48fa-8b25-300938c92524/orders/3bc4f007-8adc-45b3-8223-711b657ce322"" target=""_blank"" style=""color:  #1463FF"">FF5272302</a>",FF5272302,on_hold,ATLs001,Wild,US907041,2,Medium,2026-06-29,D2C,1
"<a href=""https://shipper.stord.com/distribution_networks/a5d95507-781a-48fa-8b25-300938c92524/items/b1038e06-ce34-498a-9ab8-4d5ee8cdd6a3"" target=""_blank"" style=""color:  #1463FF"">WCC3773</a>",Deo Case: Disney Princess,"<a href=""https://shipper.stord.com/distribution_networks/a5d95507-781a-48fa-8b25-300938c92524/orders/71144324-d745-4115-b318-6e5b7a7fb346"" target=""_blank"" style=""color:  #1463FF"">FF5272470</a>",FF5272470,backordered,ATLs001,Wild Cosmetics,US907023,3,Medium,2026-06-29,D2C,1
"<a href=""https://shipper.stord.com/distribution_networks/a5d95507-781a-48fa-8b25-300938c92524/items/b1038e06-ce34-498a-9ab8-4d5ee8cdd6a3"" target=""_blank"" style=""color:  #1463FF"">WCC3773</a>",Deo Case: Disney Princess,"<a href=""https://shipper.stord.com/distribution_networks/a5d95507-781a-48fa-8b25-300938c92524/orders/d61ebba1-c38c-40c4-a4df-d3438c517254"" target=""_blank"" style=""color:  #1463FF"">FF5272490</a>",FF5272490,backordered,ATLs001,Wild Cosmetics,US907079,7,Medium,2026-06-29,D2C,1
"<a href=""https://shipper.stord.com/distribution_networks/a5d95507-781a-48fa-8b25-300938c92524/items/b1038e06-ce34-498a-9ab8-4d5ee8cdd6a3"" target=""_blank"" style=""color:  #1463FF"">WCC3773</a>",Deo Case: Disney Princess,"<a href=""https://shipper.stord.com/distribution_networks/a5d95507-781a-48fa-8b25-300938c92524/orders/f2a248ec-3c9e-43db-bffc-010a032ea848"" target=""_blank"" style=""color:  #1463FF"">FF5272514</a>",FF5272514,backordered,ATLs001,Wild Cosmetics,US907083,2,Medium,2026-06-29,D2C,1
"<a href=""https://shipper.stord.com/distribution_networks/a5d95507-781a-48fa-8b25-300938c92524/items/b1038e06-ce34-498a-9ab8-4d5ee8cdd6a3"" target=""_blank"" style=""color:  #1463FF"">WCC3773</a>",Deo Case: Disney Princess,"<a href=""https://shipper.stord.com/distribution_networks/a5d95507-781a-48fa-8b25-300938c92524/orders/3ff7d387-05be-4842-98c9-b6ce97b4fe46"" target=""_blank"" style=""color:  #1463FF"">FF5272574</a>",FF5272574,backordered,ATLs001,Wild Cosmetics,US907094,6,Medium,2026-06-29,D2C,2
"<a href=""https://shipper.stord.com/distribution_networks/a5d95507-781a-48fa-8b25-300938c92524/items/a2db93ce-1e3d-4116-bf6b-601c52b14da8"" target=""_blank"" style=""color:  #1463FF"">WCROC3774</a>",Roll On Case: Stitch,"<a href=""https://shipper.stord.com/distribution_networks/a5d95507-781a-48fa-8b25-300938c92524/orders/3ff7d387-05be-4842-98c9-b6ce97b4fe46"" target=""_blank"" style=""color:  #1463FF"">FF5272574</a>",FF5272574,backordered,ATLs001,Wild Cosmetics,US907094,8,Medium,2026-06-29,D2C,1
"<a href=""https://shipper.stord.com/distribution_networks/a5d95507-781a-48fa-8b25-300938c92524/items/b1038e06-ce34-498a-9ab8-4d5ee8cdd6a3"" target=""_blank"" style=""color:  #1463FF"">WCC3773</a>",Deo Case: Disney Princess,"<a href=""https://shipper.stord.com/distribution_networks/a5d95507-781a-48fa-8b25-300938c92524/orders/ed798be0-961f-44f3-9115-e972bf604035"" target=""_blank"" style=""color:  #1463FF"">FF5272719</a>",FF5272719,backordered,ATLs001,Wild Cosmetics,US907085,5,Medium,2026-06-29,D2C,1
"<a href=""https://shipper.stord.com/distribution_networks/a5d95507-781a-48fa-8b25-300938c92524/items/b1038e06-ce34-498a-9ab8-4d5ee8cdd6a3"" target=""_blank"" style=""color:  #1463FF"">WCC3773</a>",Deo Case: Disney Princess,"<a href=""https://shipper.stord.com/distribution_networks/a5d95507-781a-48fa-8b25-300938c92524/orders/971b87ec-7a8c-4981-8633-ed3f0d907683"" target=""_blank"" style=""color:  #1463FF"">FF5272728</a>",FF5272728,backordered,ATLs001,Wild Cosmetics,US907121,4,Medium,2026-06-29,D2C,1
"<a href=""https://shipper.stord.com/distribution_networks/a5d95507-781a-48fa-8b25-300938c92524/items/7d029e78-4ba2-4a5a-a790-7814c7ffacc9"" target=""_blank"" style=""color:  #1463FF"">WSRP2562</a>",Deo US Cath Kidston Bird / Vanilla Bean & Buttercream Master Carton,"<a href=""https://shipper.stord.com/distribution_networks/a5d95507-781a-48fa-8b25-300938c92524/orders/6bf102e7-12b7-439f-9289-44baa86a37d9"" target=""_blank"" style=""color:  #1463FF"">IS85140</a>",IS85140,on_hold,ATLs001,Wild,Stord to RJW 29.06,1,Medium,2026-06-29,B2B,90
"<a href=""https://shipper.stord.com/distribution_networks/a5d95507-781a-48fa-8b25-300938c92524/items/aa62ff26-9897-4af1-b2f3-e8234168ec75"" target=""_blank"" style=""color:  #1463FF"">WCR02</a>",Coconut & Vanilla Deodorant Refill,"<a href=""https://shipper.stord.com/distribution_networks/a5d95507-781a-48fa-8b25-300938c92524/orders/fbe72d51-3e2a-4d73-8c6a-760965b0fd9b"" target=""_blank"" style=""color:  #1463FF"">FF5256785</a>",FF5256785,backordered,ATLs001,Wild,#5959474,1,Medium,2026-06-28,D2C,1
"<a href=""https://shipper.stord.com/distribution_networks/a5d95507-781a-48fa-8b25-300938c92524/items/aa62ff26-9897-4af1-b2f3-e8234168ec75"" target=""_blank"" style=""color:  #1463FF"">WCR02</a>",Coconut & Vanilla Deodorant Refill,"<a href=""https://shipper.stord.com/distribution_networks/a5d95507-781a-48fa-8b25-300938c92524/orders/181dc5f9-2a6b-4333-9880-c8193a840236"" target=""_blank"" style=""color:  #1463FF"">FF5257587</a>",FF5257587,backordered,ATLs001,Wild,#5960269,1,Medium,2026-06-28,D2C,3
"<a href=""https://shipper.stord.com/distribution_networks/a5d95507-781a-48fa-8b25-300938c92524/items/aa62ff26-9897-4af1-b2f3-e8234168ec75"" target=""_blank"" style=""color:  #1463FF"">WCR02</a>",Coconut & Vanilla Deodorant Refill,"<a href=""https://shipper.stord.com/distribution_networks/a5d95507-781a-48fa-8b25-300938c92524/orders/82173ae9-bac4-44bf-aee4-9f739987bf64"" target=""_blank"" style=""color:  #1463FF"">FF5257698</a>",FF5257698,backordered,ATLs001,Wild,US904302,1,Medium,2026-06-28,D2C,3
"<a href=""https://shipper.stord.com/distribution_networks/a5d95507-781a-48fa-8b25-300938c92524/items/a2db93ce-1e3d-4116-bf6b-601c52b14da8"" target=""_blank"" style=""color:  #1463FF"">WCROC3774</a>",Roll On Case: Stitch,"<a href=""https://shipper.stord.com/distribution_networks/a5d95507-781a-48fa-8b25-300938c92524/orders/39dcbb19-d335-486f-be77-1e58a6f9cdeb"" target=""_blank"" style=""color:  #1463FF"">FF5257836</a>",FF5257836,backordered,ATLs001,Wild Cosmetics,US904345,5,Medium,2026-06-28,D2C,1
"<a href=""https://shipper.stord.com/distribution_networks/a5d95507-781a-48fa-8b25-300938c92524/items/a2db93ce-1e3d-4116-bf6b-601c52b14da8"" target=""_blank"" style=""color:  #1463FF"">WCROC3774</a>",Roll On Case: Stitch,"<a href=""https://shipper.stord.com/distribution_networks/a5d95507-781a-48fa-8b25-300938c92524/orders/a2ae7137-bdbb-4df2-8913-fbd2606c8a75"" target=""_blank"" style=""color:  #1463FF"">FF5258054</a>",FF5258054,backordered,ATLs001,Wild Cosmetics,US904413,2,Medium,2026-06-28,D2C,1
"<a href=""https://shipper.stord.com/distribution_networks/a5d95507-781a-48fa-8b25-300938c92524/items/a2db93ce-1e3d-4116-bf6b-601c52b14da8"" target=""_blank"" style=""color:  #1463FF"">WCROC3774</a>",Roll On Case: Stitch,"<a href=""https://shipper.stord.com/distribution_networks/a5d95507-781a-48fa-8b25-300938c92524/orders/dd0037fb-2633-4bb9-a673-816da4b5a02f"" target=""_blank"" style=""color:  #1463FF"">FF5259254</a>",FF5259254,backordered,ATLs001,Wild Cosmetics,US904934,2,Medium,2026-06-28,D2C,1
"<a href=""https://shipper.stord.com/distribution_networks/a5d95507-781a-48fa-8b25-300938c92524/items/a2db93ce-1e3d-4116-bf6b-601c52b14da8"" target=""_blank"" style=""color:  #1463FF"">WCROC3774</a>",Roll On Case: Stitch,"<a href=""https://shipper.stord.com/distribution_networks/a5d95507-781a-48fa-8b25-300938c92524/orders/4f127575-19f1-46f4-9f19-4e2213f9f790"" target=""_blank"" style=""color:  #1463FF"">FF5261151</a>",FF5261151,backordered,ATLs001,Wild Cosmetics,US905070,8,Medium,2026-06-28,D2C,1
"<a href=""https://shipper.stord.com/distribution_networks/a5d95507-781a-48fa-8b25-300938c92524/items/841feed4-fb28-42ba-8ed5-27da7d1334dc"" target=""_blank"" style=""color:  #1463FF"">WCROL747</a>",Roll On Roller: Blue (Bee),"<a href=""https://shipper.stord.com/distribution_networks/a5d95507-781a-48fa-8b25-300938c92524/orders/3a695989-5db3-48d1-a60a-30dae11b24fc"" target=""_blank"" style=""color:  #1463FF"">FF5261210</a>",FF5261210,backordered,ATLs001,Wild Cosmetics,US905083,1,Medium,2026-06-28,D2C,1
"<a href=""https://shipper.stord.com/distribution_networks/a5d95507-781a-48fa-8b25-300938c92524/items/a2db93ce-1e3d-4116-bf6b-601c52b14da8"" target=""_blank"" style=""color:  #1463FF"">WCROC3774</a>",Roll On Case: Stitch,"<a href=""https://shipper.stord.com/distribution_networks/a5d95507-781a-48fa-8b25-300938c92524/orders/fb5dcebe-9fdf-4ec6-a9a6-78836a88acdb"" target=""_blank"" style=""color:  #1463FF"">FF5261791</a>",FF5261791,backordered,ATLs001,Wild Cosmetics,US905162,3,Medium,2026-06-28,D2C,1
"<a href=""https://shipper.stord.com/distribution_networks/a5d95507-781a-48fa-8b25-300938c92524/items/a2db93ce-1e3d-4116-bf6b-601c52b14da8"" target=""_blank"" style=""color:  #1463FF"">WCROC3774</a>",Roll On Case: Stitch,"<a href=""https://shipper.stord.com/distribution_networks/a5d95507-781a-48fa-8b25-300938c92524/orders/552e6444-c90d-4033-9c10-3fda5b7d439d"" target=""_blank"" style=""color:  #1463FF"">FF5263298</a>",FF5263298,backordered,ATLs001,Wild Cosmetics,US905387,3,Medium,2026-06-28,D2C,1
"<a href=""https://shipper.stord.com/distribution_networks/a5d95507-781a-48fa-8b25-300938c92524/items/b1038e06-ce34-498a-9ab8-4d5ee8cdd6a3"" target=""_blank"" style=""color:  #1463FF"">WCC3773</a>",Deo Case: Disney Princess,"<a href=""https://shipper.stord.com/distribution_networks/a5d95507-781a-48fa-8b25-300938c92524/orders/552e6444-c90d-4033-9c10-3fda5b7d439d"" target=""_blank"" style=""color:  #1463FF"">FF5263298</a>",FF5263298,backordered,ATLs001,Wild Cosmetics,US905387,5,Medium,2026-06-28,D2C,1
"<a href=""https://shipper.stord.com/distribution_networks/a5d95507-781a-48fa-8b25-300938c92524/items/aa62ff26-9897-4af1-b2f3-e8234168ec75"" target=""_blank"" style=""color:  #1463FF"">WCR02</a>",Coconut & Vanilla Deodorant Refill,"<a href=""https://shipper.stord.com/distribution_networks/a5d95507-781a-48fa-8b25-300938c92524/orders/5a9ce2f9-8fe0-4fe3-9526-92373b52db76"" target=""_blank"" style=""color:  #1463FF"">FF5248580</a>",FF5248580,backordered,ATLs001,Wild,#5957297,2,Medium,2026-06-27,D2C,3
"<a href=""https://shipper.stord.com/distribution_networks/a5d95507-781a-48fa-8b25-300938c92524/items/b1038e06-ce34-498a-9ab8-4d5ee8cdd6a3"" target=""_blank"" style=""color:  #1463FF"">WCC3773</a>",Deo Case: Disney Princess,"<a href=""https://shipper.stord.com/distribution_networks/a5d95507-781a-48fa-8b25-300938c92524/orders/76c180f3-d91a-4933-becd-c347a8b7c1d0"" target=""_blank"" style=""color:  #1463FF"">FF5157192</a>",FF5157192,backordered,ATLs001,Wild Cosmetics,US871569RR,12,Medium,2026-06-26,D2C,1
"<a href=""https://shipper.stord.com/distribution_networks/a5d95507-781a-48fa-8b25-300938c92524/items/892b9f90-4f1e-4194-8e0a-29d8723cb661"" target=""_blank"" style=""color:  #1463FF"">WRREF1876</a>",S'mores Duo Refill,"<a href=""https://shipper.stord.com/distribution_networks/a5d95507-781a-48fa-8b25-300938c92524/orders/76c180f3-d91a-4933-becd-c347a8b7c1d0"" target=""_blank"" style=""color:  #1463FF"">FF5157192</a>",FF5157192,backordered,ATLs001,Wild,US871569RR,6,Medium,2026-06-26,D2C,1
"<a href=""https://shipper.stord.com/distribution_networks/a5d95507-781a-48fa-8b25-300938c92524/items/5a8d6752-4d72-41c4-b51c-95a454864fca"" target=""_blank"" style=""color:  #1463FF"">WCGIFT6508US</a>",LSF Mega Bathroom Bundle,"<a href=""https://shipper.stord.com/distribution_networks/a5d95507-781a-48fa-8b25-300938c92524/orders/f42fe01b-eb14-4ea9-b600-48b5e457b451"" target=""_blank"" style=""color:  #1463FF"">FF5224074</a>",FF5224074,backordered,ATLs001,Wild Cosmetics,WSOS284328,1,Medium,2026-06-26,D2C,1
"<a href=""https://shipper.stord.com/distribution_networks/a5d95507-781a-48fa-8b25-300938c92524/items/aa62ff26-9897-4af1-b2f3-e8234168ec75"" target=""_blank"" style=""color:  #1463FF"">WCR02</a>",Coconut & Vanilla Deodorant Refill,"<a href=""https://shipper.stord.com/distribution_networks/a5d95507-781a-48fa-8b25-300938c92524/orders/80631234-b139-4085-896b-e503fa48ec5a"" target=""_blank"" style=""color:  #1463FF"">FF5237939</a>",FF5237939,backordered,ATLs001,Wild,#5954413,3,Medium,2026-06-26,D2C,1
"<a href=""https://shipper.stord.com/distribution_networks/a5d95507-781a-48fa-8b25-300938c92524/items/aa62ff26-9897-4af1-b2f3-e8234168ec75"" target=""_blank"" style=""color:  #1463FF"">WCR02</a>",Coconut & Vanilla Deodorant Refill,"<a href=""https://shipper.stord.com/distribution_networks/a5d95507-781a-48fa-8b25-300938c92524/orders/7e7d37dd-be2d-4fb8-88a6-fa66026d579e"" target=""_blank"" style=""color:  #1463FF"">FF5238022</a>",FF5238022,backordered,ATLs001,Wild,#5954505,1,Medium,2026-06-26,D2C,1
"<a href=""https://shipper.stord.com/distribution_networks/a5d95507-781a-48fa-8b25-300938c92524/items/aa62ff26-9897-4af1-b2f3-e8234168ec75"" target=""_blank"" style=""color:  #1463FF"">WCR02</a>",Coconut & Vanilla Deodorant Refill,"<a href=""https://shipper.stord.com/distribution_networks/a5d95507-781a-48fa-8b25-300938c92524/orders/e2e89615-6172-4af7-9bbe-783fc295d005"" target=""_blank"" style=""color:  #1463FF"">FF5238052</a>",FF5238052,backordered,ATLs001,Wild,#5954525,1,Medium,2026-06-26,D2C,3
"<a href=""https://shipper.stord.com/distribution_networks/a5d95507-781a-48fa-8b25-300938c92524/items/05a3d329-44ea-4c98-bd79-136abb60f454"" target=""_blank"" style=""color:  #1463FF"">WCBWCP3657</a>",Body Wash Case: LSF Rosa Beaux,"<a href=""https://shipper.stord.com/distribution_networks/a5d95507-781a-48fa-8b25-300938c92524/orders/ae1b78ed-aa19-4a3b-9e3b-a7986f0559cb"" target=""_blank"" style=""color:  #1463FF"">FF5242018</a>",FF5242018,on_hold,ATLs001,Wild Cosmetics,WSOS284831,5,Medium,2026-06-26,D2C,1
"<a href=""https://shipper.stord.com/distribution_networks/a5d95507-781a-48fa-8b25-300938c92524/items/39484d25-4d70-49ba-854a-b1cf7fb01f4e"" target=""_blank"" style=""color:  #1463FF"">WCR3667</a>",Deo Refill: Hibiscus & Coconut,"<a href=""https://shipper.stord.com/distribution_networks/a5d95507-781a-48fa-8b25-300938c92524/orders/ae1b78ed-aa19-4a3b-9e3b-a7986f0559cb"" target=""_blank"" style=""color:  #1463FF"">FF5242018</a>",FF5242018,on_hold,ATLs001,Wild,WSOS284831,3,Medium,2026-06-26,D2C,1
"<a href=""https://shipper.stord.com/distribution_networks/a5d95507-781a-48fa-8b25-300938c92524/items/687ad695-e784-49cd-8ba6-9ce64ff6eea1"" target=""_blank"" style=""color:  #1463FF"">WCC3660</a>",Deo Case: LSF Sunrise Patchwork,"<a href=""https://shipper.stord.com/distribution_networks/a5d95507-781a-48fa-8b25-300938c92524/orders/ae1b78ed-aa19-4a3b-9e3b-a7986f0559cb"" target=""_blank"" style=""color:  #1463FF"">FF5242018</a>",FF5242018,on_hold,ATLs001,Wild Cosmetics,WSOS284831,6,Medium,2026-06-26,D2C,1
"<a href=""https://shipper.stord.com/distribution_networks/a5d95507-781a-48fa-8b25-300938c92524/items/b685efad-7f21-42fd-b4d9-5426fc87470c"" target=""_blank"" style=""color:  #1463FF"">WCROC3370</a>",Roll On Case: LSF Rose Heart,"<a href=""https://shipper.stord.com/distribution_networks/a5d95507-781a-48fa-8b25-300938c92524/orders/ae1b78ed-aa19-4a3b-9e3b-a7986f0559cb"" target=""_blank"" style=""color:  #1463FF"">FF5242018</a>",FF5242018,on_hold,ATLs001,Wild Cosmetics,WSOS284831,7,Medium,2026-06-26,D2C,1
"<a href=""https://shipper.stord.com/distribution_networks/a5d95507-781a-48fa-8b25-300938c92524/items/e40d59ae-cbdb-4e00-bb33-a7e06d3791d2"" target=""_blank"" style=""color:  #1463FF"">WCLC3666</a>",Lip Balm Case: LSF Everblooming Rosettes,"<a href=""https://shipper.stord.com/distribution_networks/a5d95507-781a-48fa-8b25-300938c92524/orders/ae1b78ed-aa19-4a3b-9e3b-a7986f0559cb"" target=""_blank"" style=""color:  #1463FF"">FF5242018</a>",FF5242018,on_hold,ATLs001,Wild Cosmetics,WSOS284831,1,Medium,2026-06-26,D2C,1
"<a href=""https://shipper.stord.com/distribution_networks/a5d95507-781a-48fa-8b25-300938c92524/items/e4cb1e6f-dbfe-41ad-ba2a-c7f6dfe623aa"" target=""_blank"" style=""color:  #1463FF"">WCLR3371</a>",Lip Balm Refill: Summer Berries,"<a href=""https://shipper.stord.com/distribution_networks/a5d95507-781a-48fa-8b25-300938c92524/orders/ae1b78ed-aa19-4a3b-9e3b-a7986f0559cb"" target=""_blank"" style=""color:  #1463FF"">FF5242018</a>",FF5242018,on_hold,ATLs001,Wild Cosmetics,WSOS284831,4,Medium,2026-06-26,D2C,1
"<a href=""https://shipper.stord.com/distribution_networks/a5d95507-781a-48fa-8b25-300938c92524/items/baa2253e-f516-4c60-9d7a-0bf2cce58799"" target=""_blank"" style=""color:  #1463FF"">WCBWR3667</a>",Body Wash Refill: Hibiscus & Coconut,"<a href=""https://shipper.stord.com/distribution_networks/a5d95507-781a-48fa-8b25-300938c92524/orders/ae1b78ed-aa19-4a3b-9e3b-a7986f0559cb"" target=""_blank"" style=""color:  #1463FF"">FF5242018</a>",FF5242018,on_hold,ATLs001,Wild Cosmetics,WSOS284831,8,Medium,2026-06-26,D2C,1
"<a href=""https://shipper.stord.com/distribution_networks/a5d95507-781a-48fa-8b25-300938c92524/items/4d05e916-c9e3-4f7e-9acc-66fc3dad8923"" target=""_blank"" style=""color:  #1463FF"">WCR3661</a>",Deo Refill: Pear Blossom,"<a href=""https://shipper.stord.com/distribution_networks/a5d95507-781a-48fa-8b25-300938c92524/orders/ae1b78ed-aa19-4a3b-9e3b-a7986f0559cb"" target=""_blank"" style=""color:  #1463FF"">FF5242018</a>",FF5242018,on_hold,ATLs001,Wild,WSOS284831,2,Medium,2026-06-26,D2C,1
"<a href=""https://shipper.stord.com/distribution_networks/a5d95507-781a-48fa-8b25-300938c92524/items/ef73603b-3704-4172-b1a6-5f6fde9006fb"" target=""_blank"" style=""color:  #1463FF"">WCLR3658</a>",Lip Balm Refill: Brown Sugar & Vanilla,"<a href=""https://shipper.stord.com/distribution_networks/a5d95507-781a-48fa-8b25-300938c92524/orders/ae1b78ed-aa19-4a3b-9e3b-a7986f0559cb"" target=""_blank"" style=""color:  #1463FF"">FF5242018</a>",FF5242018,on_hold,ATLs001,Wild Cosmetics,WSOS284831,9,Medium,2026-06-26,D2C,1
"<a href=""https://shipper.stord.com/distribution_networks/a5d95507-781a-48fa-8b25-300938c92524/items/892b9f90-4f1e-4194-8e0a-29d8723cb661"" target=""_blank"" style=""color:  #1463FF"">WRREF1876</a>",S'mores Duo Refill,"<a href=""https://shipper.stord.com/distribution_networks/a5d95507-781a-48fa-8b25-300938c92524/orders/bab359eb-9e86-4564-87cf-eb8efd887d2d"" target=""_blank"" style=""color:  #1463FF"">FF5243361</a>",FF5243361,backordered,ATLs001,Wild,US902353,10,Medium,2026-06-26,D2C,1
"<a href=""https://shipper.stord.com/distribution_networks/a5d95507-781a-48fa-8b25-300938c92524/items/8c838cdf-55d8-4031-92eb-7af7484d8143"" target=""_blank"" style=""color:  #1463FF"">WCRS1752</a>",Summer Breeze Sensitive Deodorant Refill,"<a href=""https://shipper.stord.com/distribution_networks/a5d95507-781a-48fa-8b25-300938c92524/orders/682f53a1-f0fd-41df-b413-9529dc08aa8d"" target=""_blank"" style=""color:  #1463FF"">FF5156491</a>",FF5156491,backordered,ATLs001,Wild,US870731R,1,Medium,2026-06-25,D2C,1
"<a href=""https://shipper.stord.com/distribution_networks/a5d95507-781a-48fa-8b25-300938c92524/items/aa62ff26-9897-4af1-b2f3-e8234168ec75"" target=""_blank"" style=""color:  #1463FF"">WCR02</a>",Coconut & Vanilla Deodorant Refill,"<a href=""https://shipper.stord.com/distribution_networks/a5d95507-781a-48fa-8b25-300938c92524/orders/9afd3254-aa5b-488b-a00b-065adb8ffcc3"" target=""_blank"" style=""color:  #1463FF"">FF5159577</a>",FF5159577,backordered,ATLs001,Wild,#5932502,1,Medium,2026-06-25,D2C,1
"<a href=""https://shipper.stord.com/distribution_networks/a5d95507-781a-48fa-8b25-300938c92524/items/53f8d4f8-f496-4959-9817-2b0cd8d4ceb8"" target=""_blank"" style=""color:  #1463FF"">WCBWR24</a>",Fresh Cotton Body Wash Refill,"<a href=""https://shipper.stord.com/distribution_networks/a5d95507-781a-48fa-8b25-300938c92524/orders/9afd3254-aa5b-488b-a00b-065adb8ffcc3"" target=""_blank"" style=""color:  #1463FF"">FF5159577</a>",FF5159577,backordered,ATLs001,Wild Cosmetics,#5932502,5,Medium,2026-06-25,D2C,1
"<a href=""https://shipper.stord.com/distribution_networks/a5d95507-781a-48fa-8b25-300938c92524/items/aa62ff26-9897-4af1-b2f3-e8234168ec75"" target=""_blank"" style=""color:  #1463FF"">WCR02</a>",Coconut & Vanilla Deodorant Refill,"<a href=""https://shipper.stord.com/distribution_networks/a5d95507-781a-48fa-8b25-300938c92524/orders/700ccf44-421d-41bb-b567-7454bd29f367"" target=""_blank"" style=""color:  #1463FF"">FF5159823</a>",FF5159823,backordered,ATLs001,Wild,#5932756,1,Medium,2026-06-25,D2C,1
"<a href=""https://shipper.stord.com/distribution_networks/a5d95507-781a-48fa-8b25-300938c92524/items/aa62ff26-9897-4af1-b2f3-e8234168ec75"" target=""_blank"" style=""color:  #1463FF"">WCR02</a>",Coconut & Vanilla Deodorant Refill,"<a href=""https://shipper.stord.com/distribution_networks/a5d95507-781a-48fa-8b25-300938c92524/orders/87df8596-f4d4-4031-a482-b053daac08b6"" target=""_blank"" style=""color:  #1463FF"">FF5160085</a>",FF5160085,backordered,ATLs001,Wild,#5933021,2,Medium,2026-06-25,D2C,1
"<a href=""https://shipper.stord.com/distribution_networks/a5d95507-781a-48fa-8b25-300938c92524/items/aa62ff26-9897-4af1-b2f3-e8234168ec75"" target=""_blank"" style=""color:  #1463FF"">WCR02</a>",Coconut & Vanilla Deodorant Refill,"<a href=""https://shipper.stord.com/distribution_networks/a5d95507-781a-48fa-8b25-300938c92524/orders/9b7886db-ded5-41b9-9a1c-5307db52d5df"" target=""_blank"" style=""color:  #1463FF"">FF5160267</a>",FF5160267,backordered,ATLs001,Wild,#5933213,1,Medium,2026-06-25,D2C,3
"<a href=""https://shipper.stord.com/distribution_networks/a5d95507-781a-48fa-8b25-300938c92524/items/aa62ff26-9897-4af1-b2f3-e8234168ec75"" target=""_blank"" style=""color:  #1463FF"">WCR02</a>",Coconut & Vanilla Deodorant Refill,"<a href=""https://shipper.stord.com/distribution_networks/a5d95507-781a-48fa-8b25-300938c92524/orders/d7e89f4c-25ad-4d8e-9b44-5ad1960e98b8"" target=""_blank"" style=""color:  #1463FF"">FF5164289</a>",FF5164289,backordered,ATLs001,Wild,#5933856,2,Medium,2026-06-25,D2C,1
"<a href=""https://shipper.stord.com/distribution_networks/a5d95507-781a-48fa-8b25-300938c92524/items/aa62ff26-9897-4af1-b2f3-e8234168ec75"" target=""_blank"" style=""color:  #1463FF"">WCR02</a>",Coconut & Vanilla Deodorant Refill,"<a href=""https://shipper.stord.com/distribution_networks/a5d95507-781a-48fa-8b25-300938c92524/orders/79555047-59b9-4031-8b93-b76074a7de32"" target=""_blank"" style=""color:  #1463FF"">FF5165453</a>",FF5165453,backordered,ATLs001,Wild,#5934222,2,Medium,2026-06-25,D2C,1
"<a href=""https://shipper.stord.com/distribution_networks/a5d95507-781a-48fa-8b25-300938c92524/items/aa62ff26-9897-4af1-b2f3-e8234168ec75"" target=""_blank"" style=""color:  #1463FF"">WCR02</a>",Coconut & Vanilla Deodorant Refill,"<a href=""https://shipper.stord.com/distribution_networks/a5d95507-781a-48fa-8b25-300938c92524/orders/bed4038c-a267-4148-9812-8ecff8955a89"" target=""_blank"" style=""color:  #1463FF"">FF5168698</a>",FF5168698,backordered,ATLs001,Wild,#5935131,2,Medium,2026-06-25,D2C,2
"<a href=""https://shipper.stord.com/distribution_networks/a5d95507-781a-48fa-8b25-300938c92524/items/54b1a6d7-07fc-4c09-938b-3dad6e22b9f5"" target=""_blank"" style=""color:  #1463FF"">WCRS1894</a>",Cola sens. Deodorant Refill,"<a href=""https://shipper.stord.com/distribution_networks/a5d95507-781a-48fa-8b25-300938c92524/orders/caae2ece-738e-4978-ae50-5ad5a01f5687"" target=""_blank"" style=""color:  #1463FF"">FF5182738</a>",FF5182738,backordered,ATLs001,Wild,WCS36664,7,Medium,2026-06-25,D2C,1
"<a href=""https://shipper.stord.com/distribution_networks/a5d95507-781a-48fa-8b25-300938c92524/items/aa62ff26-9897-4af1-b2f3-e8234168ec75"" target=""_blank"" style=""color:  #1463FF"">WCR02</a>",Coconut & Vanilla Deodorant Refill,"<a href=""https://shipper.stord.com/distribution_networks/a5d95507-781a-48fa-8b25-300938c92524/orders/9311cfbb-60b7-4755-b835-16e2463aed97"" target=""_blank"" style=""color:  #1463FF"">FF5227764</a>",FF5227764,backordered,ATLs001,Wild,#5951709,1,Medium,2026-06-25,D2C,3
"<a href=""https://shipper.stord.com/distribution_networks/a5d95507-781a-48fa-8b25-300938c92524/items/aa62ff26-9897-4af1-b2f3-e8234168ec75"" target=""_blank"" style=""color:  #1463FF"">WCR02</a>",Coconut & Vanilla Deodorant Refill,"<a href=""https://shipper.stord.com/distribution_networks/a5d95507-781a-48fa-8b25-300938c92524/orders/b2cb5029-7df6-41a2-86be-7e36a0553c17"" target=""_blank"" style=""color:  #1463FF"">FF5228077</a>",FF5228077,backordered,ATLs001,Wild,#5952013,1,Medium,2026-06-25,D2C,3
"<a href=""https://shipper.stord.com/distribution_networks/a5d95507-781a-48fa-8b25-300938c92524/items/d8b158fb-c1d8-40c5-b564-4be6d9f56e5c"" target=""_blank"" style=""color:  #1463FF"">WCRS1924</a>",Coconut Cream sens. Deo Refill,"<a href=""https://shipper.stord.com/distribution_networks/a5d95507-781a-48fa-8b25-300938c92524/orders/10f35c3a-a982-4bf4-a851-e53031d36da8"" target=""_blank"" style=""color:  #1463FF"">FF5232491</a>",FF5232491,backordered,ATLs001,Wild,US900711,3,Medium,2026-06-25,D2C,1
"<a href=""https://shipper.stord.com/distribution_networks/a5d95507-781a-48fa-8b25-300938c92524/items/14445ea6-5e23-4ead-8f95-89fb35ed7552"" target=""_blank"" style=""color:  #1463FF"">WCR3371</a>",Deo Refill: Summer Berries,"<a href=""https://shipper.stord.com/distribution_networks/a5d95507-781a-48fa-8b25-300938c92524/orders/491a3beb-32df-4f52-9889-770717883d99"" target=""_blank"" style=""color:  #1463FF"">FF5233938</a>",FF5233938,on_hold,ATLs001,Wild,WSOS284635,11,Medium,2026-06-25,D2C,1
"<a href=""https://shipper.stord.com/distribution_networks/a5d95507-781a-48fa-8b25-300938c92524/items/14445ea6-5e23-4ead-8f95-89fb35ed7552"" target=""_blank"" style=""color:  #1463FF"">WCR3371</a>",Deo Refill: Summer Berries,"<a href=""https://shipper.stord.com/distribution_networks/a5d95507-781a-48fa-8b25-300938c92524/orders/491a3beb-32df-4f52-9889-770717883d99"" target=""_blank"" style=""color:  #1463FF"">FF5233938</a>",FF5233938,on_hold,ATLs001,Wild,WSOS284635,2,Medium,2026-06-25,D2C,1
"<a href=""https://shipper.stord.com/distribution_networks/a5d95507-781a-48fa-8b25-300938c92524/items/ae57d961-7255-4559-a1d9-266e23537c28"" target=""_blank"" style=""color:  #1463FF"">WCROC3657</a>",Roll On Case: LSF Rosa Beaux,"<a href=""https://shipper.stord.com/distribution_networks/a5d95507-781a-48fa-8b25-300938c92524/orders/491a3beb-32df-4f52-9889-770717883d99"" target=""_blank"" style=""color:  #1463FF"">FF5233938</a>",FF5233938,on_hold,ATLs001,Wild Cosmetics,WSOS284635,8,Medium,2026-06-25,D2C,1
"<a href=""https://shipper.stord.com/distribution_networks/a5d95507-781a-48fa-8b25-300938c92524/items/492a3724-1cca-4289-ba41-b2e3f6e66d8a"" target=""_blank"" style=""color:  #1463FF"">WCR86</a>",Sandalwood & Patchouli Deodorant Refill,"<a href=""https://shipper.stord.com/distribution_networks/a5d95507-781a-48fa-8b25-300938c92524/orders/491a3beb-32df-4f52-9889-770717883d99"" target=""_blank"" style=""color:  #1463FF"">FF5233938</a>",FF5233938,on_hold,ATLs001,Wild,WSOS284635,3,Medium,2026-06-25,D2C,1
"<a href=""https://shipper.stord.com/distribution_networks/a5d95507-781a-48fa-8b25-300938c92524/items/b5343f6d-642e-42d4-9bf7-3e4b791a977a"" target=""_blank"" style=""color:  #1463FF"">WCR549</a>",Cherry Blossom Deodorant Refill,"<a href=""https://shipper.stord.com/distribution_networks/a5d95507-781a-48fa-8b25-300938c92524/orders/491a3beb-32df-4f52-9889-770717883d99"" target=""_blank"" style=""color:  #1463FF"">FF5233938</a>",FF5233938,on_hold,ATLs001,Wild,WSOS284635,5,Medium,2026-06-25,D2C,1
"<a href=""https://shipper.stord.com/distribution_networks/a5d95507-781a-48fa-8b25-300938c92524/items/e4cb1e6f-dbfe-41ad-ba2a-c7f6dfe623aa"" target=""_blank"" style=""color:  #1463FF"">WCLR3371</a>",Lip Balm Refill: Summer Berries,"<a href=""https://shipper.stord.com/distribution_networks/a5d95507-781a-48fa-8b25-300938c92524/orders/491a3beb-32df-4f52-9889-770717883d99"" target=""_blank"" style=""color:  #1463FF"">FF5233938</a>",FF5233938,on_hold,ATLs001,Wild Cosmetics,WSOS284635,12,Medium,2026-06-25,D2C,1
"<a href=""https://shipper.stord.com/distribution_networks/a5d95507-781a-48fa-8b25-300938c92524/items/b04014e0-3fa5-4eaa-a21e-8b20a72bd427"" target=""_blank"" style=""color:  #1463FF"">WCC3657</a>",Deo Case: LSF Rosa Beaux,"<a href=""https://shipper.stord.com/distribution_networks/a5d95507-781a-48fa-8b25-300938c92524/orders/491a3beb-32df-4f52-9889-770717883d99"" target=""_blank"" style=""color:  #1463FF"">FF5233938</a>",FF5233938,on_hold,ATLs001,Wild Cosmetics,WSOS284635,7,Medium,2026-06-25,D2C,1
"<a href=""https://shipper.stord.com/distribution_networks/a5d95507-781a-48fa-8b25-300938c92524/items/82002c31-e9d8-45b3-9078-acee52804f4e"" target=""_blank"" style=""color:  #1463FF"">WCBWR608</a>",Oud & Amber Body Wash Refill,"<a href=""https://shipper.stord.com/distribution_networks/a5d95507-781a-48fa-8b25-300938c92524/orders/491a3beb-32df-4f52-9889-770717883d99"" target=""_blank"" style=""color:  #1463FF"">FF5233938</a>",FF5233938,on_hold,ATLs001,Wild Cosmetics,WSOS284635,6,Medium,2026-06-25,D2C,1
"<a href=""https://shipper.stord.com/distribution_networks/a5d95507-781a-48fa-8b25-300938c92524/items/309f93f2-5088-48a5-873a-6fa98ed24896"" target=""_blank"" style=""color:  #1463FF"">WCLC3657</a>",Lip Balm Case: LSF Rosa Beaux,"<a href=""https://shipper.stord.com/distribution_networks/a5d95507-781a-48fa-8b25-300938c92524/orders/491a3beb-32df-4f52-9889-770717883d99"" target=""_blank"" style=""color:  #1463FF"">FF5233938</a>",FF5233938,on_hold,ATLs001,Wild Cosmetics,WSOS284635,9,Medium,2026-06-25,D2C,1
"<a href=""https://shipper.stord.com/distribution_networks/a5d95507-781a-48fa-8b25-300938c92524/items/38477675-65a1-4070-a12d-dcc90376ad16"" target=""_blank"" style=""color:  #1463FF"">WCC3295</a>",Deo Case: EBW Ladybird,"<a href=""https://shipper.stord.com/distribution_networks/a5d95507-781a-48fa-8b25-300938c92524/orders/491a3beb-32df-4f52-9889-770717883d99"" target=""_blank"" style=""color:  #1463FF"">FF5233938</a>",FF5233938,on_hold,ATLs001,Wild,WSOS284635,1,Medium,2026-06-25,D2C,1
"<a href=""https://shipper.stord.com/distribution_networks/a5d95507-781a-48fa-8b25-300938c92524/items/05a3d329-44ea-4c98-bd79-136abb60f454"" target=""_blank"" style=""color:  #1463FF"">WCBWCP3657</a>",Body Wash Case: LSF Rosa Beaux,"<a href=""https://shipper.stord.com/distribution_networks/a5d95507-781a-48fa-8b25-300938c92524/orders/491a3beb-32df-4f52-9889-770717883d99"" target=""_blank"" style=""color:  #1463FF"">FF5233938</a>",FF5233938,on_hold,ATLs001,Wild Cosmetics,WSOS284635,10,Medium,2026-06-25,D2C,1
"<a href=""https://shipper.stord.com/distribution_networks/a5d95507-781a-48fa-8b25-300938c92524/items/ccfdb407-5048-48cd-a27b-4ca98e4d9937"" target=""_blank"" style=""color:  #1463FF"">WCR3777</a>",Deo Refill: Island Paradise,"<a href=""https://shipper.stord.com/distribution_networks/a5d95507-781a-48fa-8b25-300938c92524/orders/491a3beb-32df-4f52-9889-770717883d99"" target=""_blank"" style=""color:  #1463FF"">FF5233938</a>",FF5233938,on_hold,ATLs001,Wild,WSOS284635,4,Medium,2026-06-25,D2C,1
"<a href=""https://shipper.stord.com/distribution_networks/a5d95507-781a-48fa-8b25-300938c92524/items/aa62ff26-9897-4af1-b2f3-e8234168ec75"" target=""_blank"" style=""color:  #1463FF"">WCR02</a>",Coconut & Vanilla Deodorant Refill,"<a href=""https://shipper.stord.com/distribution_networks/a5d95507-781a-48fa-8b25-300938c92524/orders/6e004380-ed30-4691-b4a9-7463cee3273d"" target=""_blank"" style=""color:  #1463FF"">FF5235194</a>",FF5235194,backordered,ATLs001,Wild,US901036,4,Medium,2026-06-25,D2C,3
"<a href=""https://shipper.stord.com/distribution_networks/a5d95507-781a-48fa-8b25-300938c92524/items/c3bc949d-1fc5-4aea-874f-2357a6bbf70f"" target=""_blank"" style=""color:  #1463FF"">WCROL20</a>",Roll On Roller: Purple,"<a href=""https://shipper.stord.com/distribution_networks/a5d95507-781a-48fa-8b25-300938c92524/orders/8d2714be-5877-46fa-812c-1f55038b5287"" target=""_blank"" style=""color:  #1463FF"">FF5203899</a>",FF5203899,backordered,ATLs001,Wild Cosmetics,#5945888,1,Medium,2026-06-24,D2C,1
"<a href=""https://shipper.stord.com/distribution_networks/a5d95507-781a-48fa-8b25-300938c92524/items/c3bc949d-1fc5-4aea-874f-2357a6bbf70f"" target=""_blank"" style=""color:  #1463FF"">WCROL20</a>",Roll On Roller: Purple,"<a href=""https://shipper.stord.com/distribution_networks/a5d95507-781a-48fa-8b25-300938c92524/orders/036fbd80-be3b-4bc9-bf0c-7d41208bbe56"" target=""_blank"" style=""color:  #1463FF"">FF5214543</a>",FF5214543,backordered,ATLs001,Wild Cosmetics,US897950,1,Medium,2026-06-24,D2C,1
"<a href=""https://shipper.stord.com/distribution_networks/a5d95507-781a-48fa-8b25-300938c92524/items/aa62ff26-9897-4af1-b2f3-e8234168ec75"" target=""_blank"" style=""color:  #1463FF"">WCR02</a>",Coconut & Vanilla Deodorant Refill,"<a href=""https://shipper.stord.com/distribution_networks/a5d95507-781a-48fa-8b25-300938c92524/orders/ee7de4e1-9cc1-48be-95e7-9901b8148c7d"" target=""_blank"" style=""color:  #1463FF"">FF5217015</a>",FF5217015,backordered,ATLs001,Wild,#5949453,1,Medium,2026-06-24,D2C,3
"<a href=""https://shipper.stord.com/distribution_networks/a5d95507-781a-48fa-8b25-300938c92524/items/baa2253e-f516-4c60-9d7a-0bf2cce58799"" target=""_blank"" style=""color:  #1463FF"">WCBWR3667</a>",Body Wash Refill: Hibiscus & Coconut,"<a href=""https://shipper.stord.com/distribution_networks/a5d95507-781a-48fa-8b25-300938c92524/orders/8f079aac-232c-4bfd-9951-c68faff0e86e"" target=""_blank"" style=""color:  #1463FF"">FF5223217</a>",FF5223217,on_hold,ATLs001,Wild Cosmetics,WSOS284153,6,Medium,2026-06-24,D2C,1
"<a href=""https://shipper.stord.com/distribution_networks/a5d95507-781a-48fa-8b25-300938c92524/items/b685efad-7f21-42fd-b4d9-5426fc87470c"" target=""_blank"" style=""color:  #1463FF"">WCROC3370</a>",Roll On Case: LSF Rose Heart,"<a href=""https://shipper.stord.com/distribution_networks/a5d95507-781a-48fa-8b25-300938c92524/orders/8f079aac-232c-4bfd-9951-c68faff0e86e"" target=""_blank"" style=""color:  #1463FF"">FF5223217</a>",FF5223217,on_hold,ATLs001,Wild Cosmetics,WSOS284153,4,Medium,2026-06-24,D2C,1
"<a href=""https://shipper.stord.com/distribution_networks/a5d95507-781a-48fa-8b25-300938c92524/items/e4cb1e6f-dbfe-41ad-ba2a-c7f6dfe623aa"" target=""_blank"" style=""color:  #1463FF"">WCLR3371</a>",Lip Balm Refill: Summer Berries,"<a href=""https://shipper.stord.com/distribution_networks/a5d95507-781a-48fa-8b25-300938c92524/orders/8f079aac-232c-4bfd-9951-c68faff0e86e"" target=""_blank"" style=""color:  #1463FF"">FF5223217</a>",FF5223217,on_hold,ATLs001,Wild Cosmetics,WSOS284153,8,Medium,2026-06-24,D2C,1
"<a href=""https://shipper.stord.com/distribution_networks/a5d95507-781a-48fa-8b25-300938c92524/items/ef73603b-3704-4172-b1a6-5f6fde9006fb"" target=""_blank"" style=""color:  #1463FF"">WCLR3658</a>",Lip Balm Refill: Brown Sugar & Vanilla,"<a href=""https://shipper.stord.com/distribution_networks/a5d95507-781a-48fa-8b25-300938c92524/orders/8f079aac-232c-4bfd-9951-c68faff0e86e"" target=""_blank"" style=""color:  #1463FF"">FF5223217</a>",FF5223217,on_hold,ATLs001,Wild Cosmetics,WSOS284153,3,Medium,2026-06-24,D2C,1
"<a href=""https://shipper.stord.com/distribution_networks/a5d95507-781a-48fa-8b25-300938c92524/items/05a3d329-44ea-4c98-bd79-136abb60f454"" target=""_blank"" style=""color:  #1463FF"">WCBWCP3657</a>",Body Wash Case: LSF Rosa Beaux,"<a href=""https://shipper.stord.com/distribution_networks/a5d95507-781a-48fa-8b25-300938c92524/orders/8f079aac-232c-4bfd-9951-c68faff0e86e"" target=""_blank"" style=""color:  #1463FF"">FF5223217</a>",FF5223217,on_hold,ATLs001,Wild Cosmetics,WSOS284153,1,Medium,2026-06-24,D2C,1
"<a href=""https://shipper.stord.com/distribution_networks/a5d95507-781a-48fa-8b25-300938c92524/items/4d05e916-c9e3-4f7e-9acc-66fc3dad8923"" target=""_blank"" style=""color:  #1463FF"">WCR3661</a>",Deo Refill: Pear Blossom,"<a href=""https://shipper.stord.com/distribution_networks/a5d95507-781a-48fa-8b25-300938c92524/orders/8f079aac-232c-4bfd-9951-c68faff0e86e"" target=""_blank"" style=""color:  #1463FF"">FF5223217</a>",FF5223217,on_hold,ATLs001,Wild,WSOS284153,9,Medium,2026-06-24,D2C,1
"<a href=""https://shipper.stord.com/distribution_networks/a5d95507-781a-48fa-8b25-300938c92524/items/e40d59ae-cbdb-4e00-bb33-a7e06d3791d2"" target=""_blank"" style=""color:  #1463FF"">WCLC3666</a>",Lip Balm Case: LSF Everblooming Rosettes,"<a href=""https://shipper.stord.com/distribution_networks/a5d95507-781a-48fa-8b25-300938c92524/orders/8f079aac-232c-4bfd-9951-c68faff0e86e"" target=""_blank"" style=""color:  #1463FF"">FF5223217</a>",FF5223217,on_hold,ATLs001,Wild Cosmetics,WSOS284153,2,Medium,2026-06-24,D2C,1
"<a href=""https://shipper.stord.com/distribution_networks/a5d95507-781a-48fa-8b25-300938c92524/items/687ad695-e784-49cd-8ba6-9ce64ff6eea1"" target=""_blank"" style=""color:  #1463FF"">WCC3660</a>",Deo Case: LSF Sunrise Patchwork,"<a href=""https://shipper.stord.com/distribution_networks/a5d95507-781a-48fa-8b25-300938c92524/orders/8f079aac-232c-4bfd-9951-c68faff0e86e"" target=""_blank"" style=""color:  #1463FF"">FF5223217</a>",FF5223217,on_hold,ATLs001,Wild Cosmetics,WSOS284153,7,Medium,2026-06-24,D2C,1
"<a href=""https://shipper.stord.com/distribution_networks/a5d95507-781a-48fa-8b25-300938c92524/items/39484d25-4d70-49ba-854a-b1cf7fb01f4e"" target=""_blank"" style=""color:  #1463FF"">WCR3667</a>",Deo Refill: Hibiscus & Coconut,"<a href=""https://shipper.stord.com/distribution_networks/a5d95507-781a-48fa-8b25-300938c92524/orders/8f079aac-232c-4bfd-9951-c68faff0e86e"" target=""_blank"" style=""color:  #1463FF"">FF5223217</a>",FF5223217,on_hold,ATLs001,Wild,WSOS284153,5,Medium,2026-06-24,D2C,1
"<a href=""https://shipper.stord.com/distribution_networks/a5d95507-781a-48fa-8b25-300938c92524/items/baa2253e-f516-4c60-9d7a-0bf2cce58799"" target=""_blank"" style=""color:  #1463FF"">WCBWR3667</a>",Body Wash Refill: Hibiscus & Coconut,"<a href=""https://shipper.stord.com/distribution_networks/a5d95507-781a-48fa-8b25-300938c92524/orders/7cb7ce06-a3a8-4525-995a-69bca359b9c0"" target=""_blank"" style=""color:  #1463FF"">FF5224173</a>",FF5224173,on_hold,ATLs001,Wild Cosmetics,WSOS284424,8,Medium,2026-06-24,D2C,1
"<a href=""https://shipper.stord.com/distribution_networks/a5d95507-781a-48fa-8b25-300938c92524/items/383904ec-7c05-459f-8713-5a46cea13043"" target=""_blank"" style=""color:  #1463FF"">WCRO02</a>",Roll On Refill: Coconut & Vanilla,"<a href=""https://shipper.stord.com/distribution_networks/a5d95507-781a-48fa-8b25-300938c92524/orders/7cb7ce06-a3a8-4525-995a-69bca359b9c0"" target=""_blank"" style=""color:  #1463FF"">FF5224173</a>",FF5224173,on_hold,ATLs001,Wild,WSOS284424,9,Medium,2026-06-24,D2C,1
"<a href=""https://shipper.stord.com/distribution_networks/a5d95507-781a-48fa-8b25-300938c92524/items/e4cb1e6f-dbfe-41ad-ba2a-c7f6dfe623aa"" target=""_blank"" style=""color:  #1463FF"">WCLR3371</a>",Lip Balm Refill: Summer Berries,"<a href=""https://shipper.stord.com/distribution_networks/a5d95507-781a-48fa-8b25-300938c92524/orders/7cb7ce06-a3a8-4525-995a-69bca359b9c0"" target=""_blank"" style=""color:  #1463FF"">FF5224173</a>",FF5224173,on_hold,ATLs001,Wild Cosmetics,WSOS284424,6,Medium,2026-06-24,D2C,1
"<a href=""https://shipper.stord.com/distribution_networks/a5d95507-781a-48fa-8b25-300938c92524/items/4d05e916-c9e3-4f7e-9acc-66fc3dad8923"" target=""_blank"" style=""color:  #1463FF"">WCR3661</a>",Deo Refill: Pear Blossom,"<a href=""https://shipper.stord.com/distribution_networks/a5d95507-781a-48fa-8b25-300938c92524/orders/7cb7ce06-a3a8-4525-995a-69bca359b9c0"" target=""_blank"" style=""color:  #1463FF"">FF5224173</a>",FF5224173,on_hold,ATLs001,Wild,WSOS284424,2,Medium,2026-06-24,D2C,1
"<a href=""https://shipper.stord.com/distribution_networks/a5d95507-781a-48fa-8b25-300938c92524/items/94408f68-399a-49ff-86c3-e447720120b9"" target=""_blank"" style=""color:  #1463FF"">WCBWR3371</a>",Body Wash Refill: Summer Berries,"<a href=""https://shipper.stord.com/distribution_networks/a5d95507-781a-48fa-8b25-300938c92524/orders/7cb7ce06-a3a8-4525-995a-69bca359b9c0"" target=""_blank"" style=""color:  #1463FF"">FF5224173</a>",FF5224173,on_hold,ATLs001,Wild Cosmetics,WSOS284424,1,Medium,2026-06-24,D2C,1
"<a href=""https://shipper.stord.com/distribution_networks/a5d95507-781a-48fa-8b25-300938c92524/items/e40d59ae-cbdb-4e00-bb33-a7e06d3791d2"" target=""_blank"" style=""color:  #1463FF"">WCLC3666</a>",Lip Balm Case: LSF Everblooming Rosettes,"<a href=""https://shipper.stord.com/distribution_networks/a5d95507-781a-48fa-8b25-300938c92524/orders/7cb7ce06-a3a8-4525-995a-69bca359b9c0"" target=""_blank"" style=""color:  #1463FF"">FF5224173</a>",FF5224173,on_hold,ATLs001,Wild Cosmetics,WSOS284424,3,Medium,2026-06-24,D2C,1
"<a href=""https://shipper.stord.com/distribution_networks/a5d95507-781a-48fa-8b25-300938c92524/items/84eea5db-63f0-4935-9694-875df99ef899"" target=""_blank"" style=""color:  #1463FF"">WCRO24</a>",Roll On Refill: Fresh Cotton & Sea Salt,"<a href=""https://shipper.stord.com/distribution_networks/a5d95507-781a-48fa-8b25-300938c92524/orders/7cb7ce06-a3a8-4525-995a-69bca359b9c0"" target=""_blank"" style=""color:  #1463FF"">FF5224173</a>",FF5224173,on_hold,ATLs001,Wild,WSOS284424,4,Medium,2026-06-24,D2C,1
"<a href=""https://shipper.stord.com/distribution_networks/a5d95507-781a-48fa-8b25-300938c92524/items/05a3d329-44ea-4c98-bd79-136abb60f454"" target=""_blank"" style=""color:  #1463FF"">WCBWCP3657</a>",Body Wash Case: LSF Rosa Beaux,"<a href=""https://shipper.stord.com/distribution_networks/a5d95507-781a-48fa-8b25-300938c92524/orders/7cb7ce06-a3a8-4525-995a-69bca359b9c0"" target=""_blank"" style=""color:  #1463FF"">FF5224173</a>",FF5224173,on_hold,ATLs001,Wild Cosmetics,WSOS284424,7,Medium,2026-06-24,D2C,1
"<a href=""https://shipper.stord.com/distribution_networks/a5d95507-781a-48fa-8b25-300938c92524/items/39484d25-4d70-49ba-854a-b1cf7fb01f4e"" target=""_blank"" style=""color:  #1463FF"">WCR3667</a>",Deo Refill: Hibiscus & Coconut,"<a href=""https://shipper.stord.com/distribution_networks/a5d95507-781a-48fa-8b25-300938c92524/orders/7cb7ce06-a3a8-4525-995a-69bca359b9c0"" target=""_blank"" style=""color:  #1463FF"">FF5224173</a>",FF5224173,on_hold,ATLs001,Wild,WSOS284424,12,Medium,2026-06-24,D2C,1
"<a href=""https://shipper.stord.com/distribution_networks/a5d95507-781a-48fa-8b25-300938c92524/items/687ad695-e784-49cd-8ba6-9ce64ff6eea1"" target=""_blank"" style=""color:  #1463FF"">WCC3660</a>",Deo Case: LSF Sunrise Patchwork,"<a href=""https://shipper.stord.com/distribution_networks/a5d95507-781a-48fa-8b25-300938c92524/orders/7cb7ce06-a3a8-4525-995a-69bca359b9c0"" target=""_blank"" style=""color:  #1463FF"">FF5224173</a>",FF5224173,on_hold,ATLs001,Wild Cosmetics,WSOS284424,5,Medium,2026-06-24,D2C,1
"<a href=""https://shipper.stord.com/distribution_networks/a5d95507-781a-48fa-8b25-300938c92524/items/ef73603b-3704-4172-b1a6-5f6fde9006fb"" target=""_blank"" style=""color:  #1463FF"">WCLR3658</a>",Lip Balm Refill: Brown Sugar & Vanilla,"<a href=""https://shipper.stord.com/distribution_networks/a5d95507-781a-48fa-8b25-300938c92524/orders/7cb7ce06-a3a8-4525-995a-69bca359b9c0"" target=""_blank"" style=""color:  #1463FF"">FF5224173</a>",FF5224173,on_hold,ATLs001,Wild Cosmetics,WSOS284424,11,Medium,2026-06-24,D2C,1
"<a href=""https://shipper.stord.com/distribution_networks/a5d95507-781a-48fa-8b25-300938c92524/items/b685efad-7f21-42fd-b4d9-5426fc87470c"" target=""_blank"" style=""color:  #1463FF"">WCROC3370</a>",Roll On Case: LSF Rose Heart,"<a href=""https://shipper.stord.com/distribution_networks/a5d95507-781a-48fa-8b25-300938c92524/orders/7cb7ce06-a3a8-4525-995a-69bca359b9c0"" target=""_blank"" style=""color:  #1463FF"">FF5224173</a>",FF5224173,on_hold,ATLs001,Wild Cosmetics,WSOS284424,10,Medium,2026-06-24,D2C,1
"<a href=""https://shipper.stord.com/distribution_networks/a5d95507-781a-48fa-8b25-300938c92524/items/841feed4-fb28-42ba-8ed5-27da7d1334dc"" target=""_blank"" style=""color:  #1463FF"">WCROL747</a>",Roll On Roller: Blue (Bee),"<a href=""https://shipper.stord.com/distribution_networks/a5d95507-781a-48fa-8b25-300938c92524/orders/78e83fcc-a560-4cc8-ba69-14ab6cdb1734"" target=""_blank"" style=""color:  #1463FF"">FF5113783</a>",FF5113783,backordered,,Wild Cosmetics,US873135,1,Medium,2026-06-23,D2C,1
"<a href=""https://shipper.stord.com/distribution_networks/a5d95507-781a-48fa-8b25-300938c92524/items/aa62ff26-9897-4af1-b2f3-e8234168ec75"" target=""_blank"" style=""color:  #1463FF"">WCR02</a>",Coconut & Vanilla Deodorant Refill,"<a href=""https://shipper.stord.com/distribution_networks/a5d95507-781a-48fa-8b25-300938c92524/orders/8e9565d2-7cf6-4ad3-bcd3-868764ccddb8"" target=""_blank"" style=""color:  #1463FF"">FF5207165</a>",FF5207165,backordered,ATLs001,Wild,#5946673,3,Medium,2026-06-23,D2C,1
"<a href=""https://shipper.stord.com/distribution_networks/a5d95507-781a-48fa-8b25-300938c92524/items/aa62ff26-9897-4af1-b2f3-e8234168ec75"" target=""_blank"" style=""color:  #1463FF"">WCR02</a>",Coconut & Vanilla Deodorant Refill,"<a href=""https://shipper.stord.com/distribution_networks/a5d95507-781a-48fa-8b25-300938c92524/orders/a2e8b6b5-a876-495f-b7c8-c3008975231c"" target=""_blank"" style=""color:  #1463FF"">FF5207548</a>",FF5207548,backordered,ATLs001,Wild,#5947043,1,Medium,2026-06-23,D2C,3
"<a href=""https://shipper.stord.com/distribution_networks/a5d95507-781a-48fa-8b25-300938c92524/items/aa62ff26-9897-4af1-b2f3-e8234168ec75"" target=""_blank"" style=""color:  #1463FF"">WCR02</a>",Coconut & Vanilla Deodorant Refill,"<a href=""https://shipper.stord.com/distribution_networks/a5d95507-781a-48fa-8b25-300938c92524/orders/d553fe16-f84b-48c5-a0d2-317578670286"" target=""_blank"" style=""color:  #1463FF"">FF5207630</a>",FF5207630,backordered,ATLs001,Wild,#5947143,3,Medium,2026-06-23,D2C,1
"<a href=""https://shipper.stord.com/distribution_networks/a5d95507-781a-48fa-8b25-300938c92524/items/aa62ff26-9897-4af1-b2f3-e8234168ec75"" target=""_blank"" style=""color:  #1463FF"">WCR02</a>",Coconut & Vanilla Deodorant Refill,"<a href=""https://shipper.stord.com/distribution_networks/a5d95507-781a-48fa-8b25-300938c92524/orders/f3573964-e52f-46e3-9a98-20306e3ad572"" target=""_blank"" style=""color:  #1463FF"">FF5207908</a>",FF5207908,backordered,ATLs001,Wild,#5947393,3,Medium,2026-06-23,D2C,1
"<a href=""https://shipper.stord.com/distribution_networks/a5d95507-781a-48fa-8b25-300938c92524/items/8c838cdf-55d8-4031-92eb-7af7484d8143"" target=""_blank"" style=""color:  #1463FF"">WCRS1752</a>",Summer Breeze Sensitive Deodorant Refill,"<a href=""https://shipper.stord.com/distribution_networks/a5d95507-781a-48fa-8b25-300938c92524/orders/c7077b82-bc41-4b7c-a9fc-96a2a3ceb232"" target=""_blank"" style=""color:  #1463FF"">FF5209222</a>",FF5209222,backordered,ATLs001,Wild,US897043,1,Medium,2026-06-23,D2C,1
"<a href=""https://shipper.stord.com/distribution_networks/a5d95507-781a-48fa-8b25-300938c92524/items/aa62ff26-9897-4af1-b2f3-e8234168ec75"" target=""_blank"" style=""color:  #1463FF"">WCR02</a>",Coconut & Vanilla Deodorant Refill,"<a href=""https://shipper.stord.com/distribution_networks/a5d95507-781a-48fa-8b25-300938c92524/orders/1ab9acae-d7e4-4763-927f-229f9673698c"" target=""_blank"" style=""color:  #1463FF"">FF5213071</a>",FF5213071,backordered,ATLs001,Wild,US897662,2,Medium,2026-06-23,D2C,3
"<a href=""https://shipper.stord.com/distribution_networks/a5d95507-781a-48fa-8b25-300938c92524/items/aa62ff26-9897-4af1-b2f3-e8234168ec75"" target=""_blank"" style=""color:  #1463FF"">WCR02</a>",Coconut & Vanilla Deodorant Refill,"<a href=""https://shipper.stord.com/distribution_networks/a5d95507-781a-48fa-8b25-300938c92524/orders/4f070cce-c637-449c-a340-36e52e496719"" target=""_blank"" style=""color:  #1463FF"">FF5213073</a>",FF5213073,backordered,ATLs001,Wild,US897661,1,Medium,2026-06-23,D2C,3
"<a href=""https://shipper.stord.com/distribution_networks/a5d95507-781a-48fa-8b25-300938c92524/items/aa62ff26-9897-4af1-b2f3-e8234168ec75"" target=""_blank"" style=""color:  #1463FF"">WCR02</a>",Coconut & Vanilla Deodorant Refill,"<a href=""https://shipper.stord.com/distribution_networks/a5d95507-781a-48fa-8b25-300938c92524/orders/c9a9c77c-a556-4fa5-bd36-6caa9cd762a1"" target=""_blank"" style=""color:  #1463FF"">FF5213074</a>",FF5213074,backordered,ATLs001,Wild,US897664,2,Medium,2026-06-23,D2C,3
"<a href=""https://shipper.stord.com/distribution_networks/a5d95507-781a-48fa-8b25-300938c92524/items/aa62ff26-9897-4af1-b2f3-e8234168ec75"" target=""_blank"" style=""color:  #1463FF"">WCR02</a>",Coconut & Vanilla Deodorant Refill,"<a href=""https://shipper.stord.com/distribution_networks/a5d95507-781a-48fa-8b25-300938c92524/orders/a60ed4de-9627-4930-81ae-4b608b6727d8"" target=""_blank"" style=""color:  #1463FF"">FF5213078</a>",FF5213078,backordered,ATLs001,Wild,US897667,2,Medium,2026-06-23,D2C,3
"<a href=""https://shipper.stord.com/distribution_networks/a5d95507-781a-48fa-8b25-300938c92524/items/aa62ff26-9897-4af1-b2f3-e8234168ec75"" target=""_blank"" style=""color:  #1463FF"">WCR02</a>",Coconut & Vanilla Deodorant Refill,"<a href=""https://shipper.stord.com/distribution_networks/a5d95507-781a-48fa-8b25-300938c92524/orders/9f3da264-0447-457b-9d91-2c60e7bc5178"" target=""_blank"" style=""color:  #1463FF"">FF5214936</a>",FF5214936,backordered,ATLs001,Wild,US898016,2,Medium,2026-06-23,D2C,3
"<a href=""https://shipper.stord.com/distribution_networks/a5d95507-781a-48fa-8b25-300938c92524/items/aa62ff26-9897-4af1-b2f3-e8234168ec75"" target=""_blank"" style=""color:  #1463FF"">WCR02</a>",Coconut & Vanilla Deodorant Refill,"<a href=""https://shipper.stord.com/distribution_networks/a5d95507-781a-48fa-8b25-300938c92524/orders/27ec03d0-2a42-4f7e-ba3e-3719368704a3"" target=""_blank"" style=""color:  #1463FF"">FF5215257</a>",FF5215257,backordered,ATLs001,Wild,US898080,2,Medium,2026-06-23,D2C,3
"<a href=""https://shipper.stord.com/distribution_networks/a5d95507-781a-48fa-8b25-300938c92524/items/aa62ff26-9897-4af1-b2f3-e8234168ec75"" target=""_blank"" style=""color:  #1463FF"">WCR02</a>",Coconut & Vanilla Deodorant Refill,"<a href=""https://shipper.stord.com/distribution_networks/a5d95507-781a-48fa-8b25-300938c92524/orders/aceea11e-d8a6-4ec2-9047-4bc3a57a9cb1"" target=""_blank"" style=""color:  #1463FF"">FF5109714</a>",FF5109714,backordered,ATLs001,Wild,#5917697,2,Medium,2026-06-22,D2C,1
"<a href=""https://shipper.stord.com/distribution_networks/a5d95507-781a-48fa-8b25-300938c92524/items/aa62ff26-9897-4af1-b2f3-e8234168ec75"" target=""_blank"" style=""color:  #1463FF"">WCR02</a>",Coconut & Vanilla Deodorant Refill,"<a href=""https://shipper.stord.com/distribution_networks/a5d95507-781a-48fa-8b25-300938c92524/orders/686d60a4-e47d-41d4-9432-e5d58567eeba"" target=""_blank"" style=""color:  #1463FF"">FF5200345</a>",FF5200345,backordered,ATLs001,Wild,US894859,2,Medium,2026-06-22,D2C,3
"<a href=""https://shipper.stord.com/distribution_networks/a5d95507-781a-48fa-8b25-300938c92524/items/aa62ff26-9897-4af1-b2f3-e8234168ec75"" target=""_blank"" style=""color:  #1463FF"">WCR02</a>",Coconut & Vanilla Deodorant Refill,"<a href=""https://shipper.stord.com/distribution_networks/a5d95507-781a-48fa-8b25-300938c92524/orders/3a658e5f-ffc6-4e0b-985a-9a92bc2682a8"" target=""_blank"" style=""color:  #1463FF"">FF5203317</a>",FF5203317,backordered,ATLs001,Wild,US895625,1,Medium,2026-06-22,D2C,3
"<a href=""https://shipper.stord.com/distribution_networks/a5d95507-781a-48fa-8b25-300938c92524/items/aa62ff26-9897-4af1-b2f3-e8234168ec75"" target=""_blank"" style=""color:  #1463FF"">WCR02</a>",Coconut & Vanilla Deodorant Refill,"<a href=""https://shipper.stord.com/distribution_networks/a5d95507-781a-48fa-8b25-300938c92524/orders/3124bc9e-2de6-4476-903e-11e887aab30c"" target=""_blank"" style=""color:  #1463FF"">FF5206074</a>",FF5206074,backordered,ATLs001,Wild,US896297,1,Medium,2026-06-22,D2C,3
"<a href=""https://shipper.stord.com/distribution_networks/a5d95507-781a-48fa-8b25-300938c92524/items/aa62ff26-9897-4af1-b2f3-e8234168ec75"" target=""_blank"" style=""color:  #1463FF"">WCR02</a>",Coconut & Vanilla Deodorant Refill,"<a href=""https://shipper.stord.com/distribution_networks/a5d95507-781a-48fa-8b25-300938c92524/orders/4c7440da-3493-46d5-88f4-268a8c884574"" target=""_blank"" style=""color:  #1463FF"">FF5192705</a>",FF5192705,backordered,ATLs001,Wild,#5942409,1,Medium,2026-06-21,D2C,4
"<a href=""https://shipper.stord.com/distribution_networks/a5d95507-781a-48fa-8b25-300938c92524/items/aa62ff26-9897-4af1-b2f3-e8234168ec75"" target=""_blank"" style=""color:  #1463FF"">WCR02</a>",Coconut & Vanilla Deodorant Refill,"<a href=""https://shipper.stord.com/distribution_networks/a5d95507-781a-48fa-8b25-300938c92524/orders/6267c5c3-eb95-4506-a2be-af423afc9d90"" target=""_blank"" style=""color:  #1463FF"">FF5192865</a>",FF5192865,backordered,ATLs001,Wild,#5942563,1,Medium,2026-06-21,D2C,3
"<a href=""https://shipper.stord.com/distribution_networks/a5d95507-781a-48fa-8b25-300938c92524/items/aa62ff26-9897-4af1-b2f3-e8234168ec75"" target=""_blank"" style=""color:  #1463FF"">WCR02</a>",Coconut & Vanilla Deodorant Refill,"<a href=""https://shipper.stord.com/distribution_networks/a5d95507-781a-48fa-8b25-300938c92524/orders/5ad1e994-96c3-4c10-ac13-2b66e41a0d23"" target=""_blank"" style=""color:  #1463FF"">FF5185942</a>",FF5185942,backordered,ATLs001,Wild,#5940433,2,Medium,2026-06-20,D2C,1
"<a href=""https://shipper.stord.com/distribution_networks/a5d95507-781a-48fa-8b25-300938c92524/items/aa62ff26-9897-4af1-b2f3-e8234168ec75"" target=""_blank"" style=""color:  #1463FF"">WCR02</a>",Coconut & Vanilla Deodorant Refill,"<a href=""https://shipper.stord.com/distribution_networks/a5d95507-781a-48fa-8b25-300938c92524/orders/5ad1e994-96c3-4c10-ac13-2b66e41a0d23"" target=""_blank"" style=""color:  #1463FF"">FF5185942</a>",FF5185942,backordered,ATLs001,Wild,#5940433,3,Medium,2026-06-20,D2C,1
"<a href=""https://shipper.stord.com/distribution_networks/a5d95507-781a-48fa-8b25-300938c92524/items/aa62ff26-9897-4af1-b2f3-e8234168ec75"" target=""_blank"" style=""color:  #1463FF"">WCR02</a>",Coconut & Vanilla Deodorant Refill,"<a href=""https://shipper.stord.com/distribution_networks/a5d95507-781a-48fa-8b25-300938c92524/orders/078f0efc-8714-458c-abc5-16ea05c2c716"" target=""_blank"" style=""color:  #1463FF"">FF5186121</a>",FF5186121,backordered,ATLs001,Wild,#5940614,1,Medium,2026-06-20,D2C,3
"<a href=""https://shipper.stord.com/distribution_networks/a5d95507-781a-48fa-8b25-300938c92524/items/aa62ff26-9897-4af1-b2f3-e8234168ec75"" target=""_blank"" style=""color:  #1463FF"">WCR02</a>",Coconut & Vanilla Deodorant Refill,"<a href=""https://shipper.stord.com/distribution_networks/a5d95507-781a-48fa-8b25-300938c92524/orders/c4a770a4-87e0-4e45-9136-4681eb6e621a"" target=""_blank"" style=""color:  #1463FF"">FF5095487</a>",FF5095487,backordered,ATLs001,Wild,#5914096,8,Medium,2026-06-19,D2C,1
"<a href=""https://shipper.stord.com/distribution_networks/a5d95507-781a-48fa-8b25-300938c92524/items/aa62ff26-9897-4af1-b2f3-e8234168ec75"" target=""_blank"" style=""color:  #1463FF"">WCR02</a>",Coconut & Vanilla Deodorant Refill,"<a href=""https://shipper.stord.com/distribution_networks/a5d95507-781a-48fa-8b25-300938c92524/orders/27610a34-6361-4918-8892-fb8e380879e7"" target=""_blank"" style=""color:  #1463FF"">FF5177035</a>",FF5177035,backordered,ATLs001,Wild,#5937360,1,Medium,2026-06-19,D2C,1
"<a href=""https://shipper.stord.com/distribution_networks/a5d95507-781a-48fa-8b25-300938c92524/items/aa62ff26-9897-4af1-b2f3-e8234168ec75"" target=""_blank"" style=""color:  #1463FF"">WCR02</a>",Coconut & Vanilla Deodorant Refill,"<a href=""https://shipper.stord.com/distribution_networks/a5d95507-781a-48fa-8b25-300938c92524/orders/b14ce1d4-bd53-4313-918c-bf1c30044db3"" target=""_blank"" style=""color:  #1463FF"">FF5177457</a>",FF5177457,backordered,ATLs001,Wild,#5937804,1,Medium,2026-06-19,D2C,3
"<a href=""https://shipper.stord.com/distribution_networks/a5d95507-781a-48fa-8b25-300938c92524/items/aa62ff26-9897-4af1-b2f3-e8234168ec75"" target=""_blank"" style=""color:  #1463FF"">WCR02</a>",Coconut & Vanilla Deodorant Refill,"<a href=""https://shipper.stord.com/distribution_networks/a5d95507-781a-48fa-8b25-300938c92524/orders/1f1f3673-6c52-4071-8c6d-65582410022e"" target=""_blank"" style=""color:  #1463FF"">FF5177948</a>",FF5177948,backordered,ATLs001,Wild,#5938270,1,Medium,2026-06-19,D2C,3
"<a href=""https://shipper.stord.com/distribution_networks/a5d95507-781a-48fa-8b25-300938c92524/items/aa62ff26-9897-4af1-b2f3-e8234168ec75"" target=""_blank"" style=""color:  #1463FF"">WCR02</a>",Coconut & Vanilla Deodorant Refill,"<a href=""https://shipper.stord.com/distribution_networks/a5d95507-781a-48fa-8b25-300938c92524/orders/4da36258-6c89-4dbe-916a-e83066b96cdd"" target=""_blank"" style=""color:  #1463FF"">FF5178200</a>",FF5178200,backordered,ATLs001,Wild,#5938504,1,Medium,2026-06-19,D2C,3
"<a href=""https://shipper.stord.com/distribution_networks/a5d95507-781a-48fa-8b25-300938c92524/items/2996e3df-5cdb-422d-92e7-c8c77f58d10b"" target=""_blank"" style=""color:  #1463FF"">WCR251</a>",Elderflower & Cucumber Deo Refill,"<a href=""https://shipper.stord.com/distribution_networks/a5d95507-781a-48fa-8b25-300938c92524/orders/45a62deb-fd08-4bc8-bd59-acfe2120189d"" target=""_blank"" style=""color:  #1463FF"">FF5178731</a>",FF5178731,on_hold,ATLs001,Wild,US889676,7,Medium,2026-06-19,D2C,1
"<a href=""https://shipper.stord.com/distribution_networks/a5d95507-781a-48fa-8b25-300938c92524/items/94bcdb54-c2ad-42f4-b307-15a41e41a6c3"" target=""_blank"" style=""color:  #1463FF"">WMIN24</a>",Fresh Cotton mini deodorant,"<a href=""https://shipper.stord.com/distribution_networks/a5d95507-781a-48fa-8b25-300938c92524/orders/45a62deb-fd08-4bc8-bd59-acfe2120189d"" target=""_blank"" style=""color:  #1463FF"">FF5178731</a>",FF5178731,on_hold,ATLs001,Wild,US889676,9,Medium,2026-06-19,D2C,2
"<a href=""https://shipper.stord.com/distribution_networks/a5d95507-781a-48fa-8b25-300938c92524/items/b1038e06-ce34-498a-9ab8-4d5ee8cdd6a3"" target=""_blank"" style=""color:  #1463FF"">WCC3773</a>",Deo Case: Disney Princess,"<a href=""https://shipper.stord.com/distribution_networks/a5d95507-781a-48fa-8b25-300938c92524/orders/45a62deb-fd08-4bc8-bd59-acfe2120189d"" target=""_blank"" style=""color:  #1463FF"">FF5178731</a>",FF5178731,on_hold,ATLs001,Wild Cosmetics,US889676,13,Medium,2026-06-19,D2C,1
"<a href=""https://shipper.stord.com/distribution_networks/a5d95507-781a-48fa-8b25-300938c92524/items/2b0f8d81-d853-4f2a-8040-d4022a32477e"" target=""_blank"" style=""color:  #1463FF"">WCROC3130</a>",Roll On Case: Leopard,"<a href=""https://shipper.stord.com/distribution_networks/a5d95507-781a-48fa-8b25-300938c92524/orders/45a62deb-fd08-4bc8-bd59-acfe2120189d"" target=""_blank"" style=""color:  #1463FF"">FF5178731</a>",FF5178731,on_hold,ATLs001,Wild,US889676,4,Medium,2026-06-19,D2C,1
"<a href=""https://shipper.stord.com/distribution_networks/a5d95507-781a-48fa-8b25-300938c92524/items/ccfdb407-5048-48cd-a27b-4ca98e4d9937"" target=""_blank"" style=""color:  #1463FF"">WCR3777</a>",Deo Refill: Island Paradise,"<a href=""https://shipper.stord.com/distribution_networks/a5d95507-781a-48fa-8b25-300938c92524/orders/45a62deb-fd08-4bc8-bd59-acfe2120189d"" target=""_blank"" style=""color:  #1463FF"">FF5178731</a>",FF5178731,on_hold,ATLs001,Wild,US889676,12,Medium,2026-06-19,D2C,1
"<a href=""https://shipper.stord.com/distribution_networks/a5d95507-781a-48fa-8b25-300938c92524/items/2762b5c0-6f1d-4d59-a1d2-908ebec83db4"" target=""_blank"" style=""color:  #1463FF"">WCRO549</a>",Roll On Refill: Cherry Blossom,"<a href=""https://shipper.stord.com/distribution_networks/a5d95507-781a-48fa-8b25-300938c92524/orders/45a62deb-fd08-4bc8-bd59-acfe2120189d"" target=""_blank"" style=""color:  #1463FF"">FF5178731</a>",FF5178731,on_hold,ATLs001,Wild,US889676,2,Medium,2026-06-19,D2C,1
"<a href=""https://shipper.stord.com/distribution_networks/a5d95507-781a-48fa-8b25-300938c92524/items/383904ec-7c05-459f-8713-5a46cea13043"" target=""_blank"" style=""color:  #1463FF"">WCRO02</a>",Roll On Refill: Coconut & Vanilla,"<a href=""https://shipper.stord.com/distribution_networks/a5d95507-781a-48fa-8b25-300938c92524/orders/45a62deb-fd08-4bc8-bd59-acfe2120189d"" target=""_blank"" style=""color:  #1463FF"">FF5178731</a>",FF5178731,on_hold,ATLs001,Wild,US889676,3,Medium,2026-06-19,D2C,1
"<a href=""https://shipper.stord.com/distribution_networks/a5d95507-781a-48fa-8b25-300938c92524/items/70f5a9de-b709-4f07-9611-d1cf44f3bd99"" target=""_blank"" style=""color:  #1463FF"">WCLR1245</a>",Vanilla Frost Lip Balm,"<a href=""https://shipper.stord.com/distribution_networks/a5d95507-781a-48fa-8b25-300938c92524/orders/45a62deb-fd08-4bc8-bd59-acfe2120189d"" target=""_blank"" style=""color:  #1463FF"">FF5178731</a>",FF5178731,on_hold,ATLs001,Wild,US889676,1,Medium,2026-06-19,D2C,1
"<a href=""https://shipper.stord.com/distribution_networks/a5d95507-781a-48fa-8b25-300938c92524/items/3efd2806-3212-4fec-8252-9187c7753174"" target=""_blank"" style=""color:  #1463FF"">WCR348</a>",Mint & Aloe Vera Deodorant Refill,"<a href=""https://shipper.stord.com/distribution_networks/a5d95507-781a-48fa-8b25-300938c92524/orders/45a62deb-fd08-4bc8-bd59-acfe2120189d"" target=""_blank"" style=""color:  #1463FF"">FF5178731</a>",FF5178731,on_hold,ATLs001,Wild,US889676,6,Medium,2026-06-19,D2C,1
"<a href=""https://shipper.stord.com/distribution_networks/a5d95507-781a-48fa-8b25-300938c92524/items/43eb8922-f2c2-445a-b412-3e91395e0616"" target=""_blank"" style=""color:  #1463FF"">W_ENGRAVED_DEO</a>",W_ENGRAVED_DEO,"<a href=""https://shipper.stord.com/distribution_networks/a5d95507-781a-48fa-8b25-300938c92524/orders/45a62deb-fd08-4bc8-bd59-acfe2120189d"" target=""_blank"" style=""color:  #1463FF"">FF5178731</a>",FF5178731,on_hold,ATLs001,,US889676,5,Medium,2026-06-19,D2C,1
"<a href=""https://shipper.stord.com/distribution_networks/a5d95507-781a-48fa-8b25-300938c92524/items/b1038e06-ce34-498a-9ab8-4d5ee8cdd6a3"" target=""_blank"" style=""color:  #1463FF"">WCC3773</a>",Deo Case: Disney Princess,"<a href=""https://shipper.stord.com/distribution_networks/a5d95507-781a-48fa-8b25-300938c92524/orders/45a62deb-fd08-4bc8-bd59-acfe2120189d"" target=""_blank"" style=""color:  #1463FF"">FF5178731</a>",FF5178731,on_hold,ATLs001,Wild Cosmetics,US889676,8,Medium,2026-06-19,D2C,1
"<a href=""https://shipper.stord.com/distribution_networks/a5d95507-781a-48fa-8b25-300938c92524/items/d8d837a4-4580-4003-8a52-a7c9acf0455e"" target=""_blank"" style=""color:  #1463FF"">WCR3776</a>",Deo Refill: Enchanted Bloom,"<a href=""https://shipper.stord.com/distribution_networks/a5d95507-781a-48fa-8b25-300938c92524/orders/45a62deb-fd08-4bc8-bd59-acfe2120189d"" target=""_blank"" style=""color:  #1463FF"">FF5178731</a>",FF5178731,on_hold,ATLs001,Wild,US889676,11,Medium,2026-06-19,D2C,1
"<a href=""https://shipper.stord.com/distribution_networks/a5d95507-781a-48fa-8b25-300938c92524/items/43eb8922-f2c2-445a-b412-3e91395e0616"" target=""_blank"" style=""color:  #1463FF"">W_ENGRAVED_DEO</a>",W_ENGRAVED_DEO,"<a href=""https://shipper.stord.com/distribution_networks/a5d95507-781a-48fa-8b25-300938c92524/orders/45a62deb-fd08-4bc8-bd59-acfe2120189d"" target=""_blank"" style=""color:  #1463FF"">FF5178731</a>",FF5178731,on_hold,ATLs001,,US889676,10,Medium,2026-06-19,D2C,1
"<a href=""https://shipper.stord.com/distribution_networks/a5d95507-781a-48fa-8b25-300938c92524/items/aa62ff26-9897-4af1-b2f3-e8234168ec75"" target=""_blank"" style=""color:  #1463FF"">WCR02</a>",Coconut & Vanilla Deodorant Refill,"<a href=""https://shipper.stord.com/distribution_networks/a5d95507-781a-48fa-8b25-300938c92524/orders/ac95b20a-1c85-401d-8969-23fbb4ef0478"" target=""_blank"" style=""color:  #1463FF"">FF5182288</a>",FF5182288,backordered,ATLs001,Wild,US890696,2,Medium,2026-06-19,D2C,3
"<a href=""https://shipper.stord.com/distribution_networks/a5d95507-781a-48fa-8b25-300938c92524/items/d8b158fb-c1d8-40c5-b564-4be6d9f56e5c"" target=""_blank"" style=""color:  #1463FF"">WCRS1924</a>",Coconut Cream sens. Deo Refill,"<a href=""https://shipper.stord.com/distribution_networks/a5d95507-781a-48fa-8b25-300938c92524/orders/af7ade76-4a93-4da1-bb63-55d588ad269a"" target=""_blank"" style=""color:  #1463FF"">FF5182766</a>",FF5182766,backordered,ATLs001,Wild,WCS36642,3,Medium,2026-06-19,D2C,1
"<a href=""https://shipper.stord.com/distribution_networks/a5d95507-781a-48fa-8b25-300938c92524/items/899eda61-deef-4d8e-8e3f-3f71d267e9de"" target=""_blank"" style=""color:  #1463FF"">WSRP5229US</a>",Lip Balm US LSF Rose Heart / Summer Berries SRP,"<a href=""https://shipper.stord.com/distribution_networks/a5d95507-781a-48fa-8b25-300938c92524/orders/1d15f925-ac08-4be6-a8eb-11ed257b9014"" target=""_blank"" style=""color:  #1463FF"">FF4988321</a>",FF4988321,backordered,ATLs001,Wild Cosmetics,10001896015-0557,1,Medium,2026-06-18,B2B,9
"<a href=""https://shipper.stord.com/distribution_networks/a5d95507-781a-48fa-8b25-300938c92524/items/ae1403e2-a65d-4646-9cc8-c0b12ff3b3ae"" target=""_blank"" style=""color:  #1463FF"">WSRP5226US</a>",Lip Balm US LSF Rosa Beaux / Brown Sugar & Vanilla SRP,"<a href=""https://shipper.stord.com/distribution_networks/a5d95507-781a-48fa-8b25-300938c92524/orders/1d15f925-ac08-4be6-a8eb-11ed257b9014"" target=""_blank"" style=""color:  #1463FF"">FF4988321</a>",FF4988321,backordered,ATLs001,Wild Cosmetics,10001896015-0557,5,Medium,2026-06-18,B2B,33
"<a href=""https://shipper.stord.com/distribution_networks/a5d95507-781a-48fa-8b25-300938c92524/items/c394aafe-48ac-4986-aa4a-0b2e5530483f"" target=""_blank"" style=""color:  #1463FF"">WSRP5220US</a>",Lip Balm US LSF Sunrise Patchwork / Pear Blossom SRP,"<a href=""https://shipper.stord.com/distribution_networks/a5d95507-781a-48fa-8b25-300938c92524/orders/1d15f925-ac08-4be6-a8eb-11ed257b9014"" target=""_blank"" style=""color:  #1463FF"">FF4988321</a>",FF4988321,backordered,ATLs001,Wild Cosmetics,10001896015-0557,3,Medium,2026-06-18,B2B,28
"<a href=""https://shipper.stord.com/distribution_networks/a5d95507-781a-48fa-8b25-300938c92524/items/899eda61-deef-4d8e-8e3f-3f71d267e9de"" target=""_blank"" style=""color:  #1463FF"">WSRP5229US</a>",Lip Balm US LSF Rose Heart / Summer Berries SRP,"<a href=""https://shipper.stord.com/distribution_networks/a5d95507-781a-48fa-8b25-300938c92524/orders/1d15f925-ac08-4be6-a8eb-11ed257b9014"" target=""_blank"" style=""color:  #1463FF"">FF4988321</a>",FF4988321,backordered,ATLs001,Wild Cosmetics,10001896015-0557,4,Medium,2026-06-18,B2B,19
"<a href=""https://shipper.stord.com/distribution_networks/a5d95507-781a-48fa-8b25-300938c92524/items/3f758860-a93d-479a-b24a-9ad205c28d5d"" target=""_blank"" style=""color:  #1463FF"">WSRP5223US</a>",Lip US LSF Everblooming Rosettes / Hibiscus & Coconut SRP,"<a href=""https://shipper.stord.com/distribution_networks/a5d95507-781a-48fa-8b25-300938c92524/orders/1d15f925-ac08-4be6-a8eb-11ed257b9014"" target=""_blank"" style=""color:  #1463FF"">FF4988321</a>",FF4988321,backordered,ATLs001,Wild Cosmetics,10001896015-0557,2,Medium,2026-06-18,B2B,28
"<a href=""https://shipper.stord.com/distribution_networks/a5d95507-781a-48fa-8b25-300938c92524/items/aa62ff26-9897-4af1-b2f3-e8234168ec75"" target=""_blank"" style=""color:  #1463FF"">WCR02</a>",Coconut & Vanilla Deodorant Refill,"<a href=""https://shipper.stord.com/distribution_networks/a5d95507-781a-48fa-8b25-300938c92524/orders/308a6c79-c397-4094-a095-7cda428c62e1"" target=""_blank"" style=""color:  #1463FF"">FF5087843</a>",FF5087843,backordered,ATLs001,Wild,#5912160,1,Medium,2026-06-18,D2C,1
"<a href=""https://shipper.stord.com/distribution_networks/a5d95507-781a-48fa-8b25-300938c92524/items/1e9075d3-7d58-4f5b-b748-2e7d53b0267b"" target=""_blank"" style=""color:  #1463FF"">WMIN02</a>",Coconut and Vanilla Mini Deodorant,"<a href=""https://shipper.stord.com/distribution_networks/a5d95507-781a-48fa-8b25-300938c92524/orders/65753798-c5fa-4627-b6a1-83074a420cc2"" target=""_blank"" style=""color:  #1463FF"">FF5090170</a>",FF5090170,backordered,ATLs001,Wild,#5912629,1,Medium,2026-06-18,D2C,1
"<a href=""https://shipper.stord.com/distribution_networks/a5d95507-781a-48fa-8b25-300938c92524/items/d8b158fb-c1d8-40c5-b564-4be6d9f56e5c"" target=""_blank"" style=""color:  #1463FF"">WCRS1924</a>",Coconut Cream sens. Deo Refill,"<a href=""https://shipper.stord.com/distribution_networks/a5d95507-781a-48fa-8b25-300938c92524/orders/871e860c-6b9e-4b94-957f-e7188105626a"" target=""_blank"" style=""color:  #1463FF"">FF5173680</a>",FF5173680,backordered,ATLs001,Wild,US888432,1,Medium,2026-06-18,D2C,2
"<a href=""https://shipper.stord.com/distribution_networks/a5d95507-781a-48fa-8b25-300938c92524/items/aa62ff26-9897-4af1-b2f3-e8234168ec75"" target=""_blank"" style=""color:  #1463FF"">WCR02</a>",Coconut & Vanilla Deodorant Refill,"<a href=""https://shipper.stord.com/distribution_networks/a5d95507-781a-48fa-8b25-300938c92524/orders/512faa16-56cf-4f5e-81a5-ecfd4bf9d7e3"" target=""_blank"" style=""color:  #1463FF"">FF5126503</a>",FF5126503,backordered,ATLs001,Wild,#5922784,2,Medium,2026-06-16,D2C,1
"<a href=""https://shipper.stord.com/distribution_networks/a5d95507-781a-48fa-8b25-300938c92524/items/8c838cdf-55d8-4031-92eb-7af7484d8143"" target=""_blank"" style=""color:  #1463FF"">WCRS1752</a>",Summer Breeze Sensitive Deodorant Refill,"<a href=""https://shipper.stord.com/distribution_networks/a5d95507-781a-48fa-8b25-300938c92524/orders/768f7260-6524-41d2-afcc-bb2cb8ba7462"" target=""_blank"" style=""color:  #1463FF"">FF5150425</a>",FF5150425,backordered,ATLs001,Wild,US882099,1,Medium,2026-06-16,D2C,1
"<a href=""https://shipper.stord.com/distribution_networks/a5d95507-781a-48fa-8b25-300938c92524/items/8c838cdf-55d8-4031-92eb-7af7484d8143"" target=""_blank"" style=""color:  #1463FF"">WCRS1752</a>",Summer Breeze Sensitive Deodorant Refill,"<a href=""https://shipper.stord.com/distribution_networks/a5d95507-781a-48fa-8b25-300938c92524/orders/121d3931-527a-49da-9981-42dc578e50b0"" target=""_blank"" style=""color:  #1463FF"">FF5153849</a>",FF5153849,backordered,ATLs001,Wild,US872585R,1,Medium,2026-06-16,D2C,1
"<a href=""https://shipper.stord.com/distribution_networks/a5d95507-781a-48fa-8b25-300938c92524/items/aa62ff26-9897-4af1-b2f3-e8234168ec75"" target=""_blank"" style=""color:  #1463FF"">WCR02</a>",Coconut & Vanilla Deodorant Refill,"<a href=""https://shipper.stord.com/distribution_networks/a5d95507-781a-48fa-8b25-300938c92524/orders/d3e25edd-a091-4de9-bc61-fc32ce5ed0b4"" target=""_blank"" style=""color:  #1463FF"">FF4996101</a>",FF4996101,backordered,ATLs001,Wild,#5881793,6,Medium,2026-06-15,D2C,2
"<a href=""https://shipper.stord.com/distribution_networks/a5d95507-781a-48fa-8b25-300938c92524/items/b8f3565d-5816-473b-8429-3145288ebd0b"" target=""_blank"" style=""color:  #1463FF"">WCR2260</a>",Wildflower Bloom Deo Refill,"<a href=""https://shipper.stord.com/distribution_networks/a5d95507-781a-48fa-8b25-300938c92524/orders/19f5f499-7844-4e04-b01c-fa4d4fdfa24f"" target=""_blank"" style=""color:  #1463FF"">FF5025489</a>",FF5025489,backordered,ATLs001,Wild,US855742,8,Medium,2026-06-02,D2C,6